,group,variable,month,< de 1 año,< de 1 año,1 a menor de 2 años,1 a menor de 2 años,2 a menor de 5 años,2 a menor de 5 años,IMC,IMC,TOTALES,TOTALES,TOTALES
,,,,MASCULINO,FEMENINO,MASCULINO,FEMENINO,MASCULINO,FEMENINO,MUJER EMBARAZADA,____,TOTAL-M,TOTAL-F,TOTAL
municipality,,,,,,,,,,,,,,
AIQUILE,estado nutricional,desnutrida,2008-01-01,0,0,0,0,0,0,1,0,1,0,1
ANTEQUERA,estado nutricional,desnutrida,2008-01-01,0,0,0,0,0,0,1,0,1,0,1
ATOCHA,estado nutricional,desnutrida,2008-01-01,0,0,0,0,0,0,2,0,2,0,2
BERMEJO,estado nutricional,desnutrida,2008-01-01,0,0,0,0,0,0,3,0,3,0,3
CABEZAS,estado nutricional,desnutrida,2008-01-01,0,0,0,0,0,0,1,0,1,0,1
CAJUATA,estado nutricional,desnutrida,2008-01-01,0,0,0,0,0,0,5,0,5,0,5
CALACOTO,estado nutricional,desnutrida,2008-01-01,0,0,0,0,0,0,1,0,1,0,1
CHALLAPATA,estado nutricional,desnutrida,2008-01-01,0,0,0,0,0,0,8,0,8,0,8
COLQUENCHA,estado nutricional,desnutrida,2008-01-01,0,0,0,0,0,0,1,0,1,0,1
COLQUIRI,estado nutricional,desnutrida,2008-01-01,0,0,0,0,0,0,4,0,4,0,4
CURAHUARA DE CARANGAS,estado nutricional,desnutrida,2008-01-01,0,0,0,0,0,0,1,0,1,0,1
EL ALTO,estado nutricional,desnutrida,2008-01-01,0,0,0,0,0,0,68,0,68,0,68
EL CHORO,estado nutricional,desnutrida,2008-01-01,0,0,0,0,0,0,5,0,5,0,5
GRAL. J.J. PEREZ (CHARAZANI),estado nutricional,desnutrida,2008-01-01,0,0,0,0,0,0,1,0,1,0,1
INQUISIVI,estado nutricional,desnutrida,2008-01-01,0,0,0,0,0,0,12,0,12,0,12
JESUS DE MACHACA,estado nutricional,desnutrida,2008-01-01,0,0,0,0,0,0,1,0,1,0,1
LA PAZ,estado nutricional,desnutrida,2008-01-01,0,0,0,0,0,0,32,0,32,0,32
MACHACAMARCA,estado nutricional,desnutrida,2008-01-01,0,0,0,0,0,0,7,0,7,0,7
MORO MORO,estado nutricional,desnutrida,2008-01-01,0,0,0,0,0,0,1,0,1,0,1
ORURO,estado nutricional,desnutrida,2008-01-01,0,0,0,0,0,0,36,0,36,0,36
PAMPA AULLAGAS,estado nutricional,desnutrida,2008-01-01,0,0,0,0,0,0,1,0,1,0,1
PELECHUCO,estado nutricional,desnutrida,2008-01-01,0,0,0,0,0,0,1,0,1,0,1
POCOATA,estado nutricional,desnutrida,2008-01-01,0,0,0,0,0,0,5,0,5,0,5
PUNATA,estado nutricional,desnutrida,2008-01-01,0,0,0,0,0,0,2,0,2,0,2
QUIME,estado nutricional,desnutrida,2008-01-01,0,0,0,0,0,0,14,0,14,0,14
SACABA,estado nutricional,desnutrida,2008-01-01,0,0,0,0,0,0,1,0,1,0,1
SACABAMBA,estado nutricional,desnutrida,2008-01-01,0,0,0,0,0,0,2,0,2,0,2
SAN BORJA,estado nutricional,desnutrida,2008-01-01,0,0,0,0,0,0,1,0,1,0,1
SAN LORENZO(TJA),estado nutricional,desnutrida,2008-01-01,0,0,0,0,0,0,1,0,1,0,1
SAN RAFAEL,estado nutricional,desnutrida,2008-01-01,0,0,0,0,0,0,3,0,3,0,3
SANTA CRUZ DE LA SIERRA,estado nutricional,desnutrida,2008-01-01,0,0,0,0,0,0,6,0,6,0,6
SUCRE,estado nutricional,desnutrida,2008-01-01,0,0,0,0,0,0,9,0,9,0,9
TARABUCO,estado nutricional,desnutrida,2008-01-01,0,0,0,0,0,0,3,0,3,0,3
TARVITA,estado nutricional,desnutrida,2008-01-01,0,0,0,0,0,0,6,0,6,0,6
TINGUIPAYA,estado nutricional,desnutrida,2008-01-01,0,0,0,0,0,0,2,0,2,0,2
TUPIZA,estado nutricional,desnutrida,2008-01-01,0,0,0,0,0,0,4,0,4,0,4
AIQUILE,estado nutricional,desnutrida,2008-02-01,0,0,0,0,0,0,3,0,3,0,3
ANDAMARCA,estado nutricional,desnutrida,2008-02-01,0,0,0,0,0,0,1,0,1,0,1
ANTEQUERA,estado nutricional,desnutrida,2008-02-01,0,0,0,0,0,0,1,0,1,0,1
BATALLAS,estado nutricional,desnutrida,2008-02-01,0,0,0,0,0,0,1,0,1,0,1
CAIROMA,estado nutricional,desnutrida,2008-02-01,0,0,0,0,0,0,4,0,4,0,4
CAJUATA,estado nutricional,desnutrida,2008-02-01,0,0,0,0,0,0,11,0,11,0,11
CALACOTO,estado nutricional,desnutrida,2008-02-01,0,0,0,0,0,0,1,0,1,0,1
CAPINOTA,estado nutricional,desnutrida,2008-02-01,0,0,0,0,0,0,1,0,1,0,1
CAQUIAVIRI,estado nutricional,desnutrida,2008-02-01,0,0,0,0,0,0,1,0,1,0,1
CATACORA,estado nutricional,desnutrida,2008-02-01,0,0,0,0,0,0,1,0,1,0,1
CHALLAPATA,estado nutricional,desnutrida,2008-02-01,0,0,0,0,0,0,9,0,9,0,9
COLOMI,estado nutricional,desnutrida,2008-02-01,0,0,0,0,0,0,5,0,5,0,5
COLQUIRI,estado nutricional,desnutrida,2008-02-01,0,0,0,0,0,0,1,0,1,0,1
CORO CORO,estado nutricional,desnutrida,2008-02-01,0,0,0,0,0,0,4,0,4,0,4
COROICO,estado nutricional,desnutrida,2008-02-01,0,0,0,0,0,0,2,0,2,0,2
CURAHUARA DE CARANGAS,estado nutricional,desnutrida,2008-02-01,0,0,0,0,0,0,1,0,1,0,1
DESAGUADERO,estado nutricional,desnutrida,2008-02-01,0,0,0,0,0,0,11,0,11,0,11
EL ALTO,estado nutricional,desnutrida,2008-02-01,0,0,0,0,0,0,73,0,73,0,73
EL CHORO,estado nutricional,desnutrida,2008-02-01,0,0,0,0,0,0,2,0,2,0,2
ENTRE RIOS,estado nutricional,desnutrida,2008-02-01,0,0,0,0,0,0,1,0,1,0,1
GRAL. J.J. PEREZ (CHARAZANI),estado nutricional,desnutrida,2008-02-01,0,0,0,0,0,0,1,0,1,0,1
HUAYLLAMARCA,estado nutricional,desnutrida,2008-02-01,0,0,0,0,0,0,1,0,1,0,1
INQUISIVI,estado nutricional,desnutrida,2008-02-01,0,0,0,0,0,0,8,0,8,0,8
JESUS DE MACHACA,estado nutricional,desnutrida,2008-02-01,0,0,0,0,0,0,2,0,2,0,2
LA PAZ,estado nutricional,desnutrida,2008-02-01,0,0,0,0,0,0,30,0,30,0,30
LAJA,estado nutricional,desnutrida,2008-02-01,0,0,0,0,0,0,6,0,6,0,6
LICOMA PAMPA,estado nutricional,desnutrida,2008-02-01,0,0,0,0,0,0,1,0,1,0,1
MACHACAMARCA,estado nutricional,desnutrida,2008-02-01,0,0,0,0,0,0,4,0,4,0,4
MECAPACA,estado nutricional,desnutrida,2008-02-01,0,0,0,0,0,0,7,0,7,0,7
MOJOCOYA,estado nutricional,desnutrida,2008-02-01,0,0,0,0,0,0,3,0,3,0,3
ORURO,estado nutricional,desnutrida,2008-02-01,0,0,0,0,0,0,13,0,13,0,13
POCOATA,estado nutricional,desnutrida,2008-02-01,0,0,0,0,0,0,2,0,2,0,2
PUCARANI,estado nutricional,desnutrida,2008-02-01,0,0,0,0,0,0,4,0,4,0,4
PUERTO VILLARROEL,estado nutricional,desnutrida,2008-02-01,0,0,0,0,0,0,1,0,1,0,1
PUNATA,estado nutricional,desnutrida,2008-02-01,0,0,0,0,0,0,3,0,3,0,3
QUIME,estado nutricional,desnutrida,2008-02-01,0,0,0,0,0,0,4,0,4,0,4
RIBERALTA,estado nutricional,desnutrida,2008-02-01,0,0,0,0,0,0,1,0,1,0,1
SACABA,estado nutricional,desnutrida,2008-02-01,0,0,0,0,0,0,4,0,4,0,4
SAN BORJA,estado nutricional,desnutrida,2008-02-01,0,0,0,0,0,0,4,0,4,0,4
SAN IGNACIO DE VELASCO,estado nutricional,desnutrida,2008-02-01,0,0,0,0,0,0,2,0,2,0,2
SAN LORENZO(TJA),estado nutricional,desnutrida,2008-02-01,0,0,0,0,0,0,1,0,1,0,1
SAN RAFAEL,estado nutricional,desnutrida,2008-02-01,0,0,0,0,0,0,1,0,1,0,1
SANTA CRUZ DE LA SIERRA,estado nutricional,desnutrida,2008-02-01,0,0,0,0,0,0,1,0,1,0,1
SORACACHI,estado nutricional,desnutrida,2008-02-01,0,0,0,0,0,0,4,0,4,0,4
SUCRE,estado nutricional,desnutrida,2008-02-01,0,0,0,0,0,0,24,0,24,0,24
TAPACARI,estado nutricional,desnutrida,2008-02-01,0,0,0,0,0,0,1,0,1,0,1
TARABUCO,estado nutricional,desnutrida,2008-02-01,0,0,0,0,0,0,2,0,2,0,2
TARVITA,estado nutricional,desnutrida,2008-02-01,0,0,0,0,0,0,7,0,7,0,7
TIAWANACU,estado nutricional,desnutrida,2008-02-01,0,0,0,0,0,0,1,0,1,0,1
TINGUIPAYA,estado nutricional,desnutrida,2008-02-01,0,0,0,0,0,0,4,0,4,0,4
TUPIZA,estado nutricional,desnutrida,2008-02-01,0,0,0,0,0,0,1,0,1,0,1
VIACHA,estado nutricional,desnutrida,2008-02-01,0,0,0,0,0,0,3,0,3,0,3
VILLA MONTES,estado nutricional,desnutrida,2008-02-01,0,0,0,0,0,0,1,0,1,0,1
ACHACACHI,estado nutricional,desnutrida,2008-03-01,0,0,0,0,0,0,1,0,1,0,1
AIQUILE,estado nutricional,desnutrida,2008-03-01,0,0,0,0,0,0,12,0,12,0,12
BATALLAS,estado nutricional,desnutrida,2008-03-01,0,0,0,0,0,0,10,0,10,0,10
CAJUATA,estado nutricional,desnutrida,2008-03-01,0,0,0,0,0,0,4,0,4,0,4
CALACOTO,estado nutricional,desnutrida,2008-03-01,0,0,0,0,0,0,3,0,3,0,3
CALAMARCA,estado nutricional,desnutrida,2008-03-01,0,0,0,0,0,0,1,0,1,0,1
CARACOLLO,estado nutricional,desnutrida,2008-03-01,0,0,0,0,0,0,14,0,14,0,14
CHALLAPATA,estado nutricional,desnutrida,2008-03-01,0,0,0,0,0,0,3,0,3,0,3
COCHABAMBA,estado nutricional,desnutrida,2008-03-01,0,0,0,0,0,0,8,0,8,0,8
COLOMI,estado nutricional,desnutrida,2008-03-01,0,0,0,0,0,0,6,0,6,0,6
COLQUENCHA,estado nutricional,desnutrida,2008-03-01,0,0,0,0,0,0,1,0,1,0,1
COLQUIRI,estado nutricional,desnutrida,2008-03-01,0,0,0,0,0,0,7,0,7,0,7
CORO CORO,estado nutricional,desnutrida,2008-03-01,0,0,0,0,0,0,9,0,9,0,9
CORQUE,estado nutricional,desnutrida,2008-03-01,0,0,0,0,0,0,1,0,1,0,1
CURAHUARA DE CARANGAS,estado nutricional,desnutrida,2008-03-01,0,0,0,0,0,0,1,0,1,0,1
EL ALTO,estado nutricional,desnutrida,2008-03-01,0,0,0,0,0,0,95,0,95,0,95
ESCARA,estado nutricional,desnutrida,2008-03-01,0,0,0,0,0,0,1,0,1,0,1
EUCALIPTUS,estado nutricional,desnutrida,2008-03-01,0,0,0,0,0,0,2,0,2,0,2
HUACARETA,estado nutricional,desnutrida,2008-03-01,0,0,0,0,0,0,1,0,1,0,1
INQUISIVI,estado nutricional,desnutrida,2008-03-01,0,0,0,0,0,0,14,0,14,0,14
JESUS DE MACHACA,estado nutricional,desnutrida,2008-03-01,0,0,0,0,0,0,3,0,3,0,3
LA PAZ,estado nutricional,desnutrida,2008-03-01,0,0,0,0,0,0,44,0,44,0,44
LAJA,estado nutricional,desnutrida,2008-03-01,0,0,0,0,0,0,1,0,1,0,1
MACHACAMARCA,estado nutricional,desnutrida,2008-03-01,0,0,0,0,0,0,6,0,6,0,6
MACHARETI,estado nutricional,desnutrida,2008-03-01,0,0,0,0,0,0,3,0,3,0,3
MOCOMOCO,estado nutricional,desnutrida,2008-03-01,0,0,0,0,0,0,3,0,3,0,3
NAZACARA DE PACAJES,estado nutricional,desnutrida,2008-03-01,0,0,0,0,0,0,1,0,1,0,1
OCURI,estado nutricional,desnutrida,2008-03-01,0,0,0,0,0,0,6,0,6,0,6
ORURO,estado nutricional,desnutrida,2008-03-01,0,0,0,0,0,0,30,0,30,0,30
PADCAYA,estado nutricional,desnutrida,2008-03-01,0,0,0,0,0,0,1,0,1,0,1
PAMPA AULLAGAS,estado nutricional,desnutrida,2008-03-01,0,0,0,0,0,0,2,0,2,0,2
PAZÑA,estado nutricional,desnutrida,2008-03-01,0,0,0,0,0,0,1,0,1,0,1
PUERTO VILLARROEL,estado nutricional,desnutrida,2008-03-01,0,0,0,0,0,0,1,0,1,0,1
QUIME,estado nutricional,desnutrida,2008-03-01,0,0,0,0,0,0,2,0,2,0,2
RIBERALTA,estado nutricional,desnutrida,2008-03-01,0,0,0,0,0,0,1,0,1,0,1
SACABA,estado nutricional,desnutrida,2008-03-01,0,0,0,0,0,0,12,0,12,0,12
SACABAMBA,estado nutricional,desnutrida,2008-03-01,0,0,0,0,0,0,1,0,1,0,1
SALINAS DE GARCI MENDOZA,estado nutricional,desnutrida,2008-03-01,0,0,0,0,0,0,2,0,2,0,2
SAN BORJA,estado nutricional,desnutrida,2008-03-01,0,0,0,0,0,0,7,0,7,0,7
SAN IGNACIO DE VELASCO,estado nutricional,desnutrida,2008-03-01,0,0,0,0,0,0,7,0,7,0,7
SAN LORENZO(TJA),estado nutricional,desnutrida,2008-03-01,0,0,0,0,0,0,1,0,1,0,1
SAN LUCAS,estado nutricional,desnutrida,2008-03-01,0,0,0,0,0,0,2,0,2,0,2
SANTA CRUZ DE LA SIERRA,estado nutricional,desnutrida,2008-03-01,0,0,0,0,0,0,3,0,3,0,3
SANTIAGO DE HUARI,estado nutricional,desnutrida,2008-03-01,0,0,0,0,0,0,1,0,1,0,1
SANTIAGO DE MACHACA,estado nutricional,desnutrida,2008-03-01,0,0,0,0,0,0,5,0,5,0,5
SAPAHAQUI,estado nutricional,desnutrida,2008-03-01,0,0,0,0,0,0,1,0,1,0,1
SORACACHI,estado nutricional,desnutrida,2008-03-01,0,0,0,0,0,0,2,0,2,0,2
SUCRE,estado nutricional,desnutrida,2008-03-01,0,0,0,0,0,0,16,0,16,0,16
TACOPAYA,estado nutricional,desnutrida,2008-03-01,0,0,0,0,0,0,1,0,1,0,1
TIAWANACU,estado nutricional,desnutrida,2008-03-01,0,0,0,0,0,0,1,0,1,0,1
TINGUIPAYA,estado nutricional,desnutrida,2008-03-01,0,0,0,0,0,0,1,0,1,0,1
TORO TORO,estado nutricional,desnutrida,2008-03-01,0,0,0,0,0,0,2,0,2,0,2
TUPIZA,estado nutricional,desnutrida,2008-03-01,0,0,0,0,0,0,2,0,2,0,2
YACO,estado nutricional,desnutrida,2008-03-01,0,0,0,0,0,0,1,0,1,0,1
ACHACACHI,estado nutricional,desnutrida,2008-04-01,0,0,0,0,0,0,1,0,1,0,1
AIQUILE,estado nutricional,desnutrida,2008-04-01,0,0,0,0,0,0,10,0,10,0,10
APOLO,estado nutricional,desnutrida,2008-04-01,0,0,0,0,0,0,9,0,9,0,9
ARQUE,estado nutricional,desnutrida,2008-04-01,0,0,0,0,0,0,2,0,2,0,2
BATALLAS,estado nutricional,desnutrida,2008-04-01,0,0,0,0,0,0,12,0,12,0,12
BERMEJO,estado nutricional,desnutrida,2008-04-01,0,0,0,0,0,0,2,0,2,0,2
CAIROMA,estado nutricional,desnutrida,2008-04-01,0,0,0,0,0,0,1,0,1,0,1
CAJUATA,estado nutricional,desnutrida,2008-04-01,0,0,0,0,0,0,7,0,7,0,7
CALACOTO,estado nutricional,desnutrida,2008-04-01,0,0,0,0,0,0,5,0,5,0,5
CALAMARCA,estado nutricional,desnutrida,2008-04-01,0,0,0,0,0,0,3,0,3,0,3
CAPINOTA,estado nutricional,desnutrida,2008-04-01,0,0,0,0,0,0,8,0,8,0,8
CARACOLLO,estado nutricional,desnutrida,2008-04-01,0,0,0,0,0,0,13,0,13,0,13
CHALLAPATA,estado nutricional,desnutrida,2008-04-01,0,0,0,0,0,0,20,0,20,0,20
CHIPAYA,estado nutricional,desnutrida,2008-04-01,0,0,0,0,0,0,2,0,2,0,2
COCHABAMBA,estado nutricional,desnutrida,2008-04-01,0,0,0,0,0,0,18,0,18,0,18
COLOMI,estado nutricional,desnutrida,2008-04-01,0,0,0,0,0,0,11,0,11,0,11
COMANCHE,estado nutricional,desnutrida,2008-04-01,0,0,0,0,0,0,4,0,4,0,4
COPACABANA,estado nutricional,desnutrida,2008-04-01,0,0,0,0,0,0,1,0,1,0,1
CORO CORO,estado nutricional,desnutrida,2008-04-01,0,0,0,0,0,0,11,0,11,0,11
CURAHUARA DE CARANGAS,estado nutricional,desnutrida,2008-04-01,0,0,0,0,0,0,7,0,7,0,7
EL ALTO,estado nutricional,desnutrida,2008-04-01,0,0,0,0,0,0,66,0,66,0,66
EL CHORO,estado nutricional,desnutrida,2008-04-01,0,0,0,0,0,0,2,0,2,0,2
ENTRE RIOS,estado nutricional,desnutrida,2008-04-01,0,0,0,0,0,0,1,0,1,0,1
EUCALIPTUS,estado nutricional,desnutrida,2008-04-01,0,0,0,0,0,0,4,0,4,0,4
HUACARETA,estado nutricional,desnutrida,2008-04-01,0,0,0,0,0,0,2,0,2,0,2
HUACHACALLA,estado nutricional,desnutrida,2008-04-01,0,0,0,0,0,0,1,0,1,0,1
HUANUNI,estado nutricional,desnutrida,2008-04-01,0,0,0,0,0,0,3,0,3,0,3
INQUISIVI,estado nutricional,desnutrida,2008-04-01,0,0,0,0,0,0,4,0,4,0,4
JESUS DE MACHACA,estado nutricional,desnutrida,2008-04-01,0,0,0,0,0,0,1,0,1,0,1
LA PAZ,estado nutricional,desnutrida,2008-04-01,0,0,0,0,0,0,50,0,50,0,50
MACHACAMARCA,estado nutricional,desnutrida,2008-04-01,0,0,0,0,0,0,5,0,5,0,5
MACHARETI,estado nutricional,desnutrida,2008-04-01,0,0,0,0,0,0,6,0,6,0,6
MOCOMOCO,estado nutricional,desnutrida,2008-04-01,0,0,0,0,0,0,3,0,3,0,3
OCURI,estado nutricional,desnutrida,2008-04-01,0,0,0,0,0,0,1,0,1,0,1
OMEREQUE,estado nutricional,desnutrida,2008-04-01,0,0,0,0,0,0,2,0,2,0,2
ORURO,estado nutricional,desnutrida,2008-04-01,0,0,0,0,0,0,33,0,33,0,33
PADCAYA,estado nutricional,desnutrida,2008-04-01,0,0,0,0,0,0,1,0,1,0,1
PAMPA AULLAGAS,estado nutricional,desnutrida,2008-04-01,0,0,0,0,0,0,3,0,3,0,3
POOPO,estado nutricional,desnutrida,2008-04-01,0,0,0,0,0,0,1,0,1,0,1
POROMA,estado nutricional,desnutrida,2008-04-01,0,0,0,0,0,0,3,0,3,0,3
PORTACHUELO,estado nutricional,desnutrida,2008-04-01,0,0,0,0,0,0,1,0,1,0,1
PUCARANI,estado nutricional,desnutrida,2008-04-01,0,0,0,0,0,0,4,0,4,0,4
PUERTO CARABUCO,estado nutricional,desnutrida,2008-04-01,0,0,0,0,0,0,1,0,1,0,1
PUERTO VILLARROEL,estado nutricional,desnutrida,2008-04-01,0,0,0,0,0,0,1,0,1,0,1
PUNATA,estado nutricional,desnutrida,2008-04-01,0,0,0,0,0,0,1,0,1,0,1
QUILLACOLLO,estado nutricional,desnutrida,2008-04-01,0,0,0,0,0,0,2,0,2,0,2
QUIME,estado nutricional,desnutrida,2008-04-01,0,0,0,0,0,0,5,0,5,0,5
RIBERALTA,estado nutricional,desnutrida,2008-04-01,0,0,0,0,0,0,7,0,7,0,7
SACABA,estado nutricional,desnutrida,2008-04-01,0,0,0,0,0,0,25,0,25,0,25
SALINAS DE GARCI MENDOZA,estado nutricional,desnutrida,2008-04-01,0,0,0,0,0,0,2,0,2,0,2
SAN BORJA,estado nutricional,desnutrida,2008-04-01,0,0,0,0,0,0,5,0,5,0,5
SAN IGNACIO DE VELASCO,estado nutricional,desnutrida,2008-04-01,0,0,0,0,0,0,7,0,7,0,7
SAN RAFAEL,estado nutricional,desnutrida,2008-04-01,0,0,0,0,0,0,5,0,5,0,5
SANTA CRUZ DE LA SIERRA,estado nutricional,desnutrida,2008-04-01,0,0,0,0,0,0,3,0,3,0,3
SANTIAGO DE HUARI,estado nutricional,desnutrida,2008-04-01,0,0,0,0,0,0,1,0,1,0,1
SANTIVAÑES,estado nutricional,desnutrida,2008-04-01,0,0,0,0,0,0,6,0,6,0,6
SAPAHAQUI,estado nutricional,desnutrida,2008-04-01,0,0,0,0,0,0,1,0,1,0,1
SICA SICA (VILLA AROMA),estado nutricional,desnutrida,2008-04-01,0,0,0,0,0,0,1,0,1,0,1
SORACACHI,estado nutricional,desnutrida,2008-04-01,0,0,0,0,0,0,2,0,2,0,2
SUCRE,estado nutricional,desnutrida,2008-04-01,0,0,0,0,0,0,16,0,16,0,16
TACOPAYA,estado nutricional,desnutrida,2008-04-01,0,0,0,0,0,0,2,0,2,0,2
TAPACARI,estado nutricional,desnutrida,2008-04-01,0,0,0,0,0,0,1,0,1,0,1
TARABUCO,estado nutricional,desnutrida,2008-04-01,0,0,0,0,0,0,2,0,2,0,2
TIAWANACU,estado nutricional,desnutrida,2008-04-01,0,0,0,0,0,0,2,0,2,0,2
TINGUIPAYA,estado nutricional,desnutrida,2008-04-01,0,0,0,0,0,0,3,0,3,0,3
TORO TORO,estado nutricional,desnutrida,2008-04-01,0,0,0,0,0,0,2,0,2,0,2
TRINIDAD,estado nutricional,desnutrida,2008-04-01,0,0,0,0,0,0,14,0,14,0,14
TUPIZA,estado nutricional,desnutrida,2008-04-01,0,0,0,0,0,0,4,0,4,0,4
WARNES,estado nutricional,desnutrida,2008-04-01,0,0,0,0,0,0,3,0,3,0,3
YACO,estado nutricional,desnutrida,2008-04-01,0,0,0,0,0,0,2,0,2,0,2
YAPACANI,estado nutricional,desnutrida,2008-04-01,0,0,0,0,0,0,2,0,2,0,2
AIQUILE,estado nutricional,desnutrida,2008-05-01,0,0,0,0,0,0,14,0,14,0,14
ARQUE,estado nutricional,desnutrida,2008-05-01,0,0,0,0,0,0,2,0,2,0,2
ATOCHA,estado nutricional,desnutrida,2008-05-01,0,0,0,0,0,0,3,0,3,0,3
BATALLAS,estado nutricional,desnutrida,2008-05-01,0,0,0,0,0,0,5,0,5,0,5
BERMEJO,estado nutricional,desnutrida,2008-05-01,0,0,0,0,0,0,1,0,1,0,1
CAIROMA,estado nutricional,desnutrida,2008-05-01,0,0,0,0,0,0,2,0,2,0,2
CAJUATA,estado nutricional,desnutrida,2008-05-01,0,0,0,0,0,0,6,0,6,0,6
CAPINOTA,estado nutricional,desnutrida,2008-05-01,0,0,0,0,0,0,4,0,4,0,4
CAQUIAVIRI,estado nutricional,desnutrida,2008-05-01,0,0,0,0,0,0,1,0,1,0,1
CARACOLLO,estado nutricional,desnutrida,2008-05-01,0,0,0,0,0,0,6,0,6,0,6
CARAPARI,estado nutricional,desnutrida,2008-05-01,0,0,0,0,0,0,1,0,1,0,1
CATACORA,estado nutricional,desnutrida,2008-05-01,0,0,0,0,0,0,5,0,5,0,5
CHALLAPATA,estado nutricional,desnutrida,2008-05-01,0,0,0,0,0,0,14,0,14,0,14
CHIPAYA,estado nutricional,desnutrida,2008-05-01,0,0,0,0,0,0,1,0,1,0,1
COCHABAMBA,estado nutricional,desnutrida,2008-05-01,0,0,0,0,0,0,3,0,3,0,3
COLOMI,estado nutricional,desnutrida,2008-05-01,0,0,0,0,0,0,4,0,4,0,4
COLQUENCHA,estado nutricional,desnutrida,2008-05-01,0,0,0,0,0,0,5,0,5,0,5
CORO CORO,estado nutricional,desnutrida,2008-05-01,0,0,0,0,0,0,8,0,8,0,8
COROICO,estado nutricional,desnutrida,2008-05-01,0,0,0,0,0,0,2,0,2,0,2
CURAHUARA DE CARANGAS,estado nutricional,desnutrida,2008-05-01,0,0,0,0,0,0,7,0,7,0,7
DESAGUADERO,estado nutricional,desnutrida,2008-05-01,0,0,0,0,0,0,1,0,1,0,1
EL ALTO,estado nutricional,desnutrida,2008-05-01,0,0,0,0,0,0,88,0,88,0,88
EL CHORO,estado nutricional,desnutrida,2008-05-01,0,0,0,0,0,0,1,0,1,0,1
EL PUENTE(STC),estado nutricional,desnutrida,2008-05-01,0,0,0,0,0,0,3,0,3,0,3
ENTRE RIOS,estado nutricional,desnutrida,2008-05-01,0,0,0,0,0,0,6,0,6,0,6
EUCALIPTUS,estado nutricional,desnutrida,2008-05-01,0,0,0,0,0,0,3,0,3,0,3
HUACARETA,estado nutricional,desnutrida,2008-05-01,0,0,0,0,0,0,1,0,1,0,1
INQUISIVI,estado nutricional,desnutrida,2008-05-01,0,0,0,0,0,0,4,0,4,0,4
JESUS DE MACHACA,estado nutricional,desnutrida,2008-05-01,0,0,0,0,0,0,4,0,4,0,4
LA PAZ,estado nutricional,desnutrida,2008-05-01,0,0,0,0,0,0,87,0,87,0,87
LAJA,estado nutricional,desnutrida,2008-05-01,0,0,0,0,0,0,1,0,1,0,1
MACHACAMARCA,estado nutricional,desnutrida,2008-05-01,0,0,0,0,0,0,3,0,3,0,3
MACHARETI,estado nutricional,desnutrida,2008-05-01,0,0,0,0,0,0,3,0,3,0,3
MOCOMOCO,estado nutricional,desnutrida,2008-05-01,0,0,0,0,0,0,1,0,1,0,1
ORURO,estado nutricional,desnutrida,2008-05-01,0,0,0,0,0,0,30,0,30,0,30
PAMPA AULLAGAS,estado nutricional,desnutrida,2008-05-01,0,0,0,0,0,0,1,0,1,0,1
PAZÑA,estado nutricional,desnutrida,2008-05-01,0,0,0,0,0,0,5,0,5,0,5
POCOATA,estado nutricional,desnutrida,2008-05-01,0,0,0,0,0,0,7,0,7,0,7
POROMA,estado nutricional,desnutrida,2008-05-01,0,0,0,0,0,0,1,0,1,0,1
POTOSI,estado nutricional,desnutrida,2008-05-01,0,0,0,0,0,0,3,0,3,0,3
PUCARANI,estado nutricional,desnutrida,2008-05-01,0,0,0,0,0,0,4,0,4,0,4
PUERTO VILLARROEL,estado nutricional,desnutrida,2008-05-01,0,0,0,0,0,0,3,0,3,0,3
PUNA,estado nutricional,desnutrida,2008-05-01,0,0,0,0,0,0,5,0,5,0,5
QUILLACOLLO,estado nutricional,desnutrida,2008-05-01,0,0,0,0,0,0,1,0,1,0,1
QUIME,estado nutricional,desnutrida,2008-05-01,0,0,0,0,0,0,1,0,1,0,1
RIBERALTA,estado nutricional,desnutrida,2008-05-01,0,0,0,0,0,0,7,0,7,0,7
SACABA,estado nutricional,desnutrida,2008-05-01,0,0,0,0,0,0,29,0,29,0,29
SALINAS DE GARCI MENDOZA,estado nutricional,desnutrida,2008-05-01,0,0,0,0,0,0,3,0,3,0,3
SAN IGNACIO,estado nutricional,desnutrida,2008-05-01,0,0,0,0,0,0,1,0,1,0,1
SAN MIGUEL DE VELASCO,estado nutricional,desnutrida,2008-05-01,0,0,0,0,0,0,1,0,1,0,1
SAN RAFAEL,estado nutricional,desnutrida,2008-05-01,0,0,0,0,0,0,1,0,1,0,1
SANTA CRUZ DE LA SIERRA,estado nutricional,desnutrida,2008-05-01,0,0,0,0,0,0,0,0,0,0,0
SANTIVAÑES,estado nutricional,desnutrida,2008-05-01,0,0,0,0,0,0,1,0,1,0,1
SAPAHAQUI,estado nutricional,desnutrida,2008-05-01,0,0,0,0,0,0,2,0,2,0,2
SORACACHI,estado nutricional,desnutrida,2008-05-01,0,0,0,0,0,0,1,0,1,0,1
SUCRE,estado nutricional,desnutrida,2008-05-01,0,0,0,0,0,0,12,0,12,0,12
TAPACARI,estado nutricional,desnutrida,2008-05-01,0,0,0,0,0,0,5,0,5,0,5
TARABUCO,estado nutricional,desnutrida,2008-05-01,0,0,0,0,0,0,3,0,3,0,3
TARVITA,estado nutricional,desnutrida,2008-05-01,0,0,0,0,0,0,6,0,6,0,6
TINGUIPAYA,estado nutricional,desnutrida,2008-05-01,0,0,0,0,0,0,5,0,5,0,5
TIQUIPAYA,estado nutricional,desnutrida,2008-05-01,0,0,0,0,0,0,1,0,1,0,1
TUPIZA,estado nutricional,desnutrida,2008-05-01,0,0,0,0,0,0,4,0,4,0,4
VACAS,estado nutricional,desnutrida,2008-05-01,0,0,0,0,0,0,1,0,1,0,1
VILA VILA,estado nutricional,desnutrida,2008-05-01,0,0,0,0,0,0,1,0,1,0,1
YACO,estado nutricional,desnutrida,2008-05-01,0,0,0,0,0,0,8,0,8,0,8
YAPACANI,estado nutricional,desnutrida,2008-05-01,0,0,0,0,0,0,3,0,3,0,3
YOCALLA,estado nutricional,desnutrida,2008-05-01,0,0,0,0,0,0,1,0,1,0,1
AIQUILE,estado nutricional,desnutrida,2008-06-01,0,0,0,0,0,0,51,0,51,0,51
APOLO,estado nutricional,desnutrida,2008-06-01,0,0,0,0,0,0,10,0,10,0,10
ARQUE,estado nutricional,desnutrida,2008-06-01,0,0,0,0,0,0,8,0,8,0,8
AYO AYO,estado nutricional,desnutrida,2008-06-01,0,0,0,0,0,0,1,0,1,0,1
AYOPAYA (V. DE INDEPENDENCIA),estado nutricional,desnutrida,2008-06-01,0,0,0,0,0,0,1,0,1,0,1
BATALLAS,estado nutricional,desnutrida,2008-06-01,0,0,0,0,0,0,3,0,3,0,3
BERMEJO,estado nutricional,desnutrida,2008-06-01,0,0,0,0,0,0,4,0,4,0,4
BETANZOS,estado nutricional,desnutrida,2008-06-01,0,0,0,0,0,0,2,0,2,0,2
CAIROMA,estado nutricional,desnutrida,2008-06-01,0,0,0,0,0,0,1,0,1,0,1
CAJUATA,estado nutricional,desnutrida,2008-06-01,0,0,0,0,0,0,2,0,2,0,2
CALACOTO,estado nutricional,desnutrida,2008-06-01,0,0,0,0,0,0,2,0,2,0,2
CALAMARCA,estado nutricional,desnutrida,2008-06-01,0,0,0,0,0,0,5,0,5,0,5
CARACOLLO,estado nutricional,desnutrida,2008-06-01,0,0,0,0,0,0,2,0,2,0,2
CATACORA,estado nutricional,desnutrida,2008-06-01,0,0,0,0,0,0,5,0,5,0,5
CHALLAPATA,estado nutricional,desnutrida,2008-06-01,0,0,0,0,0,0,10,0,10,0,10
COBIJA,estado nutricional,desnutrida,2008-06-01,0,0,0,0,0,0,12,0,12,0,12
COCHABAMBA,estado nutricional,desnutrida,2008-06-01,0,0,0,0,0,0,22,0,22,0,22
COLOMI,estado nutricional,desnutrida,2008-06-01,0,0,0,0,0,0,4,0,4,0,4
COMANCHE,estado nutricional,desnutrida,2008-06-01,0,0,0,0,0,0,1,0,1,0,1
COPACABANA,estado nutricional,desnutrida,2008-06-01,0,0,0,0,0,0,3,0,3,0,3
CORO CORO,estado nutricional,desnutrida,2008-06-01,0,0,0,0,0,0,5,0,5,0,5
COROICO,estado nutricional,desnutrida,2008-06-01,0,0,0,0,0,0,6,0,6,0,6
CURAHUARA DE CARANGAS,estado nutricional,desnutrida,2008-06-01,0,0,0,0,0,0,2,0,2,0,2
EL ALTO,estado nutricional,desnutrida,2008-06-01,0,0,0,0,0,0,50,0,50,0,50
EL CHORO,estado nutricional,desnutrida,2008-06-01,0,0,0,0,0,0,1,0,1,0,1
ENTRE RIOS,estado nutricional,desnutrida,2008-06-01,0,0,0,0,0,0,2,0,2,0,2
ENTRE RIOS,estado nutricional,desnutrida,2008-06-01,0,0,0,0,0,0,3,0,3,0,3
EUCALIPTUS,estado nutricional,desnutrida,2008-06-01,0,0,0,0,0,0,2,0,2,0,2
FERNANDEZ ALONSO,estado nutricional,desnutrida,2008-06-01,0,0,0,0,0,0,3,0,3,0,3
INQUISIVI,estado nutricional,desnutrida,2008-06-01,0,0,0,0,0,0,5,0,5,0,5
JESUS DE MACHACA,estado nutricional,desnutrida,2008-06-01,0,0,0,0,0,0,3,0,3,0,3
LA PAZ,estado nutricional,desnutrida,2008-06-01,0,0,0,0,0,0,82,0,82,0,82
LAJA,estado nutricional,desnutrida,2008-06-01,0,0,0,0,0,0,7,0,7,0,7
MACHACAMARCA,estado nutricional,desnutrida,2008-06-01,0,0,0,0,0,0,3,0,3,0,3
MACHARETI,estado nutricional,desnutrida,2008-06-01,0,0,0,0,0,0,2,0,2,0,2
MIZQUE,estado nutricional,desnutrida,2008-06-01,0,0,0,0,0,0,3,0,3,0,3
MOCOMOCO,estado nutricional,desnutrida,2008-06-01,0,0,0,0,0,0,3,0,3,0,3
ORURO,estado nutricional,desnutrida,2008-06-01,0,0,0,0,0,0,34,0,34,0,34
PAZÑA,estado nutricional,desnutrida,2008-06-01,0,0,0,0,0,0,5,0,5,0,5
POCOATA,estado nutricional,desnutrida,2008-06-01,0,0,0,0,0,0,19,0,19,0,19
POTOSI,estado nutricional,desnutrida,2008-06-01,0,0,0,0,0,0,5,0,5,0,5
PUCARANI,estado nutricional,desnutrida,2008-06-01,0,0,0,0,0,0,1,0,1,0,1
PUERTO CARABUCO,estado nutricional,desnutrida,2008-06-01,0,0,0,0,0,0,2,0,2,0,2
PUERTO VILLARROEL,estado nutricional,desnutrida,2008-06-01,0,0,0,0,0,0,4,0,4,0,4
PUNA,estado nutricional,desnutrida,2008-06-01,0,0,0,0,0,0,3,0,3,0,3
QUILLACOLLO,estado nutricional,desnutrida,2008-06-01,0,0,0,0,0,0,1,0,1,0,1
QUIME,estado nutricional,desnutrida,2008-06-01,0,0,0,0,0,0,1,0,1,0,1
RIBERALTA,estado nutricional,desnutrida,2008-06-01,0,0,0,0,0,0,7,0,7,0,7
SABAYA,estado nutricional,desnutrida,2008-06-01,0,0,0,0,0,0,1,0,1,0,1
SACABA,estado nutricional,desnutrida,2008-06-01,0,0,0,0,0,0,19,0,19,0,19
SALINAS DE GARCI MENDOZA,estado nutricional,desnutrida,2008-06-01,0,0,0,0,0,0,4,0,4,0,4
SAN ANTONIO DE ESMORUCO,estado nutricional,desnutrida,2008-06-01,0,0,0,0,0,0,1,0,1,0,1
SAN BENITO,estado nutricional,desnutrida,2008-06-01,0,0,0,0,0,0,1,0,1,0,1
SAN IGNACIO DE VELASCO,estado nutricional,desnutrida,2008-06-01,0,0,0,0,0,0,3,0,3,0,3
SAN LORENZO(TJA),estado nutricional,desnutrida,2008-06-01,0,0,0,0,0,0,2,0,2,0,2
SAN MIGUEL DE VELASCO,estado nutricional,desnutrida,2008-06-01,0,0,0,0,0,0,2,0,2,0,2
SAN RAFAEL,estado nutricional,desnutrida,2008-06-01,0,0,0,0,0,0,4,0,4,0,4
SANTA CRUZ DE LA SIERRA,estado nutricional,desnutrida,2008-06-01,0,0,0,0,0,0,0,0,0,0,0
SAPAHAQUI,estado nutricional,desnutrida,2008-06-01,0,0,0,0,0,0,4,0,4,0,4
SORACACHI,estado nutricional,desnutrida,2008-06-01,0,0,0,0,0,0,3,0,3,0,3
SUCRE,estado nutricional,desnutrida,2008-06-01,0,0,0,0,0,0,17,0,17,0,17
TAPACARI,estado nutricional,desnutrida,2008-06-01,0,0,0,0,0,0,5,0,5,0,5
TARVITA,estado nutricional,desnutrida,2008-06-01,0,0,0,0,0,0,5,0,5,0,5
TIAWANACU,estado nutricional,desnutrida,2008-06-01,0,0,0,0,0,0,1,0,1,0,1
TINGUIPAYA,estado nutricional,desnutrida,2008-06-01,0,0,0,0,0,0,2,0,2,0,2
TUPIZA,estado nutricional,desnutrida,2008-06-01,0,0,0,0,0,0,7,0,7,0,7
TURCO,estado nutricional,desnutrida,2008-06-01,0,0,0,0,0,0,1,0,1,0,1
VACAS,estado nutricional,desnutrida,2008-06-01,0,0,0,0,0,0,1,0,1,0,1
VILLA NUEVA (LOMA ALTA),estado nutricional,desnutrida,2008-06-01,0,0,0,0,0,0,1,0,1,0,1
VILLA SERRANO,estado nutricional,desnutrida,2008-06-01,0,0,0,0,0,0,1,0,1,0,1
YACO,estado nutricional,desnutrida,2008-06-01,0,0,0,0,0,0,3,0,3,0,3
YAPACANI,estado nutricional,desnutrida,2008-06-01,0,0,0,0,0,0,1,0,1,0,1
YOCALLA,estado nutricional,desnutrida,2008-06-01,0,0,0,0,0,0,1,0,1,0,1
AIQUILE,estado nutricional,desnutrida,2008-07-01,0,0,0,0,0,0,85,0,85,0,85
ANDAMARCA,estado nutricional,desnutrida,2008-07-01,0,0,0,0,0,0,1,0,1,0,1
APOLO,estado nutricional,desnutrida,2008-07-01,0,0,0,0,0,0,2,0,2,0,2
ARQUE,estado nutricional,desnutrida,2008-07-01,0,0,0,0,0,0,3,0,3,0,3
ATOCHA,estado nutricional,desnutrida,2008-07-01,0,0,0,0,0,0,1,0,1,0,1
AYOPAYA (V. DE INDEPENDENCIA),estado nutricional,desnutrida,2008-07-01,0,0,0,0,0,0,2,0,2,0,2
BATALLAS,estado nutricional,desnutrida,2008-07-01,0,0,0,0,0,0,7,0,7,0,7
BERMEJO,estado nutricional,desnutrida,2008-07-01,0,0,0,0,0,0,1,0,1,0,1
CAJUATA,estado nutricional,desnutrida,2008-07-01,0,0,0,0,0,0,3,0,3,0,3
CALACOTO,estado nutricional,desnutrida,2008-07-01,0,0,0,0,0,0,2,0,2,0,2
CALAMARCA,estado nutricional,desnutrida,2008-07-01,0,0,0,0,0,0,4,0,4,0,4
CARACOLLO,estado nutricional,desnutrida,2008-07-01,0,0,0,0,0,0,3,0,3,0,3
CATACORA,estado nutricional,desnutrida,2008-07-01,0,0,0,0,0,0,2,0,2,0,2
CHALLAPATA,estado nutricional,desnutrida,2008-07-01,0,0,0,0,0,0,5,0,5,0,5
COBIJA,estado nutricional,desnutrida,2008-07-01,0,0,0,0,0,0,5,0,5,0,5
COCHABAMBA,estado nutricional,desnutrida,2008-07-01,0,0,0,0,0,0,11,0,11,0,11
COLOMI,estado nutricional,desnutrida,2008-07-01,0,0,0,0,0,0,6,0,6,0,6
COLQUENCHA,estado nutricional,desnutrida,2008-07-01,0,0,0,0,0,0,2,0,2,0,2
COMANCHE,estado nutricional,desnutrida,2008-07-01,0,0,0,0,0,0,2,0,2,0,2
COPACABANA,estado nutricional,desnutrida,2008-07-01,0,0,0,0,0,0,1,0,1,0,1
CORIPATA,estado nutricional,desnutrida,2008-07-01,0,0,0,0,0,0,2,0,2,0,2
CORO CORO,estado nutricional,desnutrida,2008-07-01,0,0,0,0,0,0,9,0,9,0,9
CORQUE,estado nutricional,desnutrida,2008-07-01,0,0,0,0,0,0,1,0,1,0,1
CURAHUARA DE CARANGAS,estado nutricional,desnutrida,2008-07-01,0,0,0,0,0,0,1,0,1,0,1
EL ALTO,estado nutricional,desnutrida,2008-07-01,0,0,0,0,0,0,100,0,100,0,100
EL CHORO,estado nutricional,desnutrida,2008-07-01,0,0,0,0,0,0,1,0,1,0,1
ENTRE RIOS,estado nutricional,desnutrida,2008-07-01,0,0,0,0,0,0,3,0,3,0,3
EUCALIPTUS,estado nutricional,desnutrida,2008-07-01,0,0,0,0,0,0,2,0,2,0,2
FERNANDEZ ALONSO,estado nutricional,desnutrida,2008-07-01,0,0,0,0,0,0,1,0,1,0,1
GENERAL SAAVEDRA,estado nutricional,desnutrida,2008-07-01,0,0,0,0,0,0,3,0,3,0,3
GRAL. J.J. PEREZ (CHARAZANI),estado nutricional,desnutrida,2008-07-01,0,0,0,0,0,0,2,0,2,0,2
HUACARETA,estado nutricional,desnutrida,2008-07-01,0,0,0,0,0,0,1,0,1,0,1
HUAYLLAMARCA,estado nutricional,desnutrida,2008-07-01,0,0,0,0,0,0,1,0,1,0,1
INQUISIVI,estado nutricional,desnutrida,2008-07-01,0,0,0,0,0,0,8,0,8,0,8
JESUS DE MACHACA,estado nutricional,desnutrida,2008-07-01,0,0,0,0,0,0,4,0,4,0,4
LA ASUNTA,estado nutricional,desnutrida,2008-07-01,0,0,0,0,0,0,45,0,45,0,45
LA GUARDIA,estado nutricional,desnutrida,2008-07-01,0,0,0,0,0,0,6,0,6,0,6
LA PAZ,estado nutricional,desnutrida,2008-07-01,0,0,0,0,0,0,85,0,85,0,85
LAJA,estado nutricional,desnutrida,2008-07-01,0,0,0,0,0,0,2,0,2,0,2
LICOMA PAMPA,estado nutricional,desnutrida,2008-07-01,0,0,0,0,0,0,1,0,1,0,1
LURIBAY,estado nutricional,desnutrida,2008-07-01,0,0,0,0,0,0,11,0,11,0,11
MACHACAMARCA,estado nutricional,desnutrida,2008-07-01,0,0,0,0,0,0,2,0,2,0,2
MACHARETI,estado nutricional,desnutrida,2008-07-01,0,0,0,0,0,0,5,0,5,0,5
MAPIRI,estado nutricional,desnutrida,2008-07-01,0,0,0,0,0,0,4,0,4,0,4
MIZQUE,estado nutricional,desnutrida,2008-07-01,0,0,0,0,0,0,5,0,5,0,5
MOCOMOCO,estado nutricional,desnutrida,2008-07-01,0,0,0,0,0,0,2,0,2,0,2
MONTEAGUDO,estado nutricional,desnutrida,2008-07-01,0,0,0,0,0,0,1,0,1,0,1
OMEREQUE,estado nutricional,desnutrida,2008-07-01,0,0,0,0,0,0,1,0,1,0,1
ORURO,estado nutricional,desnutrida,2008-07-01,0,0,0,0,0,0,29,0,29,0,29
PAZÑA,estado nutricional,desnutrida,2008-07-01,0,0,0,0,0,0,4,0,4,0,4
POCOATA,estado nutricional,desnutrida,2008-07-01,0,0,0,0,0,0,16,0,16,0,16
POROMA,estado nutricional,desnutrida,2008-07-01,0,0,0,0,0,0,1,0,1,0,1
PORVENIR,estado nutricional,desnutrida,2008-07-01,0,0,0,0,0,0,1,0,1,0,1
POSTRER VALLE,estado nutricional,desnutrida,2008-07-01,0,0,0,0,0,0,1,0,1,0,1
POTOSI,estado nutricional,desnutrida,2008-07-01,0,0,0,0,0,0,6,0,6,0,6
PUCARANI,estado nutricional,desnutrida,2008-07-01,0,0,0,0,0,0,1,0,1,0,1
PUERTO ACOSTA,estado nutricional,desnutrida,2008-07-01,0,0,0,0,0,0,1,0,1,0,1
PUERTO RICO,estado nutricional,desnutrida,2008-07-01,0,0,0,0,0,0,1,0,1,0,1
PUERTO VILLARROEL,estado nutricional,desnutrida,2008-07-01,0,0,0,0,0,0,1,0,1,0,1
PUNA,estado nutricional,desnutrida,2008-07-01,0,0,0,0,0,0,2,0,2,0,2
QUIME,estado nutricional,desnutrida,2008-07-01,0,0,0,0,0,0,2,0,2,0,2
RIBERALTA,estado nutricional,desnutrida,2008-07-01,0,0,0,0,0,0,5,0,5,0,5
SACABA,estado nutricional,desnutrida,2008-07-01,0,0,0,0,0,0,45,0,45,0,45
SALINAS DE GARCI MENDOZA,estado nutricional,desnutrida,2008-07-01,0,0,0,0,0,0,1,0,1,0,1
SAN BENITO,estado nutricional,desnutrida,2008-07-01,0,0,0,0,0,0,6,0,6,0,6
SAN BORJA,estado nutricional,desnutrida,2008-07-01,0,0,0,0,0,0,6,0,6,0,6
SAN IGNACIO,estado nutricional,desnutrida,2008-07-01,0,0,0,0,0,0,2,0,2,0,2
SAN IGNACIO DE VELASCO,estado nutricional,desnutrida,2008-07-01,0,0,0,0,0,0,1,0,1,0,1
SANTA CRUZ DE LA SIERRA,estado nutricional,desnutrida,2008-07-01,0,0,0,0,0,0,2,0,2,0,2
SANTA ROSA DEL SARA,estado nutricional,desnutrida,2008-07-01,0,0,0,0,0,0,2,0,2,0,2
SORACACHI,estado nutricional,desnutrida,2008-07-01,0,0,0,0,0,0,3,0,3,0,3
SUCRE,estado nutricional,desnutrida,2008-07-01,0,0,0,0,0,0,15,0,15,0,15
TAPACARI,estado nutricional,desnutrida,2008-07-01,0,0,0,0,0,0,8,0,8,0,8
TARABUCO,estado nutricional,desnutrida,2008-07-01,0,0,0,0,0,0,4,0,4,0,4
TARIJA,estado nutricional,desnutrida,2008-07-01,0,0,0,0,0,0,1,0,1,0,1
TARVITA,estado nutricional,desnutrida,2008-07-01,0,0,0,0,0,0,3,0,3,0,3
TINGUIPAYA,estado nutricional,desnutrida,2008-07-01,0,0,0,0,0,0,8,0,8,0,8
TIPUANI,estado nutricional,desnutrida,2008-07-01,0,0,0,0,0,0,8,0,8,0,8
TIRAQUE (CBBA),estado nutricional,desnutrida,2008-07-01,0,0,0,0,0,0,15,0,15,0,15
TORO TORO,estado nutricional,desnutrida,2008-07-01,0,0,0,0,0,0,4,0,4,0,4
TUPIZA,estado nutricional,desnutrida,2008-07-01,0,0,0,0,0,0,13,0,13,0,13
VACAS,estado nutricional,desnutrida,2008-07-01,0,0,0,0,0,0,1,0,1,0,1
VILA VILA,estado nutricional,desnutrida,2008-07-01,0,0,0,0,0,0,4,0,4,0,4
VILLA NUEVA (LOMA ALTA),estado nutricional,desnutrida,2008-07-01,0,0,0,0,0,0,1,0,1,0,1
WARNES,estado nutricional,desnutrida,2008-07-01,0,0,0,0,0,0,1,0,1,0,1
YACO,estado nutricional,desnutrida,2008-07-01,0,0,0,0,0,0,2,0,2,0,2
YACUIBA,estado nutricional,desnutrida,2008-07-01,0,0,0,0,0,0,3,0,3,0,3
YOCALLA,estado nutricional,desnutrida,2008-07-01,0,0,0,0,0,0,1,0,1,0,1
AIQUILE,estado nutricional,desnutrida,2008-08-01,0,0,0,0,0,0,42,0,42,0,42
APOLO,estado nutricional,desnutrida,2008-08-01,0,0,0,0,0,0,8,0,8,0,8
ARQUE,estado nutricional,desnutrida,2008-08-01,0,0,0,0,0,0,16,0,16,0,16
AYOPAYA (V. DE INDEPENDENCIA),estado nutricional,desnutrida,2008-08-01,0,0,0,0,0,0,5,0,5,0,5
BERMEJO,estado nutricional,desnutrida,2008-08-01,0,0,0,0,0,0,3,0,3,0,3
BETANZOS,estado nutricional,desnutrida,2008-08-01,0,0,0,0,0,0,5,0,5,0,5
CAIROMA,estado nutricional,desnutrida,2008-08-01,0,0,0,0,0,0,1,0,1,0,1
"CAIZA ""D""",estado nutricional,desnutrida,2008-08-01,0,0,0,0,0,0,1,0,1,0,1
CAJUATA,estado nutricional,desnutrida,2008-08-01,0,0,0,0,0,0,6,0,6,0,6
CALACOTO,estado nutricional,desnutrida,2008-08-01,0,0,0,0,0,0,5,0,5,0,5
CAMARGO,estado nutricional,desnutrida,2008-08-01,0,0,0,0,0,0,4,0,4,0,4
CAPINOTA,estado nutricional,desnutrida,2008-08-01,0,0,0,0,0,0,2,0,2,0,2
CARACOLLO,estado nutricional,desnutrida,2008-08-01,0,0,0,0,0,0,2,0,2,0,2
CATACORA,estado nutricional,desnutrida,2008-08-01,0,0,0,0,0,0,1,0,1,0,1
CHACARILLA,estado nutricional,desnutrida,2008-08-01,0,0,0,0,0,0,1,0,1,0,1
CHALLAPATA,estado nutricional,desnutrida,2008-08-01,0,0,0,0,0,0,9,0,9,0,9
CHARAGUA,estado nutricional,desnutrida,2008-08-01,0,0,0,0,0,0,2,0,2,0,2
CHIMORE,estado nutricional,desnutrida,2008-08-01,0,0,0,0,0,0,1,0,1,0,1
CHIPAYA,estado nutricional,desnutrida,2008-08-01,0,0,0,0,0,0,1,0,1,0,1
COCHABAMBA,estado nutricional,desnutrida,2008-08-01,0,0,0,0,0,0,12,0,12,0,12
COLCAPIRHUA,estado nutricional,desnutrida,2008-08-01,0,0,0,0,0,0,2,0,2,0,2
COLOMI,estado nutricional,desnutrida,2008-08-01,0,0,0,0,0,0,9,0,9,0,9
COLQUECHACA,estado nutricional,desnutrida,2008-08-01,0,0,0,0,0,0,2,0,2,0,2
COLQUENCHA,estado nutricional,desnutrida,2008-08-01,0,0,0,0,0,0,1,0,1,0,1
COMANCHE,estado nutricional,desnutrida,2008-08-01,0,0,0,0,0,0,4,0,4,0,4
COPACABANA,estado nutricional,desnutrida,2008-08-01,0,0,0,0,0,0,1,0,1,0,1
CORO CORO,estado nutricional,desnutrida,2008-08-01,0,0,0,0,0,0,8,0,8,0,8
COROICO,estado nutricional,desnutrida,2008-08-01,0,0,0,0,0,0,4,0,4,0,4
CURAHUARA DE CARANGAS,estado nutricional,desnutrida,2008-08-01,0,0,0,0,0,0,4,0,4,0,4
EL ALTO,estado nutricional,desnutrida,2008-08-01,0,0,0,0,0,0,82,0,82,0,82
EL CHORO,estado nutricional,desnutrida,2008-08-01,0,0,0,0,0,0,5,0,5,0,5
EL PUENTE(STC),estado nutricional,desnutrida,2008-08-01,0,0,0,0,0,0,3,0,3,0,3
EL TORNO,estado nutricional,desnutrida,2008-08-01,0,0,0,0,0,0,2,0,2,0,2
ESCARA,estado nutricional,desnutrida,2008-08-01,0,0,0,0,0,0,1,0,1,0,1
FERNANDEZ ALONSO,estado nutricional,desnutrida,2008-08-01,0,0,0,0,0,0,1,0,1,0,1
FILADELFIA,estado nutricional,desnutrida,2008-08-01,0,0,0,0,0,0,1,0,1,0,1
GUANAY,estado nutricional,desnutrida,2008-08-01,0,0,0,0,0,0,4,0,4,0,4
GUAQUI,estado nutricional,desnutrida,2008-08-01,0,0,0,0,0,0,1,0,1,0,1
ICHOCA,estado nutricional,desnutrida,2008-08-01,0,0,0,0,0,0,1,0,1,0,1
INQUISIVI,estado nutricional,desnutrida,2008-08-01,0,0,0,0,0,0,3,0,3,0,3
IRUPANA (VILLA DE LANZA),estado nutricional,desnutrida,2008-08-01,0,0,0,0,0,0,5,0,5,0,5
JESUS DE MACHACA,estado nutricional,desnutrida,2008-08-01,0,0,0,0,0,0,6,0,6,0,6
LA ASUNTA,estado nutricional,desnutrida,2008-08-01,0,0,0,0,0,0,7,0,7,0,7
LA PAZ,estado nutricional,desnutrida,2008-08-01,0,0,0,0,0,0,70,0,70,0,70
MACHARETI,estado nutricional,desnutrida,2008-08-01,0,0,0,0,0,0,5,0,5,0,5
MALLA,estado nutricional,desnutrida,2008-08-01,0,0,0,0,0,0,1,0,1,0,1
MIZQUE,estado nutricional,desnutrida,2008-08-01,0,0,0,0,0,0,3,0,3,0,3
MOCOMOCO,estado nutricional,desnutrida,2008-08-01,0,0,0,0,0,0,2,0,2,0,2
MONTEAGUDO,estado nutricional,desnutrida,2008-08-01,0,0,0,0,0,0,1,0,1,0,1
NAZACARA DE PACAJES,estado nutricional,desnutrida,2008-08-01,0,0,0,0,0,0,1,0,1,0,1
ORURO,estado nutricional,desnutrida,2008-08-01,0,0,0,0,0,0,32,0,32,0,32
PAZÑA,estado nutricional,desnutrida,2008-08-01,0,0,0,0,0,0,2,0,2,0,2
POROMA,estado nutricional,desnutrida,2008-08-01,0,0,0,0,0,0,2,0,2,0,2
POTOSI,estado nutricional,desnutrida,2008-08-01,0,0,0,0,0,0,19,0,19,0,19
PUCARANI,estado nutricional,desnutrida,2008-08-01,0,0,0,0,0,0,1,0,1,0,1
PUERTO GONZALO MORENO,estado nutricional,desnutrida,2008-08-01,0,0,0,0,0,0,1,0,1,0,1
PUERTO QUIJARRO,estado nutricional,desnutrida,2008-08-01,0,0,0,0,0,0,4,0,4,0,4
PUERTO VILLARROEL,estado nutricional,desnutrida,2008-08-01,0,0,0,0,0,0,3,0,3,0,3
PUNA,estado nutricional,desnutrida,2008-08-01,0,0,0,0,0,0,2,0,2,0,2
QUILLACOLLO,estado nutricional,desnutrida,2008-08-01,0,0,0,0,0,0,9,0,9,0,9
QUIME,estado nutricional,desnutrida,2008-08-01,0,0,0,0,0,0,1,0,1,0,1
RIBERALTA,estado nutricional,desnutrida,2008-08-01,0,0,0,0,0,0,10,0,10,0,10
SACABA,estado nutricional,desnutrida,2008-08-01,0,0,0,0,0,0,35,0,35,0,35
SACACA,estado nutricional,desnutrida,2008-08-01,0,0,0,0,0,0,1,0,1,0,1
SALINAS DE GARCI MENDOZA,estado nutricional,desnutrida,2008-08-01,0,0,0,0,0,0,7,0,7,0,7
SAN BENITO,estado nutricional,desnutrida,2008-08-01,0,0,0,0,0,0,1,0,1,0,1
SAN BORJA,estado nutricional,desnutrida,2008-08-01,0,0,0,0,0,0,13,0,13,0,13
SAN IGNACIO,estado nutricional,desnutrida,2008-08-01,0,0,0,0,0,0,1,0,1,0,1
SAN IGNACIO DE VELASCO,estado nutricional,desnutrida,2008-08-01,0,0,0,0,0,0,2,0,2,0,2
SAN PEDRO DE BUENA VISTA,estado nutricional,desnutrida,2008-08-01,0,0,0,0,0,0,3,0,3,0,3
SANTA CRUZ DE LA SIERRA,estado nutricional,desnutrida,2008-08-01,0,0,0,0,0,0,9,0,9,0,9
SANTA ROSA DEL SARA,estado nutricional,desnutrida,2008-08-01,0,0,0,0,0,0,4,0,4,0,4
SICA SICA (VILLA AROMA),estado nutricional,desnutrida,2008-08-01,0,0,0,0,0,0,2,0,2,0,2
SORACACHI,estado nutricional,desnutrida,2008-08-01,0,0,0,0,0,0,2,0,2,0,2
SUCRE,estado nutricional,desnutrida,2008-08-01,0,0,0,0,0,0,9,0,9,0,9
TARABUCO,estado nutricional,desnutrida,2008-08-01,0,0,0,0,0,0,4,0,4,0,4
TARIJA,estado nutricional,desnutrida,2008-08-01,0,0,0,0,0,0,1,0,1,0,1
TARVITA,estado nutricional,desnutrida,2008-08-01,0,0,0,0,0,0,2,0,2,0,2
TINGUIPAYA,estado nutricional,desnutrida,2008-08-01,0,0,0,0,0,0,20,0,20,0,20
TIPUANI,estado nutricional,desnutrida,2008-08-01,0,0,0,0,0,0,2,0,2,0,2
TIRAQUE (CBBA),estado nutricional,desnutrida,2008-08-01,0,0,0,0,0,0,24,0,24,0,24
TITO YUPANQUI (PARQUIPUJIO),estado nutricional,desnutrida,2008-08-01,0,0,0,0,0,0,1,0,1,0,1
TORO TORO,estado nutricional,desnutrida,2008-08-01,0,0,0,0,0,0,4,0,4,0,4
TUPIZA,estado nutricional,desnutrida,2008-08-01,0,0,0,0,0,0,4,0,4,0,4
TURCO,estado nutricional,desnutrida,2008-08-01,0,0,0,0,0,0,3,0,3,0,3
VACAS,estado nutricional,desnutrida,2008-08-01,0,0,0,0,0,0,4,0,4,0,4
VIACHA,estado nutricional,desnutrida,2008-08-01,0,0,0,0,0,0,1,0,1,0,1
VILLA MONTES,estado nutricional,desnutrida,2008-08-01,0,0,0,0,0,0,1,0,1,0,1
YACO,estado nutricional,desnutrida,2008-08-01,0,0,0,0,0,0,2,0,2,0,2
YACUIBA,estado nutricional,desnutrida,2008-08-01,0,0,0,0,0,0,2,0,2,0,2
YAMPARAEZ,estado nutricional,desnutrida,2008-08-01,0,0,0,0,0,0,1,0,1,0,1
YAPACANI,estado nutricional,desnutrida,2008-08-01,0,0,0,0,0,0,2,0,2,0,2
AIQUILE,estado nutricional,desnutrida,2008-09-01,0,0,0,0,0,0,26,0,26,0,26
APOLO,estado nutricional,desnutrida,2008-09-01,0,0,0,0,0,0,4,0,4,0,4
ARQUE,estado nutricional,desnutrida,2008-09-01,0,0,0,0,0,0,5,0,5,0,5
ATOCHA,estado nutricional,desnutrida,2008-09-01,0,0,0,0,0,0,1,0,1,0,1
AYOPAYA (V. DE INDEPENDENCIA),estado nutricional,desnutrida,2008-09-01,0,0,0,0,0,0,3,0,3,0,3
BERMEJO,estado nutricional,desnutrida,2008-09-01,0,0,0,0,0,0,1,0,1,0,1
BETANZOS,estado nutricional,desnutrida,2008-09-01,0,0,0,0,0,0,1,0,1,0,1
CAJUATA,estado nutricional,desnutrida,2008-09-01,0,0,0,0,0,0,4,0,4,0,4
CALACOTO,estado nutricional,desnutrida,2008-09-01,0,0,0,0,0,0,1,0,1,0,1
CAMARGO,estado nutricional,desnutrida,2008-09-01,0,0,0,0,0,0,2,0,2,0,2
CARANAVI,estado nutricional,desnutrida,2008-09-01,0,0,0,0,0,0,1,0,1,0,1
CHACARILLA,estado nutricional,desnutrida,2008-09-01,0,0,0,0,0,0,1,0,1,0,1
CHALLAPATA,estado nutricional,desnutrida,2008-09-01,0,0,0,0,0,0,3,0,3,0,3
CHARAGUA,estado nutricional,desnutrida,2008-09-01,0,0,0,0,0,0,6,0,6,0,6
CHIMORE,estado nutricional,desnutrida,2008-09-01,0,0,0,0,0,0,7,0,7,0,7
COCHABAMBA,estado nutricional,desnutrida,2008-09-01,0,0,0,0,0,0,14,0,14,0,14
COLOMI,estado nutricional,desnutrida,2008-09-01,0,0,0,0,0,0,4,0,4,0,4
COLQUECHACA,estado nutricional,desnutrida,2008-09-01,0,0,0,0,0,0,2,0,2,0,2
COMANCHE,estado nutricional,desnutrida,2008-09-01,0,0,0,0,0,0,1,0,1,0,1
COPACABANA,estado nutricional,desnutrida,2008-09-01,0,0,0,0,0,0,7,0,7,0,7
COROICO,estado nutricional,desnutrida,2008-09-01,0,0,0,0,0,0,2,0,2,0,2
CURAHUARA DE CARANGAS,estado nutricional,desnutrida,2008-09-01,0,0,0,0,0,0,5,0,5,0,5
EL ALTO,estado nutricional,desnutrida,2008-09-01,0,0,0,0,0,0,103,0,103,0,103
EL CHORO,estado nutricional,desnutrida,2008-09-01,0,0,0,0,0,0,1,0,1,0,1
ENTRE RIOS,estado nutricional,desnutrida,2008-09-01,0,0,0,0,0,0,3,0,3,0,3
EUCALIPTUS,estado nutricional,desnutrida,2008-09-01,0,0,0,0,0,0,1,0,1,0,1
FILADELFIA,estado nutricional,desnutrida,2008-09-01,0,0,0,0,0,0,1,0,1,0,1
GRAL. J.J. PEREZ (CHARAZANI),estado nutricional,desnutrida,2008-09-01,0,0,0,0,0,0,1,0,1,0,1
HUACARETA,estado nutricional,desnutrida,2008-09-01,0,0,0,0,0,0,1,0,1,0,1
HUANUNI,estado nutricional,desnutrida,2008-09-01,0,0,0,0,0,0,4,0,4,0,4
IRUPANA (VILLA DE LANZA),estado nutricional,desnutrida,2008-09-01,0,0,0,0,0,0,5,0,5,0,5
JESUS DE MACHACA,estado nutricional,desnutrida,2008-09-01,0,0,0,0,0,0,3,0,3,0,3
LA ASUNTA,estado nutricional,desnutrida,2008-09-01,0,0,0,0,0,0,16,0,16,0,16
LA GUARDIA,estado nutricional,desnutrida,2008-09-01,0,0,0,0,0,0,4,0,4,0,4
LA PAZ,estado nutricional,desnutrida,2008-09-01,0,0,0,0,0,0,67,0,67,0,67
LAJA,estado nutricional,desnutrida,2008-09-01,0,0,0,0,0,0,1,0,1,0,1
LICOMA PAMPA,estado nutricional,desnutrida,2008-09-01,0,0,0,0,0,0,2,0,2,0,2
MACHARETI,estado nutricional,desnutrida,2008-09-01,0,0,0,0,0,0,1,0,1,0,1
MIZQUE,estado nutricional,desnutrida,2008-09-01,0,0,0,0,0,0,3,0,3,0,3
MOCOMOCO,estado nutricional,desnutrida,2008-09-01,0,0,0,0,0,0,3,0,3,0,3
MOROCHATA,estado nutricional,desnutrida,2008-09-01,0,0,0,0,0,0,2,0,2,0,2
NUEVO MANOA (NUEVA ESPERANZA),estado nutricional,desnutrida,2008-09-01,0,0,0,0,0,0,1,0,1,0,1
ORURO,estado nutricional,desnutrida,2008-09-01,0,0,0,0,0,0,17,0,17,0,17
PALOS BLANCOS,estado nutricional,desnutrida,2008-09-01,0,0,0,0,0,0,1,0,1,0,1
PAMPA AULLAGAS,estado nutricional,desnutrida,2008-09-01,0,0,0,0,0,0,1,0,1,0,1
PAZÑA,estado nutricional,desnutrida,2008-09-01,0,0,0,0,0,0,2,0,2,0,2
POCOATA,estado nutricional,desnutrida,2008-09-01,0,0,0,0,0,0,4,0,4,0,4
POOPO,estado nutricional,desnutrida,2008-09-01,0,0,0,0,0,0,1,0,1,0,1
POROMA,estado nutricional,desnutrida,2008-09-01,0,0,0,0,0,0,5,0,5,0,5
POTOSI,estado nutricional,desnutrida,2008-09-01,0,0,0,0,0,0,11,0,11,0,11
PUCARANI,estado nutricional,desnutrida,2008-09-01,0,0,0,0,0,0,1,0,1,0,1
PUERTO SUAREZ,estado nutricional,desnutrida,2008-09-01,0,0,0,0,0,0,4,0,4,0,4
PUERTO VILLARROEL,estado nutricional,desnutrida,2008-09-01,0,0,0,0,0,0,13,0,13,0,13
PUNATA,estado nutricional,desnutrida,2008-09-01,0,0,0,0,0,0,5,0,5,0,5
QUILLACOLLO,estado nutricional,desnutrida,2008-09-01,0,0,0,0,0,0,1,0,1,0,1
QUIME,estado nutricional,desnutrida,2008-09-01,0,0,0,0,0,0,1,0,1,0,1
RIBERALTA,estado nutricional,desnutrida,2008-09-01,0,0,0,0,0,0,11,0,11,0,11
SACABA,estado nutricional,desnutrida,2008-09-01,0,0,0,0,0,0,32,0,32,0,32
SALINAS DE GARCI MENDOZA,estado nutricional,desnutrida,2008-09-01,0,0,0,0,0,0,5,0,5,0,5
SAN ANTONIO DE ESMORUCO,estado nutricional,desnutrida,2008-09-01,0,0,0,0,0,0,1,0,1,0,1
SAN BENITO,estado nutricional,desnutrida,2008-09-01,0,0,0,0,0,0,2,0,2,0,2
SAN BORJA,estado nutricional,desnutrida,2008-09-01,0,0,0,0,0,0,13,0,13,0,13
SAN IGNACIO,estado nutricional,desnutrida,2008-09-01,0,0,0,0,0,0,2,0,2,0,2
SAN IGNACIO DE VELASCO,estado nutricional,desnutrida,2008-09-01,0,0,0,0,0,0,1,0,1,0,1
SAN LORENZO(TJA),estado nutricional,desnutrida,2008-09-01,0,0,0,0,0,0,2,0,2,0,2
SAN PEDRO,estado nutricional,desnutrida,2008-09-01,0,0,0,0,0,0,1,0,1,0,1
SAN PEDRO DE BUENA VISTA,estado nutricional,desnutrida,2008-09-01,0,0,0,0,0,0,1,0,1,0,1
SANTA CRUZ DE LA SIERRA,estado nutricional,desnutrida,2008-09-01,0,0,0,0,0,0,1,0,1,0,1
SANTA ROSA DEL SARA,estado nutricional,desnutrida,2008-09-01,0,0,0,0,0,0,1,0,1,0,1
SAPAHAQUI,estado nutricional,desnutrida,2008-09-01,0,0,0,0,0,0,2,0,2,0,2
SICA SICA (VILLA AROMA),estado nutricional,desnutrida,2008-09-01,0,0,0,0,0,0,3,0,3,0,3
SORACACHI,estado nutricional,desnutrida,2008-09-01,0,0,0,0,0,0,2,0,2,0,2
SUCRE,estado nutricional,desnutrida,2008-09-01,0,0,0,0,0,0,16,0,16,0,16
TAPACARI,estado nutricional,desnutrida,2008-09-01,0,0,0,0,0,0,1,0,1,0,1
TARIJA,estado nutricional,desnutrida,2008-09-01,0,0,0,0,0,0,1,0,1,0,1
TARVITA,estado nutricional,desnutrida,2008-09-01,0,0,0,0,0,0,1,0,1,0,1
TINGUIPAYA,estado nutricional,desnutrida,2008-09-01,0,0,0,0,0,0,13,0,13,0,13
TIPUANI,estado nutricional,desnutrida,2008-09-01,0,0,0,0,0,0,3,0,3,0,3
TIRAQUE (CBBA),estado nutricional,desnutrida,2008-09-01,0,0,0,0,0,0,6,0,6,0,6
TITO YUPANQUI (PARQUIPUJIO),estado nutricional,desnutrida,2008-09-01,0,0,0,0,0,0,1,0,1,0,1
TUPIZA,estado nutricional,desnutrida,2008-09-01,0,0,0,0,0,0,9,0,9,0,9
VACAS,estado nutricional,desnutrida,2008-09-01,0,0,0,0,0,0,1,0,1,0,1
VALLEGRANDE,estado nutricional,desnutrida,2008-09-01,0,0,0,0,0,0,1,0,1,0,1
VIACHA,estado nutricional,desnutrida,2008-09-01,0,0,0,0,0,0,105,0,105,0,105
VILLA NUEVA (LOMA ALTA),estado nutricional,desnutrida,2008-09-01,0,0,0,0,0,0,1,0,1,0,1
YACO,estado nutricional,desnutrida,2008-09-01,0,0,0,0,0,0,1,0,1,0,1
YACUIBA,estado nutricional,desnutrida,2008-09-01,0,0,0,0,0,0,1,0,1,0,1
YANACACHI,estado nutricional,desnutrida,2008-09-01,0,0,0,0,0,0,1,0,1,0,1
YAPACANI,estado nutricional,desnutrida,2008-09-01,0,0,0,0,0,0,1,0,1,0,1
AIQUILE,estado nutricional,desnutrida,2008-10-01,0,0,0,0,0,0,33,0,33,0,33
APOLO,estado nutricional,desnutrida,2008-10-01,0,0,0,0,0,0,7,0,7,0,7
ARQUE,estado nutricional,desnutrida,2008-10-01,0,0,0,0,0,0,6,0,6,0,6
AUCAPATA,estado nutricional,desnutrida,2008-10-01,0,0,0,0,0,0,2,0,2,0,2
AYATA,estado nutricional,desnutrida,2008-10-01,0,0,0,0,0,0,2,0,2,0,2
AYOPAYA (V. DE INDEPENDENCIA),estado nutricional,desnutrida,2008-10-01,0,0,0,0,0,0,1,0,1,0,1
BATALLAS,estado nutricional,desnutrida,2008-10-01,0,0,0,0,0,0,4,0,4,0,4
BERMEJO,estado nutricional,desnutrida,2008-10-01,0,0,0,0,0,0,2,0,2,0,2
BETANZOS,estado nutricional,desnutrida,2008-10-01,0,0,0,0,0,0,4,0,4,0,4
BOLIVAR,estado nutricional,desnutrida,2008-10-01,0,0,0,0,0,0,1,0,1,0,1
CAIROMA,estado nutricional,desnutrida,2008-10-01,0,0,0,0,0,0,1,0,1,0,1
"CAIZA ""D""",estado nutricional,desnutrida,2008-10-01,0,0,0,0,0,0,1,0,1,0,1
CAJUATA,estado nutricional,desnutrida,2008-10-01,0,0,0,0,0,0,6,0,6,0,6
CALACOTO,estado nutricional,desnutrida,2008-10-01,0,0,0,0,0,0,2,0,2,0,2
CARACOLLO,estado nutricional,desnutrida,2008-10-01,0,0,0,0,0,0,3,0,3,0,3
CARMEN RIVERO TORREZ,estado nutricional,desnutrida,2008-10-01,0,0,0,0,0,0,3,0,3,0,3
CATACORA,estado nutricional,desnutrida,2008-10-01,0,0,0,0,0,0,1,0,1,0,1
CHACARILLA,estado nutricional,desnutrida,2008-10-01,0,0,0,0,0,0,3,0,3,0,3
CHALLAPATA,estado nutricional,desnutrida,2008-10-01,0,0,0,0,0,0,13,0,13,0,13
CHARAGUA,estado nutricional,desnutrida,2008-10-01,0,0,0,0,0,0,2,0,2,0,2
CHIMORE,estado nutricional,desnutrida,2008-10-01,0,0,0,0,0,0,6,0,6,0,6
CHOQUE COTA,estado nutricional,desnutrida,2008-10-01,0,0,0,0,0,0,1,0,1,0,1
CLIZA,estado nutricional,desnutrida,2008-10-01,0,0,0,0,0,0,1,0,1,0,1
COBIJA,estado nutricional,desnutrida,2008-10-01,0,0,0,0,0,0,14,0,14,0,14
COCHABAMBA,estado nutricional,desnutrida,2008-10-01,0,0,0,0,0,0,14,0,14,0,14
COLOMI,estado nutricional,desnutrida,2008-10-01,0,0,0,0,0,0,7,0,7,0,7
COLQUECHACA,estado nutricional,desnutrida,2008-10-01,0,0,0,0,0,0,3,0,3,0,3
COMANCHE,estado nutricional,desnutrida,2008-10-01,0,0,0,0,0,0,1,0,1,0,1
CORIPATA,estado nutricional,desnutrida,2008-10-01,0,0,0,0,0,0,2,0,2,0,2
CORO CORO,estado nutricional,desnutrida,2008-10-01,0,0,0,0,0,0,1,0,1,0,1
COROICO,estado nutricional,desnutrida,2008-10-01,0,0,0,0,0,0,7,0,7,0,7
CORQUE,estado nutricional,desnutrida,2008-10-01,0,0,0,0,0,0,1,0,1,0,1
COTOCA,estado nutricional,desnutrida,2008-10-01,0,0,0,0,0,0,2,0,2,0,2
CURAHUARA DE CARANGAS,estado nutricional,desnutrida,2008-10-01,0,0,0,0,0,0,3,0,3,0,3
EL ALTO,estado nutricional,desnutrida,2008-10-01,0,0,0,0,0,0,108,0,108,0,108
EL PUENTE(STC),estado nutricional,desnutrida,2008-10-01,0,0,0,0,0,0,3,0,3,0,3
EL PUENTE(TJA),estado nutricional,desnutrida,2008-10-01,0,0,0,0,0,0,1,0,1,0,1
ENTRE RIOS,estado nutricional,desnutrida,2008-10-01,0,0,0,0,0,0,2,0,2,0,2
ENTRE RIOS,estado nutricional,desnutrida,2008-10-01,0,0,0,0,0,0,6,0,6,0,6
FERNANDEZ ALONSO,estado nutricional,desnutrida,2008-10-01,0,0,0,0,0,0,4,0,4,0,4
FILADELFIA,estado nutricional,desnutrida,2008-10-01,0,0,0,0,0,0,1,0,1,0,1
GRAL. J.J. PEREZ (CHARAZANI),estado nutricional,desnutrida,2008-10-01,0,0,0,0,0,0,1,0,1,0,1
GUANAY,estado nutricional,desnutrida,2008-10-01,0,0,0,0,0,0,2,0,2,0,2
GUAQUI,estado nutricional,desnutrida,2008-10-01,0,0,0,0,0,0,1,0,1,0,1
INQUISIVI,estado nutricional,desnutrida,2008-10-01,0,0,0,0,0,0,1,0,1,0,1
JESUS DE MACHACA,estado nutricional,desnutrida,2008-10-01,0,0,0,0,0,0,2,0,2,0,2
LA ASUNTA,estado nutricional,desnutrida,2008-10-01,0,0,0,0,0,0,4,0,4,0,4
LA GUARDIA,estado nutricional,desnutrida,2008-10-01,0,0,0,0,0,0,4,0,4,0,4
LA PAZ,estado nutricional,desnutrida,2008-10-01,0,0,0,0,0,0,66,0,66,0,66
LAJA,estado nutricional,desnutrida,2008-10-01,0,0,0,0,0,0,2,0,2,0,2
LICOMA PAMPA,estado nutricional,desnutrida,2008-10-01,0,0,0,0,0,0,1,0,1,0,1
MACHARETI,estado nutricional,desnutrida,2008-10-01,0,0,0,0,0,0,1,0,1,0,1
MIZQUE,estado nutricional,desnutrida,2008-10-01,0,0,0,0,0,0,4,0,4,0,4
MONTEAGUDO,estado nutricional,desnutrida,2008-10-01,0,0,0,0,0,0,1,0,1,0,1
MONTERO,estado nutricional,desnutrida,2008-10-01,0,0,0,0,0,0,2,0,2,0,2
MOROCHATA,estado nutricional,desnutrida,2008-10-01,0,0,0,0,0,0,2,0,2,0,2
OCURI,estado nutricional,desnutrida,2008-10-01,0,0,0,0,0,0,1,0,1,0,1
OMEREQUE,estado nutricional,desnutrida,2008-10-01,0,0,0,0,0,0,1,0,1,0,1
ORURO,estado nutricional,desnutrida,2008-10-01,0,0,0,0,0,0,27,0,27,0,27
PAMPA AULLAGAS,estado nutricional,desnutrida,2008-10-01,0,0,0,0,0,0,2,0,2,0,2
PAZÑA,estado nutricional,desnutrida,2008-10-01,0,0,0,0,0,0,1,0,1,0,1
POOPO,estado nutricional,desnutrida,2008-10-01,0,0,0,0,0,0,2,0,2,0,2
POROMA,estado nutricional,desnutrida,2008-10-01,0,0,0,0,0,0,5,0,5,0,5
PORTACHUELO,estado nutricional,desnutrida,2008-10-01,0,0,0,0,0,0,1,0,1,0,1
POTOSI,estado nutricional,desnutrida,2008-10-01,0,0,0,0,0,0,12,0,12,0,12
PRESTO,estado nutricional,desnutrida,2008-10-01,0,0,0,0,0,0,6,0,6,0,6
PUERTO QUIJARRO,estado nutricional,desnutrida,2008-10-01,0,0,0,0,0,0,5,0,5,0,5
PUERTO RICO,estado nutricional,desnutrida,2008-10-01,0,0,0,0,0,0,3,0,3,0,3
PUERTO SUAREZ,estado nutricional,desnutrida,2008-10-01,0,0,0,0,0,0,8,0,8,0,8
PUERTO VILLARROEL,estado nutricional,desnutrida,2008-10-01,0,0,0,0,0,0,9,0,9,0,9
PUNA,estado nutricional,desnutrida,2008-10-01,0,0,0,0,0,0,2,0,2,0,2
PUNATA,estado nutricional,desnutrida,2008-10-01,0,0,0,0,0,0,15,0,15,0,15
QUILLACOLLO,estado nutricional,desnutrida,2008-10-01,0,0,0,0,0,0,16,0,16,0,16
QUIME,estado nutricional,desnutrida,2008-10-01,0,0,0,0,0,0,3,0,3,0,3
RIBERALTA,estado nutricional,desnutrida,2008-10-01,0,0,0,0,0,0,21,0,21,0,21
SACABA,estado nutricional,desnutrida,2008-10-01,0,0,0,0,0,0,21,0,21,0,21
SALINAS DE GARCI MENDOZA,estado nutricional,desnutrida,2008-10-01,0,0,0,0,0,0,5,0,5,0,5
SAN BENITO,estado nutricional,desnutrida,2008-10-01,0,0,0,0,0,0,2,0,2,0,2
SAN BORJA,estado nutricional,desnutrida,2008-10-01,0,0,0,0,0,0,10,0,10,0,10
SAN IGNACIO,estado nutricional,desnutrida,2008-10-01,0,0,0,0,0,0,3,0,3,0,3
SAN IGNACIO DE VELASCO,estado nutricional,desnutrida,2008-10-01,0,0,0,0,0,0,2,0,2,0,2
SAN MIGUEL DE VELASCO,estado nutricional,desnutrida,2008-10-01,0,0,0,0,0,0,1,0,1,0,1
SAN PEDRO,estado nutricional,desnutrida,2008-10-01,0,0,0,0,0,0,3,0,3,0,3
SAN RAFAEL,estado nutricional,desnutrida,2008-10-01,0,0,0,0,0,0,1,0,1,0,1
SANTA CRUZ DE LA SIERRA,estado nutricional,desnutrida,2008-10-01,0,0,0,0,0,0,0,0,0,0,0
SANTA ROSA DEL SARA,estado nutricional,desnutrida,2008-10-01,0,0,0,0,0,0,4,0,4,0,4
SICA SICA (VILLA AROMA),estado nutricional,desnutrida,2008-10-01,0,0,0,0,0,0,1,0,1,0,1
SORACACHI,estado nutricional,desnutrida,2008-10-01,0,0,0,0,0,0,1,0,1,0,1
SUCRE,estado nutricional,desnutrida,2008-10-01,0,0,0,0,0,0,21,0,21,0,21
TARABUCO,estado nutricional,desnutrida,2008-10-01,0,0,0,0,0,0,1,0,1,0,1
TARIJA,estado nutricional,desnutrida,2008-10-01,0,0,0,0,0,0,1,0,1,0,1
TARVITA,estado nutricional,desnutrida,2008-10-01,0,0,0,0,0,0,4,0,4,0,4
TIAWANACU,estado nutricional,desnutrida,2008-10-01,0,0,0,0,0,0,1,0,1,0,1
TINGUIPAYA,estado nutricional,desnutrida,2008-10-01,0,0,0,0,0,0,4,0,4,0,4
TIRAQUE (CBBA),estado nutricional,desnutrida,2008-10-01,0,0,0,0,0,0,21,0,21,0,21
TOLEDO,estado nutricional,desnutrida,2008-10-01,0,0,0,0,0,0,1,0,1,0,1
TORO TORO,estado nutricional,desnutrida,2008-10-01,0,0,0,0,0,0,13,0,13,0,13
TUPIZA,estado nutricional,desnutrida,2008-10-01,0,0,0,0,0,0,17,0,17,0,17
TURCO,estado nutricional,desnutrida,2008-10-01,0,0,0,0,0,0,1,0,1,0,1
VACAS,estado nutricional,desnutrida,2008-10-01,0,0,0,0,0,0,3,0,3,0,3
VALLEGRANDE,estado nutricional,desnutrida,2008-10-01,0,0,0,0,0,0,2,0,2,0,2
VIACHA,estado nutricional,desnutrida,2008-10-01,0,0,0,0,0,0,156,0,156,0,156
VILLAZON,estado nutricional,desnutrida,2008-10-01,0,0,0,0,0,0,4,0,4,0,4
YACUIBA,estado nutricional,desnutrida,2008-10-01,0,0,0,0,0,0,6,0,6,0,6
YAMPARAEZ,estado nutricional,desnutrida,2008-10-01,0,0,0,0,0,0,1,0,1,0,1
ACHOCALLA,estado nutricional,desnutrida,2008-11-01,0,0,0,0,0,0,2,0,2,0,2
AIQUILE,estado nutricional,desnutrida,2008-11-01,0,0,0,0,0,0,22,0,22,0,22
ANTEQUERA,estado nutricional,desnutrida,2008-11-01,0,0,0,0,0,0,1,0,1,0,1
APOLO,estado nutricional,desnutrida,2008-11-01,0,0,0,0,0,0,4,0,4,0,4
ARQUE,estado nutricional,desnutrida,2008-11-01,0,0,0,0,0,0,15,0,15,0,15
AYOPAYA (V. DE INDEPENDENCIA),estado nutricional,desnutrida,2008-11-01,0,0,0,0,0,0,1,0,1,0,1
BATALLAS,estado nutricional,desnutrida,2008-11-01,0,0,0,0,0,0,1,0,1,0,1
BAURES,estado nutricional,desnutrida,2008-11-01,0,0,0,0,0,0,1,0,1,0,1
BERMEJO,estado nutricional,desnutrida,2008-11-01,0,0,0,0,0,0,5,0,5,0,5
BETANZOS,estado nutricional,desnutrida,2008-11-01,0,0,0,0,0,0,5,0,5,0,5
"CAIZA ""D""",estado nutricional,desnutrida,2008-11-01,0,0,0,0,0,0,1,0,1,0,1
CAJUATA,estado nutricional,desnutrida,2008-11-01,0,0,0,0,0,0,4,0,4,0,4
CALACOTO,estado nutricional,desnutrida,2008-11-01,0,0,0,0,0,0,1,0,1,0,1
CAPINOTA,estado nutricional,desnutrida,2008-11-01,0,0,0,0,0,0,1,0,1,0,1
CARACOLLO,estado nutricional,desnutrida,2008-11-01,0,0,0,0,0,0,8,0,8,0,8
CARMEN RIVERO TORREZ,estado nutricional,desnutrida,2008-11-01,0,0,0,0,0,0,5,0,5,0,5
CHACARILLA,estado nutricional,desnutrida,2008-11-01,0,0,0,0,0,0,5,0,5,0,5
CHALLAPATA,estado nutricional,desnutrida,2008-11-01,0,0,0,0,0,0,15,0,15,0,15
CHARAGUA,estado nutricional,desnutrida,2008-11-01,0,0,0,0,0,0,1,0,1,0,1
CHIMORE,estado nutricional,desnutrida,2008-11-01,0,0,0,0,0,0,6,0,6,0,6
COBIJA,estado nutricional,desnutrida,2008-11-01,0,0,0,0,0,0,2,0,2,0,2
COCHABAMBA,estado nutricional,desnutrida,2008-11-01,0,0,0,0,0,0,2,0,2,0,2
COLOMI,estado nutricional,desnutrida,2008-11-01,0,0,0,0,0,0,6,0,6,0,6
COLQUECHACA,estado nutricional,desnutrida,2008-11-01,0,0,0,0,0,0,9,0,9,0,9
COLQUIRI,estado nutricional,desnutrida,2008-11-01,0,0,0,0,0,0,2,0,2,0,2
COPACABANA,estado nutricional,desnutrida,2008-11-01,0,0,0,0,0,0,2,0,2,0,2
CORIPATA,estado nutricional,desnutrida,2008-11-01,0,0,0,0,0,0,2,0,2,0,2
CORO CORO,estado nutricional,desnutrida,2008-11-01,0,0,0,0,0,0,2,0,2,0,2
COROICO,estado nutricional,desnutrida,2008-11-01,0,0,0,0,0,0,1,0,1,0,1
COTOCA,estado nutricional,desnutrida,2008-11-01,0,0,0,0,0,0,1,0,1,0,1
CURAHUARA DE CARANGAS,estado nutricional,desnutrida,2008-11-01,0,0,0,0,0,0,1,0,1,0,1
DESAGUADERO,estado nutricional,desnutrida,2008-11-01,0,0,0,0,0,0,2,0,2,0,2
EL ALTO,estado nutricional,desnutrida,2008-11-01,0,0,0,0,0,0,89,0,89,0,89
EL CHORO,estado nutricional,desnutrida,2008-11-01,0,0,0,0,0,0,3,0,3,0,3
EL PUENTE(STC),estado nutricional,desnutrida,2008-11-01,0,0,0,0,0,0,2,0,2,0,2
ENTRE RIOS,estado nutricional,desnutrida,2008-11-01,0,0,0,0,0,0,2,0,2,0,2
ENTRE RIOS,estado nutricional,desnutrida,2008-11-01,0,0,0,0,0,0,2,0,2,0,2
EUCALIPTUS,estado nutricional,desnutrida,2008-11-01,0,0,0,0,0,0,2,0,2,0,2
FERNANDEZ ALONSO,estado nutricional,desnutrida,2008-11-01,0,0,0,0,0,0,2,0,2,0,2
HUANUNI,estado nutricional,desnutrida,2008-11-01,0,0,0,0,0,0,2,0,2,0,2
HUAYLLAMARCA,estado nutricional,desnutrida,2008-11-01,0,0,0,0,0,0,1,0,1,0,1
IRUPANA (VILLA DE LANZA),estado nutricional,desnutrida,2008-11-01,0,0,0,0,0,0,1,0,1,0,1
JESUS DE MACHACA,estado nutricional,desnutrida,2008-11-01,0,0,0,0,0,0,1,0,1,0,1
LA ASUNTA,estado nutricional,desnutrida,2008-11-01,0,0,0,0,0,0,8,0,8,0,8
LA PAZ,estado nutricional,desnutrida,2008-11-01,0,0,0,0,0,0,48,0,48,0,48
LAJA,estado nutricional,desnutrida,2008-11-01,0,0,0,0,0,0,1,0,1,0,1
MACHARETI,estado nutricional,desnutrida,2008-11-01,0,0,0,0,0,0,1,0,1,0,1
MIZQUE,estado nutricional,desnutrida,2008-11-01,0,0,0,0,0,0,1,0,1,0,1
MOCOMOCO,estado nutricional,desnutrida,2008-11-01,0,0,0,0,0,0,2,0,2,0,2
MONTEAGUDO,estado nutricional,desnutrida,2008-11-01,0,0,0,0,0,0,4,0,4,0,4
ORURO,estado nutricional,desnutrida,2008-11-01,0,0,0,0,0,0,17,0,17,0,17
PALOS BLANCOS,estado nutricional,desnutrida,2008-11-01,0,0,0,0,0,0,1,0,1,0,1
PAMPA AULLAGAS,estado nutricional,desnutrida,2008-11-01,0,0,0,0,0,0,1,0,1,0,1
PASORAPA,estado nutricional,desnutrida,2008-11-01,0,0,0,0,0,0,1,0,1,0,1
PAZÑA,estado nutricional,desnutrida,2008-11-01,0,0,0,0,0,0,2,0,2,0,2
POCOATA,estado nutricional,desnutrida,2008-11-01,0,0,0,0,0,0,10,0,10,0,10
POTOSI,estado nutricional,desnutrida,2008-11-01,0,0,0,0,0,0,18,0,18,0,18
PUCARANI,estado nutricional,desnutrida,2008-11-01,0,0,0,0,0,0,2,0,2,0,2
PUERTO SUAREZ,estado nutricional,desnutrida,2008-11-01,0,0,0,0,0,0,7,0,7,0,7
PUERTO VILLARROEL,estado nutricional,desnutrida,2008-11-01,0,0,0,0,0,0,6,0,6,0,6
PUNA,estado nutricional,desnutrida,2008-11-01,0,0,0,0,0,0,2,0,2,0,2
PUNATA,estado nutricional,desnutrida,2008-11-01,0,0,0,0,0,0,5,0,5,0,5
QUILLACOLLO,estado nutricional,desnutrida,2008-11-01,0,0,0,0,0,0,5,0,5,0,5
QUIME,estado nutricional,desnutrida,2008-11-01,0,0,0,0,0,0,3,0,3,0,3
RIBERALTA,estado nutricional,desnutrida,2008-11-01,0,0,0,0,0,0,16,0,16,0,16
SACABA,estado nutricional,desnutrida,2008-11-01,0,0,0,0,0,0,11,0,11,0,11
SALINAS DE GARCI MENDOZA,estado nutricional,desnutrida,2008-11-01,0,0,0,0,0,0,2,0,2,0,2
SAN BENITO,estado nutricional,desnutrida,2008-11-01,0,0,0,0,0,0,1,0,1,0,1
SAN BORJA,estado nutricional,desnutrida,2008-11-01,0,0,0,0,0,0,24,0,24,0,24
SAN IGNACIO DE VELASCO,estado nutricional,desnutrida,2008-11-01,0,0,0,0,0,0,1,0,1,0,1
SAN LORENZO(TJA),estado nutricional,desnutrida,2008-11-01,0,0,0,0,0,0,1,0,1,0,1
SAN MIGUEL DE VELASCO,estado nutricional,desnutrida,2008-11-01,0,0,0,0,0,0,3,0,3,0,3
SAN PEDRO,estado nutricional,desnutrida,2008-11-01,0,0,0,0,0,0,3,0,3,0,3
SANTA CRUZ DE LA SIERRA,estado nutricional,desnutrida,2008-11-01,0,0,0,0,0,0,0,0,0,0,0
SANTA ROSA,estado nutricional,desnutrida,2008-11-01,0,0,0,0,0,0,1,0,1,0,1
SANTA ROSA DEL SARA,estado nutricional,desnutrida,2008-11-01,0,0,0,0,0,0,1,0,1,0,1
SANTIAGO DE HUARI,estado nutricional,desnutrida,2008-11-01,0,0,0,0,0,0,1,0,1,0,1
SUCRE,estado nutricional,desnutrida,2008-11-01,0,0,0,0,0,0,9,0,9,0,9
TACOPAYA,estado nutricional,desnutrida,2008-11-01,0,0,0,0,0,0,2,0,2,0,2
TARVITA,estado nutricional,desnutrida,2008-11-01,0,0,0,0,0,0,2,0,2,0,2
TINGUIPAYA,estado nutricional,desnutrida,2008-11-01,0,0,0,0,0,0,19,0,19,0,19
TIRAQUE (CBBA),estado nutricional,desnutrida,2008-11-01,0,0,0,0,0,0,18,0,18,0,18
TOLEDO,estado nutricional,desnutrida,2008-11-01,0,0,0,0,0,0,1,0,1,0,1
TORO TORO,estado nutricional,desnutrida,2008-11-01,0,0,0,0,0,0,6,0,6,0,6
TRIGAL,estado nutricional,desnutrida,2008-11-01,0,0,0,0,0,0,1,0,1,0,1
TUPIZA,estado nutricional,desnutrida,2008-11-01,0,0,0,0,0,0,17,0,17,0,17
VACAS,estado nutricional,desnutrida,2008-11-01,0,0,0,0,0,0,3,0,3,0,3
VIACHA,estado nutricional,desnutrida,2008-11-01,0,0,0,0,0,0,266,0,266,0,266
YACUIBA,estado nutricional,desnutrida,2008-11-01,0,0,0,0,0,0,1,0,1,0,1
YAPACANI,estado nutricional,desnutrida,2008-11-01,0,0,0,0,0,0,1,0,1,0,1
AIQUILE,estado nutricional,desnutrida,2008-12-01,0,0,0,0,0,0,25,0,25,0,25
ANDAMARCA,estado nutricional,desnutrida,2008-12-01,0,0,0,0,0,0,1,0,1,0,1
APOLO,estado nutricional,desnutrida,2008-12-01,0,0,0,0,0,0,6,0,6,0,6
ARQUE,estado nutricional,desnutrida,2008-12-01,0,0,0,0,0,0,25,0,25,0,25
AYATA,estado nutricional,desnutrida,2008-12-01,0,0,0,0,0,0,1,0,1,0,1
BERMEJO,estado nutricional,desnutrida,2008-12-01,0,0,0,0,0,0,6,0,6,0,6
BETANZOS,estado nutricional,desnutrida,2008-12-01,0,0,0,0,0,0,1,0,1,0,1
"CAIZA ""D""",estado nutricional,desnutrida,2008-12-01,0,0,0,0,0,0,2,0,2,0,2
CAJUATA,estado nutricional,desnutrida,2008-12-01,0,0,0,0,0,0,6,0,6,0,6
CALAMARCA,estado nutricional,desnutrida,2008-12-01,0,0,0,0,0,0,5,0,5,0,5
CAQUIAVIRI,estado nutricional,desnutrida,2008-12-01,0,0,0,0,0,0,5,0,5,0,5
CARACOLLO,estado nutricional,desnutrida,2008-12-01,0,0,0,0,0,0,6,0,6,0,6
CARMEN RIVERO TORREZ,estado nutricional,desnutrida,2008-12-01,0,0,0,0,0,0,3,0,3,0,3
CHACARILLA,estado nutricional,desnutrida,2008-12-01,0,0,0,0,0,0,1,0,1,0,1
CHALLAPATA,estado nutricional,desnutrida,2008-12-01,0,0,0,0,0,0,7,0,7,0,7
CHIMORE,estado nutricional,desnutrida,2008-12-01,0,0,0,0,0,0,6,0,6,0,6
CLIZA,estado nutricional,desnutrida,2008-12-01,0,0,0,0,0,0,1,0,1,0,1
COBIJA,estado nutricional,desnutrida,2008-12-01,0,0,0,0,0,0,8,0,8,0,8
COCHABAMBA,estado nutricional,desnutrida,2008-12-01,0,0,0,0,0,0,10,0,10,0,10
COLOMI,estado nutricional,desnutrida,2008-12-01,0,0,0,0,0,0,9,0,9,0,9
COLQUECHACA,estado nutricional,desnutrida,2008-12-01,0,0,0,0,0,0,6,0,6,0,6
COMANCHE,estado nutricional,desnutrida,2008-12-01,0,0,0,0,0,0,3,0,3,0,3
CORIPATA,estado nutricional,desnutrida,2008-12-01,0,0,0,0,0,0,1,0,1,0,1
CORO CORO,estado nutricional,desnutrida,2008-12-01,0,0,0,0,0,0,3,0,3,0,3
COROICO,estado nutricional,desnutrida,2008-12-01,0,0,0,0,0,0,1,0,1,0,1
COTOCA,estado nutricional,desnutrida,2008-12-01,0,0,0,0,0,0,1,0,1,0,1
CURAHUARA DE CARANGAS,estado nutricional,desnutrida,2008-12-01,0,0,0,0,0,0,5,0,5,0,5
EL ALTO,estado nutricional,desnutrida,2008-12-01,0,0,0,0,0,0,96,0,96,0,96
ENTRE RIOS,estado nutricional,desnutrida,2008-12-01,0,0,0,0,0,0,2,0,2,0,2
FILADELFIA,estado nutricional,desnutrida,2008-12-01,0,0,0,0,0,0,2,0,2,0,2
GRAL. J.J. PEREZ (CHARAZANI),estado nutricional,desnutrida,2008-12-01,0,0,0,0,0,0,5,0,5,0,5
HUANUNI,estado nutricional,desnutrida,2008-12-01,0,0,0,0,0,0,2,0,2,0,2
HUAYLLAMARCA,estado nutricional,desnutrida,2008-12-01,0,0,0,0,0,0,1,0,1,0,1
INQUISIVI,estado nutricional,desnutrida,2008-12-01,0,0,0,0,0,0,1,0,1,0,1
LA ASUNTA,estado nutricional,desnutrida,2008-12-01,0,0,0,0,0,0,9,0,9,0,9
LA GUARDIA,estado nutricional,desnutrida,2008-12-01,0,0,0,0,0,0,2,0,2,0,2
LA PAZ,estado nutricional,desnutrida,2008-12-01,0,0,0,0,0,0,56,0,56,0,56
LAJA,estado nutricional,desnutrida,2008-12-01,0,0,0,0,0,0,2,0,2,0,2
LICOMA PAMPA,estado nutricional,desnutrida,2008-12-01,0,0,0,0,0,0,3,0,3,0,3
MACHARETI,estado nutricional,desnutrida,2008-12-01,0,0,0,0,0,0,3,0,3,0,3
MIZQUE,estado nutricional,desnutrida,2008-12-01,0,0,0,0,0,0,2,0,2,0,2
MOCOMOCO,estado nutricional,desnutrida,2008-12-01,0,0,0,0,0,0,1,0,1,0,1
MOROCHATA,estado nutricional,desnutrida,2008-12-01,0,0,0,0,0,0,2,0,2,0,2
OCURI,estado nutricional,desnutrida,2008-12-01,0,0,0,0,0,0,2,0,2,0,2
ORURO,estado nutricional,desnutrida,2008-12-01,0,0,0,0,0,0,25,0,25,0,25
PADCAYA,estado nutricional,desnutrida,2008-12-01,0,0,0,0,0,0,1,0,1,0,1
PAMPA AULLAGAS,estado nutricional,desnutrida,2008-12-01,0,0,0,0,0,0,1,0,1,0,1
PASORAPA,estado nutricional,desnutrida,2008-12-01,0,0,0,0,0,0,1,0,1,0,1
PAZÑA,estado nutricional,desnutrida,2008-12-01,0,0,0,0,0,0,6,0,6,0,6
POCOATA,estado nutricional,desnutrida,2008-12-01,0,0,0,0,0,0,1,0,1,0,1
POTOSI,estado nutricional,desnutrida,2008-12-01,0,0,0,0,0,0,4,0,4,0,4
PUCARANI,estado nutricional,desnutrida,2008-12-01,0,0,0,0,0,0,1,0,1,0,1
PUERTO QUIJARRO,estado nutricional,desnutrida,2008-12-01,0,0,0,0,0,0,32,0,32,0,32
PUERTO RICO,estado nutricional,desnutrida,2008-12-01,0,0,0,0,0,0,1,0,1,0,1
PUERTO SUAREZ,estado nutricional,desnutrida,2008-12-01,0,0,0,0,0,0,6,0,6,0,6
PUERTO VILLARROEL,estado nutricional,desnutrida,2008-12-01,0,0,0,0,0,0,6,0,6,0,6
PUNA,estado nutricional,desnutrida,2008-12-01,0,0,0,0,0,0,5,0,5,0,5
PUNATA,estado nutricional,desnutrida,2008-12-01,0,0,0,0,0,0,12,0,12,0,12
QUILLACOLLO,estado nutricional,desnutrida,2008-12-01,0,0,0,0,0,0,17,0,17,0,17
QUIME,estado nutricional,desnutrida,2008-12-01,0,0,0,0,0,0,12,0,12,0,12
RIBERALTA,estado nutricional,desnutrida,2008-12-01,0,0,0,0,0,0,15,0,15,0,15
SACABA,estado nutricional,desnutrida,2008-12-01,0,0,0,0,0,0,16,0,16,0,16
SALINAS DE GARCI MENDOZA,estado nutricional,desnutrida,2008-12-01,0,0,0,0,0,0,2,0,2,0,2
SAN BORJA,estado nutricional,desnutrida,2008-12-01,0,0,0,0,0,0,5,0,5,0,5
SAN IGNACIO,estado nutricional,desnutrida,2008-12-01,0,0,0,0,0,0,1,0,1,0,1
SAN IGNACIO DE VELASCO,estado nutricional,desnutrida,2008-12-01,0,0,0,0,0,0,1,0,1,0,1
SAN LORENZO(TJA),estado nutricional,desnutrida,2008-12-01,0,0,0,0,0,0,1,0,1,0,1
SAN PEDRO,estado nutricional,desnutrida,2008-12-01,0,0,0,0,0,0,8,0,8,0,8
SAN PEDRO DE BUENA VISTA,estado nutricional,desnutrida,2008-12-01,0,0,0,0,0,0,2,0,2,0,2
SANTA CRUZ DE LA SIERRA,estado nutricional,desnutrida,2008-12-01,0,0,0,0,0,0,5,0,5,0,5
SANTA ROSA DEL SARA,estado nutricional,desnutrida,2008-12-01,0,0,0,0,0,0,5,0,5,0,5
SANTIAGO DE HUARI,estado nutricional,desnutrida,2008-12-01,0,0,0,0,0,0,1,0,1,0,1
SANTIVAÑES,estado nutricional,desnutrida,2008-12-01,0,0,0,0,0,0,1,0,1,0,1
SAPAHAQUI,estado nutricional,desnutrida,2008-12-01,0,0,0,0,0,0,2,0,2,0,2
SORACACHI,estado nutricional,desnutrida,2008-12-01,0,0,0,0,0,0,3,0,3,0,3
SUCRE,estado nutricional,desnutrida,2008-12-01,0,0,0,0,0,0,22,0,22,0,22
TAPACARI,estado nutricional,desnutrida,2008-12-01,0,0,0,0,0,0,2,0,2,0,2
TARABUCO,estado nutricional,desnutrida,2008-12-01,0,0,0,0,0,0,2,0,2,0,2
TARIJA,estado nutricional,desnutrida,2008-12-01,0,0,0,0,0,0,3,0,3,0,3
TARVITA,estado nutricional,desnutrida,2008-12-01,0,0,0,0,0,0,1,0,1,0,1
TINGUIPAYA,estado nutricional,desnutrida,2008-12-01,0,0,0,0,0,0,3,0,3,0,3
TIPUANI,estado nutricional,desnutrida,2008-12-01,0,0,0,0,0,0,1,0,1,0,1
TIRAQUE (CBBA),estado nutricional,desnutrida,2008-12-01,0,0,0,0,0,0,18,0,18,0,18
TOMAVE,estado nutricional,desnutrida,2008-12-01,0,0,0,0,0,0,2,0,2,0,2
TORO TORO,estado nutricional,desnutrida,2008-12-01,0,0,0,0,0,0,3,0,3,0,3
TRINIDAD,estado nutricional,desnutrida,2008-12-01,0,0,0,0,0,0,11,0,11,0,11
TUPIZA,estado nutricional,desnutrida,2008-12-01,0,0,0,0,0,0,15,0,15,0,15
TURCO,estado nutricional,desnutrida,2008-12-01,0,0,0,0,0,0,2,0,2,0,2
VACAS,estado nutricional,desnutrida,2008-12-01,0,0,0,0,0,0,2,0,2,0,2
VALLEGRANDE,estado nutricional,desnutrida,2008-12-01,0,0,0,0,0,0,1,0,1,0,1
VIACHA,estado nutricional,desnutrida,2008-12-01,0,0,0,0,0,0,224,0,224,0,224
VILA VILA,estado nutricional,desnutrida,2008-12-01,0,0,0,0,0,0,1,0,1,0,1
YACO,estado nutricional,desnutrida,2008-12-01,0,0,0,0,0,0,1,0,1,0,1
YACUIBA,estado nutricional,desnutrida,2008-12-01,0,0,0,0,0,0,14,0,14,0,14
YUNCHARA,estado nutricional,desnutrida,2008-12-01,0,0,0,0,0,0,3,0,3,0,3
