,group,variable,month,a. < de 6 meses,a. < de 6 meses,b. 6 m a menor de 1 año,b. 6 m a menor de 1 año,c. 1 - 4 años,c. 1 - 4 años,d. 5 - 9 años,d. 5 - 9 años,e. 10 - 14 años,e. 10 - 14 años,f. 15 - 19 años,f. 15 - 19 años,g. 20 - 39 años,g. 20 - 39 años,h. 40 - 49 años,h. 40 - 49 años,i. 50 - 59 años,i. 50 - 59 años,j. 60 años y más,j. 60 años y más,TOTALES,TOTALES,TOTALES
,,,,MASCULINO,FEMENINO,MASCULINO,FEMENINO,MASCULINO,FEMENINO,MASCULINO,FEMENINO,MASCULINO,FEMENINO,MASCULINO,FEMENINO,MASCULINO,FEMENINO,MASCULINO,FEMENINO,MASCULINO,FEMENINO,MASCULINO,FEMENINO,TOTAL-M,TOTAL-F,TOTAL
municipality,,,,,,,,,,,,,,,,,,,,,,,,,,
BERMEJO,inmunoprevenibles,hepatitis viral a*,2017-01-01,0,0,0,0,0,1,1,0,0,0,0,0,0,0,0,0,0,0,0,0,1,1,2
CAMARGO,inmunoprevenibles,hepatitis viral a*,2017-01-01,0,0,0,0,0,1,0,0,0,0,0,0,0,0,0,0,0,0,0,0,0,1,1
CAMIRI,inmunoprevenibles,hepatitis viral a*,2017-01-01,0,0,0,0,1,0,0,0,0,0,0,0,0,0,0,0,0,0,0,0,1,0,1
CKOCHAS,inmunoprevenibles,hepatitis viral a*,2017-01-01,0,0,0,0,0,0,0,0,1,0,0,0,0,0,0,0,0,0,0,0,1,0,1
COBIJA,inmunoprevenibles,hepatitis viral a*,2017-01-01,0,0,0,0,1,0,0,1,0,1,1,0,0,0,0,0,0,0,0,0,2,2,4
COCHABAMBA,inmunoprevenibles,hepatitis viral a*,2017-01-01,0,0,0,0,5,3,18,7,3,5,0,0,0,1,0,0,1,0,0,0,27,16,43
COLCAPIRHUA,inmunoprevenibles,hepatitis viral a*,2017-01-01,0,0,0,0,1,0,2,0,0,0,0,0,0,0,0,0,0,0,0,0,3,0,3
CONCEPCION,inmunoprevenibles,hepatitis viral a*,2017-01-01,0,0,0,0,0,0,0,0,0,0,0,0,0,0,0,1,0,0,0,0,0,1,1
CULPINA,inmunoprevenibles,hepatitis viral a*,2017-01-01,0,0,0,0,0,0,1,0,0,0,0,0,0,0,0,0,0,0,0,0,1,0,1
EL ALTO,inmunoprevenibles,hepatitis viral a*,2017-01-01,0,0,0,0,0,0,8,4,5,2,0,1,2,0,1,0,0,0,1,1,17,8,25
EL TORNO,inmunoprevenibles,hepatitis viral a*,2017-01-01,0,0,0,0,0,0,0,2,0,0,0,0,0,0,0,0,0,0,0,0,0,2,2
GUAYARAMERIN,inmunoprevenibles,hepatitis viral a*,2017-01-01,1,0,1,0,0,0,0,0,2,0,1,0,0,0,0,0,0,0,0,0,5,0,5
HUANUNI,inmunoprevenibles,hepatitis viral a*,2017-01-01,0,0,0,0,1,0,0,0,1,0,0,0,0,1,0,0,0,0,0,0,2,1,3
HUATAJATA,inmunoprevenibles,hepatitis viral a*,2017-01-01,0,0,0,0,0,0,1,0,0,0,0,0,0,0,0,0,0,0,0,0,1,0,1
IRUPANA (VILLA DE LANZA),inmunoprevenibles,hepatitis viral a*,2017-01-01,0,0,0,0,0,0,1,1,1,0,0,0,0,0,0,0,0,0,0,0,2,1,3
LA PAZ,inmunoprevenibles,hepatitis viral a*,2017-01-01,0,0,0,0,3,1,1,1,1,0,1,0,0,0,0,0,0,0,0,0,6,2,8
MAGDALENA,inmunoprevenibles,hepatitis viral a*,2017-01-01,0,0,0,0,0,0,0,0,0,1,0,0,0,0,0,0,0,0,0,0,0,1,1
MAIRANA,inmunoprevenibles,hepatitis viral a*,2017-01-01,0,0,0,0,0,0,0,0,0,0,0,0,1,0,0,1,0,0,0,0,1,1,2
MONTEAGUDO,inmunoprevenibles,hepatitis viral a*,2017-01-01,0,0,0,0,0,0,0,0,0,0,0,0,1,0,1,2,0,0,0,0,2,2,4
MONTERO,inmunoprevenibles,hepatitis viral a*,2017-01-01,0,0,0,0,0,0,1,0,3,0,0,0,1,0,0,0,1,0,0,0,6,0,6
NACEBE (SANTA ROSA DEL ABUNA),inmunoprevenibles,hepatitis viral a*,2017-01-01,0,0,0,0,0,1,0,0,0,0,0,0,0,0,0,0,0,0,0,0,0,1,1
ORURO,inmunoprevenibles,hepatitis viral a*,2017-01-01,0,0,0,0,4,1,7,6,0,2,0,0,0,0,0,0,0,0,0,0,11,9,20
PASORAPA,inmunoprevenibles,hepatitis viral a*,2017-01-01,0,0,0,0,0,0,1,0,0,0,0,0,0,0,0,0,0,0,0,0,1,0,1
POTOSI,inmunoprevenibles,hepatitis viral a*,2017-01-01,0,0,0,0,2,0,2,0,0,0,0,0,0,0,0,0,0,0,0,0,4,0,4
PUERTO SUAREZ,inmunoprevenibles,hepatitis viral a*,2017-01-01,0,0,0,0,0,0,0,0,0,0,0,0,1,0,0,0,0,0,0,0,1,0,1
PUNATA,inmunoprevenibles,hepatitis viral a*,2017-01-01,0,0,0,0,2,1,0,0,1,0,0,0,0,1,0,0,0,0,0,0,3,2,5
QUILLACOLLO,inmunoprevenibles,hepatitis viral a*,2017-01-01,0,0,0,0,0,0,1,1,0,0,0,0,0,0,0,0,0,0,0,0,1,1,2
RURRENABAQUE,inmunoprevenibles,hepatitis viral a*,2017-01-01,0,0,0,0,0,0,2,0,0,0,0,0,0,0,0,0,0,0,0,0,2,0,2
SACABA,inmunoprevenibles,hepatitis viral a*,2017-01-01,0,0,0,0,0,0,0,1,0,0,0,0,0,0,0,0,0,0,0,0,0,1,1
SAN BORJA,inmunoprevenibles,hepatitis viral a*,2017-01-01,3,0,2,0,0,0,0,0,1,0,0,0,0,1,0,0,0,0,0,41,6,42,48
SAN IGNACIO DE VELASCO,inmunoprevenibles,hepatitis viral a*,2017-01-01,0,0,0,0,0,1,2,1,0,0,1,0,0,0,0,0,0,0,0,0,3,2,5
SAN JOSE DE CHIQUITOS,inmunoprevenibles,hepatitis viral a*,2017-01-01,0,0,0,0,0,0,0,0,0,1,0,0,0,0,0,0,0,0,0,0,0,1,1
SAN JULIAN,inmunoprevenibles,hepatitis viral a*,2017-01-01,0,0,0,0,0,0,2,0,0,0,0,0,0,0,0,0,0,0,0,0,2,0,2
SAN LORENZO(TJA),inmunoprevenibles,hepatitis viral a*,2017-01-01,0,0,0,0,0,0,0,0,0,0,0,0,0,0,0,0,0,0,1,0,1,0,1
SAN MATIAS,inmunoprevenibles,hepatitis viral a*,2017-01-01,0,0,0,0,0,0,0,0,0,0,0,0,0,0,0,0,0,0,0,1,0,1,1
SAN PEDRO,inmunoprevenibles,hepatitis viral a*,2017-01-01,0,0,0,0,0,0,0,0,1,0,0,0,0,0,0,0,0,0,0,0,1,0,1
SAN RAFAEL,inmunoprevenibles,hepatitis viral a*,2017-01-01,0,0,0,0,0,0,1,0,0,0,0,0,0,0,0,0,0,0,0,0,1,0,1
SANTA CRUZ DE LA SIERRA,inmunoprevenibles,hepatitis viral a*,2017-01-01,0,0,0,0,14,4,18,9,5,1,2,2,4,3,0,0,0,1,0,2,43,22,65
SHINAOTA,inmunoprevenibles,hepatitis viral a*,2017-01-01,0,0,0,0,3,2,1,2,1,0,0,0,0,0,0,0,0,0,0,0,5,4,9
SIPE SIPE,inmunoprevenibles,hepatitis viral a*,2017-01-01,0,0,0,0,1,0,0,0,0,0,0,0,0,0,0,0,0,0,0,0,1,0,1
SUCRE,inmunoprevenibles,hepatitis viral a*,2017-01-01,0,0,0,0,1,1,2,0,1,1,0,0,0,0,0,0,0,0,0,0,4,2,6
TARABUCO,inmunoprevenibles,hepatitis viral a*,2017-01-01,0,0,0,0,0,0,1,0,0,1,0,1,0,1,0,0,0,1,1,0,2,4,6
TARIJA,inmunoprevenibles,hepatitis viral a*,2017-01-01,0,0,0,0,0,0,0,2,0,1,1,0,0,0,0,0,1,0,0,0,2,3,5
TEOPONTE,inmunoprevenibles,hepatitis viral a*,2017-01-01,0,0,0,0,0,0,0,0,0,0,0,0,0,1,0,0,0,0,0,0,0,1,1
TIQUIPAYA,inmunoprevenibles,hepatitis viral a*,2017-01-01,0,0,0,0,1,1,0,1,0,0,0,0,0,0,0,0,0,0,0,0,1,2,3
TOCO,inmunoprevenibles,hepatitis viral a*,2017-01-01,0,0,0,0,1,0,0,0,0,0,0,0,0,0,0,0,0,0,0,0,1,0,1
TRINIDAD,inmunoprevenibles,hepatitis viral a*,2017-01-01,0,0,0,0,1,2,11,2,4,2,1,0,1,0,0,0,0,0,0,0,18,6,24
UYUNI,inmunoprevenibles,hepatitis viral a*,2017-01-01,0,0,0,0,1,0,0,0,0,0,0,0,0,0,0,0,0,0,0,0,1,0,1
VILLAZON,inmunoprevenibles,hepatitis viral a*,2017-01-01,0,0,0,0,0,0,0,0,1,0,0,0,0,0,0,0,0,0,0,0,1,0,1
WARNES,inmunoprevenibles,hepatitis viral a*,2017-01-01,0,0,0,0,1,0,0,0,0,0,0,0,0,0,0,0,0,0,0,0,1,0,1
YACUIBA,inmunoprevenibles,hepatitis viral a*,2017-01-01,0,0,0,0,0,0,2,0,0,0,0,0,0,0,0,0,0,0,0,0,2,0,2
ACHACACHI,inmunoprevenibles,hepatitis viral a*,2017-02-01,0,0,0,0,0,0,0,0,1,0,0,0,0,0,0,0,0,0,0,0,1,0,1
ACHOCALLA,inmunoprevenibles,hepatitis viral a*,2017-02-01,0,0,0,0,0,0,0,1,0,0,0,0,0,0,0,0,0,0,0,0,0,1,1
ARANI,inmunoprevenibles,hepatitis viral a*,2017-02-01,0,0,0,0,0,0,1,0,0,0,0,0,0,0,0,0,0,0,0,0,1,0,1
ARBIETO,inmunoprevenibles,hepatitis viral a*,2017-02-01,0,0,0,0,0,1,0,0,0,0,1,0,0,0,0,0,0,0,0,0,1,1,2
ASCENCION DE GUARAYOS,inmunoprevenibles,hepatitis viral a*,2017-02-01,0,0,0,0,1,0,0,0,0,0,0,0,0,0,0,0,0,0,0,0,1,0,1
AYOPAYA (V. DE INDEPENDENCIA),inmunoprevenibles,hepatitis viral a*,2017-02-01,0,0,0,0,0,0,0,0,0,0,0,0,0,0,0,0,0,0,3,2,3,2,5
BERMEJO,inmunoprevenibles,hepatitis viral a*,2017-02-01,0,0,1,0,1,1,0,0,0,1,0,0,0,0,0,0,0,0,0,0,2,2,4
CAIROMA,inmunoprevenibles,hepatitis viral a*,2017-02-01,0,0,0,0,0,0,1,0,0,0,0,0,0,0,0,0,0,0,0,0,1,0,1
CAMARGO,inmunoprevenibles,hepatitis viral a*,2017-02-01,0,0,0,0,1,0,0,1,0,0,0,1,0,0,0,0,0,0,0,0,1,2,3
CAMIRI,inmunoprevenibles,hepatitis viral a*,2017-02-01,0,0,0,0,2,0,0,0,0,0,0,0,0,0,0,0,0,0,0,0,2,0,2
CARANAVI,inmunoprevenibles,hepatitis viral a*,2017-02-01,0,0,0,0,0,0,0,0,0,1,0,0,0,0,0,0,0,0,0,0,0,1,1
CARAPARI,inmunoprevenibles,hepatitis viral a*,2017-02-01,0,1,0,0,11,9,12,9,2,13,0,0,0,0,0,0,0,0,0,0,25,32,57
CHARAGUA,inmunoprevenibles,hepatitis viral a*,2017-02-01,0,0,0,0,0,0,0,0,0,0,0,0,0,0,0,0,0,0,1,0,1,0,1
CLIZA,inmunoprevenibles,hepatitis viral a*,2017-02-01,0,0,0,0,1,1,0,0,0,0,0,0,0,0,0,0,0,0,0,0,1,1,2
COBIJA,inmunoprevenibles,hepatitis viral a*,2017-02-01,0,0,0,0,5,1,0,0,2,0,0,0,0,0,0,0,0,0,0,0,7,1,8
COCHABAMBA,inmunoprevenibles,hepatitis viral a*,2017-02-01,0,0,0,0,6,6,8,6,9,0,0,2,2,2,0,0,0,0,0,0,25,16,41
COLCAPIRHUA,inmunoprevenibles,hepatitis viral a*,2017-02-01,0,0,0,0,1,0,0,1,1,0,0,0,0,0,0,0,0,0,0,0,2,1,3
COLOMI,inmunoprevenibles,hepatitis viral a*,2017-02-01,0,0,0,0,0,1,0,0,0,0,0,0,0,0,0,0,0,0,0,0,0,1,1
COLQUIRI,inmunoprevenibles,hepatitis viral a*,2017-02-01,0,0,0,0,0,0,0,0,0,0,0,0,1,0,0,0,0,0,0,0,1,0,1
COTAGAITA,inmunoprevenibles,hepatitis viral a*,2017-02-01,0,0,0,0,0,0,0,0,0,0,0,0,0,1,0,0,0,0,0,0,0,1,1
EL ALTO,inmunoprevenibles,hepatitis viral a*,2017-02-01,0,0,0,0,0,0,3,4,2,2,3,0,0,0,1,0,0,0,0,0,9,6,15
GUAYARAMERIN,inmunoprevenibles,hepatitis viral a*,2017-02-01,1,0,1,0,0,0,0,0,0,1,0,0,0,0,0,0,0,0,0,0,2,1,3
IRUPANA (VILLA DE LANZA),inmunoprevenibles,hepatitis viral a*,2017-02-01,0,0,0,0,0,1,0,0,0,0,0,0,0,0,0,0,0,0,0,0,0,1,1
LA GUARDIA,inmunoprevenibles,hepatitis viral a*,2017-02-01,0,0,0,0,1,0,1,0,0,0,0,0,0,0,0,0,0,0,0,0,2,0,2
LA PAZ,inmunoprevenibles,hepatitis viral a*,2017-02-01,0,0,0,0,7,2,2,5,1,1,1,0,2,1,0,0,0,0,1,0,14,9,23
MAGDALENA,inmunoprevenibles,hepatitis viral a*,2017-02-01,0,0,0,0,0,0,0,1,0,0,0,0,0,0,0,0,0,0,0,0,0,1,1
MAIRANA,inmunoprevenibles,hepatitis viral a*,2017-02-01,0,0,0,0,3,1,3,2,1,0,1,0,0,0,0,0,0,0,0,0,8,3,11
MONTEAGUDO,inmunoprevenibles,hepatitis viral a*,2017-02-01,0,0,0,0,0,0,0,1,0,0,0,0,0,0,0,0,0,0,0,0,0,1,1
MONTERO,inmunoprevenibles,hepatitis viral a*,2017-02-01,0,0,0,0,0,2,1,3,0,0,0,0,0,0,0,1,0,0,0,0,1,6,7
OMEREQUE,inmunoprevenibles,hepatitis viral a*,2017-02-01,0,0,0,0,0,0,0,1,1,0,0,0,0,0,0,0,0,0,0,0,1,1,2
ORURO,inmunoprevenibles,hepatitis viral a*,2017-02-01,0,0,0,0,3,0,2,3,3,0,1,0,1,0,1,0,0,0,0,0,11,3,14
PAILON,inmunoprevenibles,hepatitis viral a*,2017-02-01,0,0,0,0,0,1,0,0,0,0,0,0,0,0,0,0,0,0,0,0,0,1,1
PASORAPA,inmunoprevenibles,hepatitis viral a*,2017-02-01,0,0,0,0,0,0,0,0,1,0,0,0,0,0,0,0,0,0,0,0,1,0,1
POTOSI,inmunoprevenibles,hepatitis viral a*,2017-02-01,0,0,0,0,0,0,0,1,0,2,1,1,0,0,0,0,0,0,0,0,1,4,5
PUERTO SUAREZ,inmunoprevenibles,hepatitis viral a*,2017-02-01,0,0,0,0,0,1,2,0,0,0,0,0,0,0,0,0,0,0,0,0,2,1,3
PUNATA,inmunoprevenibles,hepatitis viral a*,2017-02-01,0,0,0,0,2,1,2,1,1,0,0,0,0,0,0,0,0,0,0,0,5,2,7
QUILLACOLLO,inmunoprevenibles,hepatitis viral a*,2017-02-01,0,0,0,0,0,0,3,0,0,0,0,0,0,0,0,0,0,0,0,0,3,0,3
SACABA,inmunoprevenibles,hepatitis viral a*,2017-02-01,0,0,0,0,0,2,0,1,0,0,0,0,0,0,0,0,0,0,0,0,0,3,3
SAMAIPATA,inmunoprevenibles,hepatitis viral a*,2017-02-01,0,0,0,0,0,0,0,1,0,0,0,0,0,0,0,0,0,0,0,0,0,1,1
SAN IGNACIO,inmunoprevenibles,hepatitis viral a*,2017-02-01,0,0,0,0,0,0,0,0,1,1,0,0,0,0,0,1,0,0,0,0,1,2,3
SAN IGNACIO DE VELASCO,inmunoprevenibles,hepatitis viral a*,2017-02-01,0,0,0,0,1,2,0,1,0,1,0,0,0,0,0,0,0,0,0,0,1,4,5
SAN LORENZO(TJA),inmunoprevenibles,hepatitis viral a*,2017-02-01,0,0,0,0,0,0,1,0,0,0,0,0,0,0,0,0,0,0,0,0,1,0,1
SAN PEDRO,inmunoprevenibles,hepatitis viral a*,2017-02-01,0,0,0,0,0,0,1,0,1,0,0,0,0,0,0,0,0,0,0,0,2,0,2
SANTA CRUZ DE LA SIERRA,inmunoprevenibles,hepatitis viral a*,2017-02-01,1,0,0,0,18,6,8,10,4,5,3,0,4,8,0,1,0,0,1,2,39,32,71
SHINAOTA,inmunoprevenibles,hepatitis viral a*,2017-02-01,0,0,0,0,0,1,0,0,0,0,0,0,0,0,0,0,0,0,0,0,0,1,1
SUCRE,inmunoprevenibles,hepatitis viral a*,2017-02-01,0,0,0,0,2,1,1,2,1,2,0,0,0,0,0,0,0,0,0,0,4,5,9
TARABUCO,inmunoprevenibles,hepatitis viral a*,2017-02-01,0,0,0,0,0,0,1,0,0,0,0,0,0,0,0,0,0,0,0,0,1,0,1
TARIJA,inmunoprevenibles,hepatitis viral a*,2017-02-01,0,0,0,0,3,2,4,0,1,1,0,0,3,2,0,0,2,0,0,0,13,5,18
TIQUIPAYA,inmunoprevenibles,hepatitis viral a*,2017-02-01,0,0,0,0,0,0,0,1,1,0,0,0,0,0,0,0,0,0,0,0,1,1,2
TRINIDAD,inmunoprevenibles,hepatitis viral a*,2017-02-01,0,0,0,0,1,0,3,0,0,0,1,0,0,1,0,0,0,0,2,1,7,2,9
UMALA,inmunoprevenibles,hepatitis viral a*,2017-02-01,0,0,0,0,1,0,0,0,0,0,1,0,0,0,0,0,0,0,1,1,3,1,4
VILLA TUNARI,inmunoprevenibles,hepatitis viral a*,2017-02-01,0,0,0,0,1,0,2,0,0,0,0,0,0,0,0,0,0,0,0,0,3,0,3
VILLAZON,inmunoprevenibles,hepatitis viral a*,2017-02-01,0,0,0,0,0,0,0,0,0,0,0,0,0,0,0,0,0,1,0,0,0,1,1
YACUIBA,inmunoprevenibles,hepatitis viral a*,2017-02-01,0,0,0,0,2,0,1,0,1,0,0,0,3,0,0,0,0,0,0,0,7,0,7
AIQUILE,inmunoprevenibles,hepatitis viral a*,2017-03-01,0,0,0,0,0,0,0,0,0,0,0,1,0,0,0,0,0,0,0,0,0,1,1
ARBIETO,inmunoprevenibles,hepatitis viral a*,2017-03-01,0,0,0,0,1,1,0,0,0,0,0,0,0,0,0,0,0,0,0,0,1,1,2
BERMEJO,inmunoprevenibles,hepatitis viral a*,2017-03-01,0,0,0,0,0,0,0,0,0,1,0,0,0,0,0,0,0,0,0,0,0,1,1
CAMARGO,inmunoprevenibles,hepatitis viral a*,2017-03-01,0,0,0,0,2,2,2,1,1,1,0,0,0,0,0,0,0,0,0,0,5,4,9
CAMIRI,inmunoprevenibles,hepatitis viral a*,2017-03-01,0,0,0,0,0,0,1,0,1,0,0,1,0,0,0,0,0,0,0,0,2,1,3
CARANAVI,inmunoprevenibles,hepatitis viral a*,2017-03-01,0,0,0,0,0,0,0,0,0,1,0,0,0,0,0,0,0,0,0,0,0,1,1
CARAPARI,inmunoprevenibles,hepatitis viral a*,2017-03-01,0,0,0,0,0,1,1,3,1,0,0,0,1,0,0,0,0,0,0,0,3,4,7
CHULUMANI (V. DE LA LIBERTAD),inmunoprevenibles,hepatitis viral a*,2017-03-01,0,0,0,0,0,0,0,1,0,0,0,0,0,0,0,0,0,0,0,0,0,1,1
COBIJA,inmunoprevenibles,hepatitis viral a*,2017-03-01,0,0,0,0,4,0,1,3,0,1,0,0,0,0,0,0,0,0,1,0,6,4,10
COCHABAMBA,inmunoprevenibles,hepatitis viral a*,2017-03-01,0,0,0,0,0,6,7,5,6,3,10,2,3,1,1,0,1,0,1,0,29,17,46
CONCEPCION,inmunoprevenibles,hepatitis viral a*,2017-03-01,0,0,0,0,0,1,0,0,0,0,0,0,1,0,0,0,0,0,0,0,1,1,2
COTOCA,inmunoprevenibles,hepatitis viral a*,2017-03-01,0,0,0,0,0,1,2,0,0,0,0,0,0,0,0,0,0,0,0,0,2,1,3
EL ALTO,inmunoprevenibles,hepatitis viral a*,2017-03-01,0,0,0,0,2,1,1,2,2,4,1,0,0,2,0,0,1,0,0,0,7,9,16
ENTRE RIOS CBBA,inmunoprevenibles,hepatitis viral a*,2017-03-01,0,0,0,0,1,0,0,0,0,0,0,0,0,0,0,0,0,0,0,0,1,0,1
ESCARA,inmunoprevenibles,hepatitis viral a*,2017-03-01,0,0,1,0,0,0,0,0,0,0,0,0,1,0,0,0,0,0,0,2,2,2,4
GUAYARAMERIN,inmunoprevenibles,hepatitis viral a*,2017-03-01,0,1,0,0,6,0,6,3,1,2,0,0,0,0,0,0,0,0,0,0,13,6,19
HUANUNI,inmunoprevenibles,hepatitis viral a*,2017-03-01,0,0,0,0,2,1,0,0,0,0,0,0,0,0,0,0,0,0,0,0,2,1,3
LA ASUNTA,inmunoprevenibles,hepatitis viral a*,2017-03-01,0,0,0,0,1,0,0,0,0,0,0,0,0,0,0,0,0,0,0,0,1,0,1
LA GUARDIA,inmunoprevenibles,hepatitis viral a*,2017-03-01,0,0,0,0,0,0,0,0,1,0,0,1,0,0,0,0,0,0,0,0,1,1,2
LA PAZ,inmunoprevenibles,hepatitis viral a*,2017-03-01,0,0,0,0,5,1,2,3,1,2,1,2,0,2,1,0,0,1,1,0,11,11,22
MAGDALENA,inmunoprevenibles,hepatitis viral a*,2017-03-01,0,0,0,0,0,0,0,0,0,0,1,0,0,0,0,0,0,0,0,0,1,0,1
MAIRANA,inmunoprevenibles,hepatitis viral a*,2017-03-01,0,0,0,0,2,0,3,2,0,1,1,0,0,0,0,0,0,0,0,0,6,3,9
MONTERO,inmunoprevenibles,hepatitis viral a*,2017-03-01,0,0,0,1,1,0,1,0,0,0,0,0,0,0,0,0,0,0,0,0,2,1,3
NACEBE (SANTA ROSA DEL ABUNA),inmunoprevenibles,hepatitis viral a*,2017-03-01,0,0,0,0,1,0,0,0,0,0,0,0,0,0,0,0,0,0,0,0,1,0,1
ORURO,inmunoprevenibles,hepatitis viral a*,2017-03-01,0,0,0,0,4,0,4,9,2,2,0,0,0,0,0,0,0,0,0,0,10,11,21
POTOSI,inmunoprevenibles,hepatitis viral a*,2017-03-01,0,0,0,0,1,1,0,0,0,1,0,0,0,0,0,0,0,0,0,0,1,2,3
PUERTO VILLARROEL,inmunoprevenibles,hepatitis viral a*,2017-03-01,0,0,0,0,0,0,0,0,0,0,1,0,0,0,0,0,0,0,0,0,1,0,1
PUNATA,inmunoprevenibles,hepatitis viral a*,2017-03-01,0,0,0,0,1,0,1,1,1,0,0,0,0,0,0,0,1,0,0,0,4,1,5
QUILLACOLLO,inmunoprevenibles,hepatitis viral a*,2017-03-01,0,0,0,1,1,0,0,0,0,0,0,0,0,0,0,0,0,0,0,0,1,1,2
QUIRUSILLAS,inmunoprevenibles,hepatitis viral a*,2017-03-01,0,0,0,0,1,0,0,0,0,1,0,0,0,0,0,0,0,0,0,0,1,1,2
RURRENABAQUE,inmunoprevenibles,hepatitis viral a*,2017-03-01,0,0,0,0,0,0,0,0,0,1,0,0,0,0,0,0,0,0,0,0,0,1,1
SACABA,inmunoprevenibles,hepatitis viral a*,2017-03-01,0,0,0,0,2,5,5,3,0,0,1,0,0,1,0,0,0,0,0,0,8,9,17
SAMAIPATA,inmunoprevenibles,hepatitis viral a*,2017-03-01,0,0,0,0,1,0,0,2,0,0,0,0,0,0,0,0,0,0,0,0,1,2,3
SAN ANDRES,inmunoprevenibles,hepatitis viral a*,2017-03-01,0,0,0,0,0,1,0,0,0,0,0,0,0,0,0,0,0,0,0,0,0,1,1
SAN CARLOS,inmunoprevenibles,hepatitis viral a*,2017-03-01,0,0,0,0,1,0,0,0,0,0,0,0,0,0,0,0,0,0,0,0,1,0,1
SAN IGNACIO,inmunoprevenibles,hepatitis viral a*,2017-03-01,0,0,0,0,1,0,1,0,0,0,0,0,0,0,0,0,0,0,0,0,2,0,2
SAN IGNACIO DE VELASCO,inmunoprevenibles,hepatitis viral a*,2017-03-01,0,0,0,0,3,1,0,0,0,0,1,0,0,0,0,0,0,0,0,0,4,1,5
SAN PEDRO,inmunoprevenibles,hepatitis viral a*,2017-03-01,0,0,0,0,0,0,0,0,1,0,0,0,0,0,0,0,0,0,0,0,1,0,1
SANTA ANA,inmunoprevenibles,hepatitis viral a*,2017-03-01,0,0,0,0,1,0,0,0,0,0,0,0,0,0,0,0,0,0,1,0,2,0,2
SANTA CRUZ DE LA SIERRA,inmunoprevenibles,hepatitis viral a*,2017-03-01,0,2,0,0,9,2,16,17,6,7,2,2,7,6,0,0,3,1,1,3,44,40,84
SANTA ROSA,inmunoprevenibles,hepatitis viral a*,2017-03-01,0,0,0,0,0,0,0,0,0,0,0,0,0,1,0,0,0,0,0,0,0,1,1
SHINAOTA,inmunoprevenibles,hepatitis viral a*,2017-03-01,0,0,0,0,2,0,4,1,0,0,0,0,0,0,0,0,0,0,0,0,6,1,7
SUCRE,inmunoprevenibles,hepatitis viral a*,2017-03-01,0,0,0,0,2,0,1,2,1,1,0,0,0,0,0,0,0,0,0,0,4,3,7
TACOPAYA,inmunoprevenibles,hepatitis viral a*,2017-03-01,0,0,0,0,0,0,0,2,0,0,0,0,0,0,0,0,0,0,0,0,0,2,2
TARABUCO,inmunoprevenibles,hepatitis viral a*,2017-03-01,0,0,0,0,0,0,0,0,0,0,0,0,0,1,0,0,0,0,0,0,0,1,1
TARIJA,inmunoprevenibles,hepatitis viral a*,2017-03-01,0,0,1,0,0,1,3,0,1,0,0,2,1,0,1,0,2,0,0,1,9,4,13
TRINIDAD,inmunoprevenibles,hepatitis viral a*,2017-03-01,0,0,0,0,5,6,6,2,2,4,3,2,3,0,1,0,0,1,0,0,20,15,35
TUPIZA,inmunoprevenibles,hepatitis viral a*,2017-03-01,0,0,0,0,0,0,0,0,0,1,0,0,0,0,0,0,0,0,0,0,0,1,1
VILLA TUNARI,inmunoprevenibles,hepatitis viral a*,2017-03-01,0,0,0,0,1,1,0,0,0,0,0,0,0,0,0,0,0,0,0,0,1,1,2
VILLAZON,inmunoprevenibles,hepatitis viral a*,2017-03-01,0,0,0,0,0,0,0,0,0,1,0,0,0,0,1,1,0,0,0,0,1,2,3
VITICHI,inmunoprevenibles,hepatitis viral a*,2017-03-01,0,1,0,0,2,0,1,0,0,0,0,0,0,1,0,0,0,1,1,0,4,3,7
YACUIBA,inmunoprevenibles,hepatitis viral a*,2017-03-01,0,0,0,0,2,0,0,0,1,0,0,0,0,1,0,0,0,0,0,0,3,1,4
YUNCHARA,inmunoprevenibles,hepatitis viral a*,2017-03-01,0,0,0,0,0,0,0,1,0,0,0,0,0,0,0,0,0,0,0,0,0,1,1
ARBIETO,inmunoprevenibles,hepatitis viral a*,2017-04-01,0,0,0,0,1,0,0,0,0,0,0,0,0,0,0,0,0,0,0,0,1,0,1
BERMEJO,inmunoprevenibles,hepatitis viral a*,2017-04-01,0,0,0,0,0,0,0,0,0,1,0,0,0,0,0,0,0,0,0,0,0,1,1
CAMARGO,inmunoprevenibles,hepatitis viral a*,2017-04-01,0,0,0,0,1,0,0,0,0,0,0,0,0,0,0,0,0,0,0,0,1,0,1
CARAPARI,inmunoprevenibles,hepatitis viral a*,2017-04-01,0,0,0,0,2,2,0,0,0,0,0,0,0,0,0,0,0,0,0,0,2,2,4
CHAYANTA,inmunoprevenibles,hepatitis viral a*,2017-04-01,0,0,0,0,0,0,0,0,0,0,0,0,0,0,0,0,0,0,0,1,0,1,1
CKOCHAS,inmunoprevenibles,hepatitis viral a*,2017-04-01,0,0,0,0,0,0,0,0,1,0,0,0,0,0,0,0,0,0,0,0,1,0,1
COBIJA,inmunoprevenibles,hepatitis viral a*,2017-04-01,0,0,0,1,2,5,0,2,1,1,0,0,0,0,0,0,0,0,0,0,3,9,12
COCHABAMBA,inmunoprevenibles,hepatitis viral a*,2017-04-01,0,0,0,0,3,10,11,13,7,6,4,0,2,2,1,1,0,2,0,2,28,36,64
COLCAPIRHUA,inmunoprevenibles,hepatitis viral a*,2017-04-01,0,0,0,0,1,0,0,0,0,0,0,0,0,0,0,0,0,0,0,0,1,0,1
COLOMI,inmunoprevenibles,hepatitis viral a*,2017-04-01,0,0,0,0,1,0,0,0,0,0,0,0,0,0,0,0,0,0,0,0,1,0,1
CONCEPCION,inmunoprevenibles,hepatitis viral a*,2017-04-01,0,0,0,0,1,0,0,0,2,0,0,0,0,0,0,0,0,0,1,0,4,0,4
COTOCA,inmunoprevenibles,hepatitis viral a*,2017-04-01,0,0,0,0,0,0,1,0,1,0,0,0,0,0,0,0,0,0,0,0,2,0,2
CULPINA,inmunoprevenibles,hepatitis viral a*,2017-04-01,0,0,0,0,0,0,0,0,0,0,0,0,0,1,0,0,0,0,0,0,0,1,1
EL ALTO,inmunoprevenibles,hepatitis viral a*,2017-04-01,0,0,0,0,7,0,4,2,1,2,0,0,0,0,0,0,0,0,0,0,12,4,16
EL PUENTE(STC),inmunoprevenibles,hepatitis viral a*,2017-04-01,0,0,0,0,0,0,0,0,0,1,0,0,0,0,0,0,0,0,0,0,0,1,1
EL TORNO,inmunoprevenibles,hepatitis viral a*,2017-04-01,0,0,0,0,1,0,1,0,0,0,0,0,0,0,0,0,0,0,0,0,2,0,2
GENERAL SAAVEDRA,inmunoprevenibles,hepatitis viral a*,2017-04-01,0,0,0,0,1,0,0,0,0,0,0,0,0,0,0,0,0,0,0,0,1,0,1
GUAYARAMERIN,inmunoprevenibles,hepatitis viral a*,2017-04-01,0,0,0,0,4,1,1,2,1,3,0,0,0,0,0,0,0,0,0,0,6,6,12
IRUPANA (VILLA DE LANZA),inmunoprevenibles,hepatitis viral a*,2017-04-01,0,0,0,0,0,0,0,1,0,0,0,0,0,0,0,0,0,0,0,0,0,1,1
LA GUARDIA,inmunoprevenibles,hepatitis viral a*,2017-04-01,0,0,0,0,0,0,0,0,1,0,0,0,0,0,0,0,0,0,0,1,1,1,2
LA PAZ,inmunoprevenibles,hepatitis viral a*,2017-04-01,0,0,1,0,3,0,1,4,2,0,2,2,1,1,0,0,1,0,0,0,11,7,18
LLICA,inmunoprevenibles,hepatitis viral a*,2017-04-01,0,0,0,0,1,0,0,0,0,0,0,0,0,0,0,0,0,0,0,0,1,0,1
MAIRANA,inmunoprevenibles,hepatitis viral a*,2017-04-01,0,0,0,0,3,1,1,0,1,0,0,0,1,0,0,0,0,0,0,0,6,1,7
MAPIRI,inmunoprevenibles,hepatitis viral a*,2017-04-01,0,0,0,0,0,0,0,0,0,0,0,0,0,1,0,0,0,0,0,0,0,1,1
MONTERO,inmunoprevenibles,hepatitis viral a*,2017-04-01,0,0,0,0,6,5,1,4,0,5,0,0,0,0,0,0,0,0,0,0,7,14,21
OMEREQUE,inmunoprevenibles,hepatitis viral a*,2017-04-01,0,0,0,0,0,2,0,1,0,0,0,0,0,0,0,0,0,0,0,0,0,3,3
ORURO,inmunoprevenibles,hepatitis viral a*,2017-04-01,0,0,0,0,8,4,12,6,1,1,0,0,0,1,0,0,0,0,0,0,21,12,33
PAILON,inmunoprevenibles,hepatitis viral a*,2017-04-01,0,0,0,0,1,0,0,0,0,0,0,0,0,0,0,0,0,0,0,0,1,0,1
POCONA,inmunoprevenibles,hepatitis viral a*,2017-04-01,0,1,1,0,2,2,0,0,0,0,1,1,1,0,1,1,0,0,0,2,6,7,13
POTOSI,inmunoprevenibles,hepatitis viral a*,2017-04-01,0,0,0,0,1,0,2,1,0,0,0,0,0,0,0,0,0,0,0,0,3,1,4
PUERTO RICO,inmunoprevenibles,hepatitis viral a*,2017-04-01,0,0,0,0,0,1,0,0,0,0,0,0,0,0,0,0,0,0,0,0,0,1,1
PUNATA,inmunoprevenibles,hepatitis viral a*,2017-04-01,0,0,0,0,2,0,0,1,0,3,0,0,0,0,0,0,0,0,0,0,2,4,6
QUILLACOLLO,inmunoprevenibles,hepatitis viral a*,2017-04-01,0,0,0,0,0,0,0,1,0,0,0,0,0,0,0,0,0,0,0,0,0,1,1
RURRENABAQUE,inmunoprevenibles,hepatitis viral a*,2017-04-01,0,0,0,0,1,1,0,0,1,0,0,0,0,0,0,0,0,0,0,0,2,1,3
SACABA,inmunoprevenibles,hepatitis viral a*,2017-04-01,0,0,0,0,4,2,1,1,0,0,0,0,1,0,0,0,0,0,0,0,6,3,9
SAN CARLOS,inmunoprevenibles,hepatitis viral a*,2017-04-01,0,0,0,0,0,1,0,1,0,0,0,0,0,0,0,0,0,0,0,0,0,2,2
SAN IGNACIO DE VELASCO,inmunoprevenibles,hepatitis viral a*,2017-04-01,0,0,0,0,2,1,3,0,1,0,0,1,0,0,0,0,0,0,0,0,6,2,8
SAN JULIAN,inmunoprevenibles,hepatitis viral a*,2017-04-01,0,0,0,0,1,0,0,0,0,0,0,0,0,0,0,0,0,0,0,0,1,0,1
SAN PEDRO,inmunoprevenibles,hepatitis viral a*,2017-04-01,0,0,0,0,0,0,0,1,0,0,0,0,0,0,0,0,0,0,0,0,0,1,1
SANTA CRUZ DE LA SIERRA,inmunoprevenibles,hepatitis viral a*,2017-04-01,0,0,0,0,3,6,14,16,14,2,3,4,6,6,1,0,0,0,0,0,41,34,75
SANTA ROSA,inmunoprevenibles,hepatitis viral a*,2017-04-01,0,0,0,0,0,0,1,0,0,0,0,0,0,0,0,0,0,0,0,0,1,0,1
SHINAOTA,inmunoprevenibles,hepatitis viral a*,2017-04-01,0,0,0,0,1,1,2,0,0,0,0,0,0,0,0,0,0,0,0,0,3,1,4
SUCRE,inmunoprevenibles,hepatitis viral a*,2017-04-01,0,0,0,0,0,1,0,2,0,0,0,0,0,0,0,0,0,0,0,0,0,3,3
TARABUCO,inmunoprevenibles,hepatitis viral a*,2017-04-01,0,0,0,0,1,0,0,0,0,1,0,0,0,0,0,0,0,0,0,0,1,1,2
TARIJA,inmunoprevenibles,hepatitis viral a*,2017-04-01,0,0,0,0,0,0,1,0,1,0,0,0,0,0,0,0,0,0,0,0,2,0,2
TEOPONTE,inmunoprevenibles,hepatitis viral a*,2017-04-01,0,0,0,0,0,0,0,0,0,0,0,1,0,0,0,0,0,0,0,0,0,1,1
TIQUIPAYA,inmunoprevenibles,hepatitis viral a*,2017-04-01,0,0,0,0,1,0,0,0,0,0,0,0,0,0,1,0,0,0,0,0,2,0,2
TRINIDAD,inmunoprevenibles,hepatitis viral a*,2017-04-01,0,1,0,0,10,10,2,8,0,0,2,1,3,1,0,0,1,1,0,0,18,22,40
TUPIZA,inmunoprevenibles,hepatitis viral a*,2017-04-01,0,0,0,0,0,0,0,1,0,0,0,0,0,0,0,0,0,0,0,0,0,1,1
VILLA TUNARI,inmunoprevenibles,hepatitis viral a*,2017-04-01,1,1,0,0,1,1,1,3,0,0,0,0,0,0,0,0,0,0,0,0,3,5,8
YACUIBA,inmunoprevenibles,hepatitis viral a*,2017-04-01,0,0,0,0,0,0,0,2,3,3,0,0,1,0,0,0,0,0,0,0,4,5,9
YUNCHARA,inmunoprevenibles,hepatitis viral a*,2017-04-01,0,0,0,0,0,0,0,0,0,1,0,0,0,0,0,0,0,0,0,0,0,1,1
AIQUILE,inmunoprevenibles,hepatitis viral a*,2017-05-01,0,0,0,0,0,1,0,0,0,0,0,0,0,0,0,0,0,0,0,0,0,1,1
ARANI,inmunoprevenibles,hepatitis viral a*,2017-05-01,0,0,0,0,0,0,1,0,0,0,1,0,0,0,0,0,0,0,0,0,2,0,2
BERMEJO,inmunoprevenibles,hepatitis viral a*,2017-05-01,0,0,0,0,0,0,0,0,0,0,0,0,0,1,0,0,0,0,0,0,0,1,1
BETANZOS,inmunoprevenibles,hepatitis viral a*,2017-05-01,0,0,0,0,0,2,0,0,0,0,0,0,0,0,0,0,0,0,0,0,0,2,2
CAMARGO,inmunoprevenibles,hepatitis viral a*,2017-05-01,0,0,0,0,0,0,1,0,1,0,0,0,0,0,0,0,0,0,0,0,2,0,2
CAMIRI,inmunoprevenibles,hepatitis viral a*,2017-05-01,0,0,0,0,0,0,0,0,1,1,0,0,0,0,0,0,0,0,0,0,1,1,2
CARAPARI,inmunoprevenibles,hepatitis viral a*,2017-05-01,0,1,1,0,2,3,2,6,2,0,0,0,0,0,0,0,0,0,0,0,7,10,17
CHALLAPATA,inmunoprevenibles,hepatitis viral a*,2017-05-01,0,0,0,0,0,1,1,1,0,0,0,0,0,0,0,0,0,0,0,0,1,2,3
CHIMORE,inmunoprevenibles,hepatitis viral a*,2017-05-01,0,0,0,0,1,0,0,0,0,0,0,0,0,0,0,0,0,0,0,0,1,0,1
COBIJA,inmunoprevenibles,hepatitis viral a*,2017-05-01,0,0,0,0,0,1,0,0,0,0,0,0,0,0,0,1,0,0,0,0,0,2,2
COCHABAMBA,inmunoprevenibles,hepatitis viral a*,2017-05-01,0,0,0,0,8,14,10,12,2,1,1,1,2,3,0,0,0,0,0,0,23,31,54
COLOMI,inmunoprevenibles,hepatitis viral a*,2017-05-01,0,0,0,0,0,0,0,1,0,0,0,0,0,0,0,0,0,0,0,0,0,1,1
COLQUENCHA,inmunoprevenibles,hepatitis viral a*,2017-05-01,0,0,0,0,0,0,0,0,1,0,0,0,0,0,0,0,0,0,0,0,1,0,1
CONCEPCION,inmunoprevenibles,hepatitis viral a*,2017-05-01,0,0,0,0,0,1,0,0,0,0,0,0,0,0,0,1,0,0,0,0,0,2,2
COROICO,inmunoprevenibles,hepatitis viral a*,2017-05-01,0,0,0,0,0,0,0,1,0,0,0,0,0,0,0,0,0,0,0,0,0,1,1
EL ALTO,inmunoprevenibles,hepatitis viral a*,2017-05-01,0,0,0,0,1,1,1,14,7,8,2,3,2,0,1,0,0,0,0,0,14,26,40
GUAYARAMERIN,inmunoprevenibles,hepatitis viral a*,2017-05-01,0,0,0,0,1,1,2,3,1,1,1,0,0,0,0,0,0,0,0,0,5,5,10
HUANUNI,inmunoprevenibles,hepatitis viral a*,2017-05-01,0,0,0,0,0,1,0,0,0,0,0,0,0,0,0,0,0,0,0,0,0,1,1
HUARACAJE,inmunoprevenibles,hepatitis viral a*,2017-05-01,0,0,0,0,0,0,0,0,0,0,0,0,0,0,0,0,0,1,0,0,0,1,1
IRUPANA (VILLA DE LANZA),inmunoprevenibles,hepatitis viral a*,2017-05-01,0,0,0,0,1,0,0,0,0,0,0,0,0,0,0,0,0,0,0,0,1,0,1
LA PAZ,inmunoprevenibles,hepatitis viral a*,2017-05-01,0,0,0,0,3,5,4,10,3,2,4,4,0,0,0,0,0,0,0,0,14,21,35
LAJA,inmunoprevenibles,hepatitis viral a*,2017-05-01,0,0,0,0,0,0,1,0,0,0,0,0,0,0,0,0,0,0,0,0,1,0,1
MAGDALENA,inmunoprevenibles,hepatitis viral a*,2017-05-01,0,0,0,0,0,0,0,1,0,0,0,0,0,0,0,0,0,0,0,0,0,1,1
MAIRANA,inmunoprevenibles,hepatitis viral a*,2017-05-01,0,0,0,0,3,2,0,2,1,1,1,0,0,0,0,0,0,0,0,0,5,5,10
MONTERO,inmunoprevenibles,hepatitis viral a*,2017-05-01,0,0,0,0,13,13,2,8,1,1,1,0,0,0,0,0,0,0,1,0,18,22,40
MORO MORO,inmunoprevenibles,hepatitis viral a*,2017-05-01,0,0,0,0,0,0,0,1,0,0,0,0,0,0,0,0,0,0,0,0,0,1,1
MOROCHATA,inmunoprevenibles,hepatitis viral a*,2017-05-01,0,0,0,0,0,0,0,0,1,0,0,0,0,0,0,0,0,0,0,0,1,0,1
NACEBE (SANTA ROSA DEL ABUNA),inmunoprevenibles,hepatitis viral a*,2017-05-01,0,0,0,0,1,0,0,0,0,0,0,0,0,0,0,0,0,0,0,0,1,0,1
OMEREQUE,inmunoprevenibles,hepatitis viral a*,2017-05-01,0,0,0,0,0,2,0,0,0,0,0,0,0,0,0,0,0,0,0,0,0,2,2
ORURO,inmunoprevenibles,hepatitis viral a*,2017-05-01,0,0,0,0,5,1,2,5,3,2,0,0,0,0,0,0,0,0,0,1,10,9,19
PASORAPA,inmunoprevenibles,hepatitis viral a*,2017-05-01,0,0,0,0,1,1,0,1,0,0,0,0,0,0,0,0,0,0,0,0,1,2,3
POTOSI,inmunoprevenibles,hepatitis viral a*,2017-05-01,0,0,0,0,1,1,1,0,2,0,0,0,0,0,1,0,0,0,0,0,5,1,6
PUERTO VILLARROEL,inmunoprevenibles,hepatitis viral a*,2017-05-01,0,0,0,0,1,1,0,0,0,0,0,0,0,0,0,0,0,0,0,0,1,1,2
PUNATA,inmunoprevenibles,hepatitis viral a*,2017-05-01,0,0,0,0,1,2,0,1,4,0,0,0,0,0,0,0,0,0,0,0,5,3,8
QUIRUSILLAS,inmunoprevenibles,hepatitis viral a*,2017-05-01,0,0,0,0,0,0,0,1,0,0,0,0,0,0,0,0,0,0,0,0,0,1,1
REYES,inmunoprevenibles,hepatitis viral a*,2017-05-01,0,0,0,0,0,0,0,0,1,0,0,0,0,0,0,0,0,0,0,0,1,0,1
SACABA,inmunoprevenibles,hepatitis viral a*,2017-05-01,0,0,0,0,2,1,2,0,0,0,0,0,1,0,0,0,0,0,0,0,5,1,6
SAMAIPATA,inmunoprevenibles,hepatitis viral a*,2017-05-01,0,0,0,0,0,1,0,0,0,1,0,0,0,0,0,0,0,0,0,0,0,2,2
SAN CARLOS,inmunoprevenibles,hepatitis viral a*,2017-05-01,0,0,0,0,11,0,0,0,0,0,0,0,0,0,0,0,0,0,0,0,11,0,11
SAN IGNACIO,inmunoprevenibles,hepatitis viral a*,2017-05-01,0,0,0,0,0,0,2,0,0,0,0,1,0,0,0,0,0,0,0,0,2,1,3
SAN IGNACIO DE VELASCO,inmunoprevenibles,hepatitis viral a*,2017-05-01,0,0,0,0,0,0,0,0,0,0,1,0,0,0,0,0,0,0,0,0,1,0,1
SAN PEDRO,inmunoprevenibles,hepatitis viral a*,2017-05-01,0,0,0,0,1,1,1,0,0,0,0,0,0,0,0,0,0,0,0,0,2,1,3
SAN RAMON SCZ,inmunoprevenibles,hepatitis viral a*,2017-05-01,0,0,0,0,1,0,0,0,0,0,0,0,0,0,0,0,0,0,0,0,1,0,1
SANTA CRUZ DE LA SIERRA,inmunoprevenibles,hepatitis viral a*,2017-05-01,0,1,0,0,23,14,20,7,11,3,3,3,5,2,1,0,0,2,2,4,65,36,101
SHINAOTA,inmunoprevenibles,hepatitis viral a*,2017-05-01,0,0,0,0,1,1,1,1,0,0,0,0,0,0,0,0,0,0,0,0,2,2,4
SIPE SIPE,inmunoprevenibles,hepatitis viral a*,2017-05-01,0,0,0,0,0,1,0,0,0,0,0,0,0,0,0,0,0,0,0,0,0,1,1
SUCRE,inmunoprevenibles,hepatitis viral a*,2017-05-01,0,0,0,0,2,3,1,5,2,1,0,0,0,0,0,0,0,0,0,0,5,9,14
TARIJA,inmunoprevenibles,hepatitis viral a*,2017-05-01,0,0,0,0,0,0,0,0,0,0,0,1,0,0,0,0,0,0,0,0,0,1,1
TEOPONTE,inmunoprevenibles,hepatitis viral a*,2017-05-01,0,0,0,0,0,0,0,0,0,0,0,0,0,1,0,0,0,0,0,0,0,1,1
TIQUIPAYA,inmunoprevenibles,hepatitis viral a*,2017-05-01,0,0,0,0,2,0,0,0,0,0,0,0,0,0,0,0,0,0,0,0,2,0,2
TIRAQUE (CBBA),inmunoprevenibles,hepatitis viral a*,2017-05-01,0,0,0,0,0,0,0,3,0,0,0,0,0,0,0,0,0,0,0,0,0,3,3
TOCO,inmunoprevenibles,hepatitis viral a*,2017-05-01,0,0,0,0,0,0,0,1,0,0,0,0,0,0,0,0,0,0,0,0,0,1,1
TOLATA,inmunoprevenibles,hepatitis viral a*,2017-05-01,0,0,0,0,0,0,0,0,1,0,0,0,0,0,0,0,0,0,0,0,1,0,1
TRINIDAD,inmunoprevenibles,hepatitis viral a*,2017-05-01,1,1,0,0,16,8,21,4,5,4,3,1,1,0,0,0,0,1,1,1,48,20,68
URIONDO (A. CONCEPCION),inmunoprevenibles,hepatitis viral a*,2017-05-01,0,0,0,0,0,0,0,1,0,0,0,1,1,0,0,0,0,0,0,0,1,2,3
VILLA TUNARI,inmunoprevenibles,hepatitis viral a*,2017-05-01,0,0,0,0,4,0,0,1,1,0,0,0,0,0,0,0,0,0,0,1,5,2,7
VILLAZON,inmunoprevenibles,hepatitis viral a*,2017-05-01,0,0,0,0,0,0,0,0,1,0,0,0,0,0,0,0,0,0,0,0,1,0,1
YOTALA,inmunoprevenibles,hepatitis viral a*,2017-05-01,0,0,0,0,1,1,0,0,0,0,0,0,0,0,0,0,0,0,0,0,1,1,2
ACHOCALLA,inmunoprevenibles,hepatitis viral a*,2017-06-01,0,0,0,0,0,0,0,1,0,0,0,0,0,0,0,0,0,0,0,0,0,1,1
AIQUILE,inmunoprevenibles,hepatitis viral a*,2017-06-01,0,0,0,0,0,0,1,0,0,0,0,0,0,0,0,0,0,0,0,0,1,0,1
BERMEJO,inmunoprevenibles,hepatitis viral a*,2017-06-01,0,0,0,0,0,1,0,0,0,0,0,0,0,0,0,0,0,0,0,0,0,1,1
BETANZOS,inmunoprevenibles,hepatitis viral a*,2017-06-01,0,0,0,0,0,0,0,1,0,0,0,0,0,0,0,0,0,0,0,0,0,1,1
CAMIRI,inmunoprevenibles,hepatitis viral a*,2017-06-01,0,0,0,0,0,1,1,1,1,0,0,0,0,1,0,0,0,1,0,0,2,4,6
CAPINOTA,inmunoprevenibles,hepatitis viral a*,2017-06-01,0,0,0,0,0,1,3,0,0,0,0,0,0,0,0,0,1,0,0,0,4,1,5
CARACOLLO,inmunoprevenibles,hepatitis viral a*,2017-06-01,0,0,0,0,1,0,0,0,0,0,0,0,0,0,0,0,0,0,0,0,1,0,1
CARAPARI,inmunoprevenibles,hepatitis viral a*,2017-06-01,0,0,0,0,0,5,2,4,0,1,0,0,0,1,0,0,0,0,0,0,2,11,13
CHALLAPATA,inmunoprevenibles,hepatitis viral a*,2017-06-01,0,0,0,0,0,0,0,1,0,0,0,0,0,0,0,0,0,0,0,0,0,1,1
CHIMORE,inmunoprevenibles,hepatitis viral a*,2017-06-01,0,0,0,0,0,1,0,0,0,0,0,0,0,0,0,0,0,0,0,0,0,1,1
CHULUMANI (V. DE LA LIBERTAD),inmunoprevenibles,hepatitis viral a*,2017-06-01,0,0,0,0,0,1,0,0,0,0,0,0,0,0,0,0,0,0,0,0,0,1,1
COBIJA,inmunoprevenibles,hepatitis viral a*,2017-06-01,0,0,0,0,1,0,1,1,0,0,0,1,0,0,0,0,0,0,1,0,3,2,5
COCHABAMBA,inmunoprevenibles,hepatitis viral a*,2017-06-01,0,0,0,0,14,7,13,8,6,2,2,0,4,2,0,1,0,0,1,0,40,20,60
COLCAPIRHUA,inmunoprevenibles,hepatitis viral a*,2017-06-01,0,0,0,0,1,1,2,0,1,0,0,0,0,0,0,0,0,0,0,0,4,1,5
COPACABANA,inmunoprevenibles,hepatitis viral a*,2017-06-01,0,0,0,0,0,0,0,0,1,0,0,0,0,0,0,0,0,0,0,0,1,0,1
COROICO,inmunoprevenibles,hepatitis viral a*,2017-06-01,0,0,0,0,0,0,1,0,0,0,0,0,0,0,0,0,0,0,0,0,1,0,1
EL ALTO,inmunoprevenibles,hepatitis viral a*,2017-06-01,0,0,0,0,2,0,6,7,0,0,1,0,0,2,0,0,0,0,0,2,9,11,20
EL VILLAR,inmunoprevenibles,hepatitis viral a*,2017-06-01,0,0,0,0,1,0,0,0,0,0,0,0,0,0,0,0,0,0,0,0,1,0,1
ESCOMA,inmunoprevenibles,hepatitis viral a*,2017-06-01,0,0,0,0,0,0,0,0,0,0,0,1,0,0,0,0,0,0,1,1,1,2,3
GENERAL SAAVEDRA,inmunoprevenibles,hepatitis viral a*,2017-06-01,0,0,0,0,0,0,0,1,0,0,0,0,0,0,0,0,0,0,0,0,0,1,1
GUAYARAMERIN,inmunoprevenibles,hepatitis viral a*,2017-06-01,0,0,0,1,4,3,0,3,1,0,0,0,0,0,0,0,0,0,0,0,5,7,12
HUANUNI,inmunoprevenibles,hepatitis viral a*,2017-06-01,0,0,0,0,0,1,0,0,0,0,0,0,0,0,0,0,0,0,0,0,0,1,1
INGAVI (HUMAITA),inmunoprevenibles,hepatitis viral a*,2017-06-01,0,0,0,0,1,0,0,0,0,0,0,0,0,0,0,0,0,0,0,1,1,1,2
IRUPANA (VILLA DE LANZA),inmunoprevenibles,hepatitis viral a*,2017-06-01,0,0,0,0,1,0,0,0,0,0,0,0,0,0,0,0,0,0,0,0,1,0,1
LA GUARDIA,inmunoprevenibles,hepatitis viral a*,2017-06-01,0,0,0,0,2,0,2,0,0,0,0,0,0,0,0,0,0,0,0,0,4,0,4
LA PAZ,inmunoprevenibles,hepatitis viral a*,2017-06-01,0,0,0,0,3,2,1,5,1,1,3,0,1,1,0,0,1,0,0,0,10,9,19
MAGDALENA,inmunoprevenibles,hepatitis viral a*,2017-06-01,0,0,0,0,0,1,0,0,0,0,0,0,0,0,0,0,0,0,0,0,0,1,1
MAIRANA,inmunoprevenibles,hepatitis viral a*,2017-06-01,0,0,0,0,0,2,0,2,0,1,0,0,0,0,0,0,0,0,0,0,0,5,5
MIZQUE,inmunoprevenibles,hepatitis viral a*,2017-06-01,0,0,0,0,0,0,0,0,0,0,0,0,0,0,0,0,0,0,1,0,1,0,1
MONTEAGUDO,inmunoprevenibles,hepatitis viral a*,2017-06-01,0,0,0,0,0,0,1,0,0,0,0,0,0,0,0,0,0,0,0,0,1,0,1
MONTERO,inmunoprevenibles,hepatitis viral a*,2017-06-01,0,0,0,0,10,1,8,1,0,3,0,0,0,0,0,0,0,0,0,0,18,5,23
NACEBE (SANTA ROSA DEL ABUNA),inmunoprevenibles,hepatitis viral a*,2017-06-01,0,0,0,0,0,0,1,0,0,0,0,0,0,0,0,0,0,0,0,0,1,0,1
OMEREQUE,inmunoprevenibles,hepatitis viral a*,2017-06-01,0,0,0,0,0,0,4,0,0,0,0,0,0,0,0,0,0,0,0,0,4,0,4
ORURO,inmunoprevenibles,hepatitis viral a*,2017-06-01,0,0,0,0,4,2,4,2,1,0,0,0,0,0,0,0,0,0,0,0,9,4,13
PAILON,inmunoprevenibles,hepatitis viral a*,2017-06-01,0,0,0,0,0,1,0,0,0,0,0,0,0,0,0,0,0,0,0,0,0,1,1
PASORAPA,inmunoprevenibles,hepatitis viral a*,2017-06-01,0,0,0,0,2,0,0,2,0,0,0,0,0,0,0,0,0,0,0,0,2,2,4
POJO (CBBA),inmunoprevenibles,hepatitis viral a*,2017-06-01,6,2,0,2,6,5,0,0,0,0,0,2,1,2,0,0,2,0,0,2,15,15,30
POTOSI,inmunoprevenibles,hepatitis viral a*,2017-06-01,0,0,0,0,0,0,1,0,1,0,0,0,0,0,0,0,0,0,0,0,2,0,2
PUERTO SUAREZ,inmunoprevenibles,hepatitis viral a*,2017-06-01,0,0,0,0,0,0,0,0,0,0,0,0,0,0,0,0,0,1,0,0,0,1,1
PUNATA,inmunoprevenibles,hepatitis viral a*,2017-06-01,0,0,0,0,0,1,0,0,0,1,0,0,0,0,0,0,0,0,0,0,0,2,2
QUILLACOLLO,inmunoprevenibles,hepatitis viral a*,2017-06-01,0,0,0,0,0,0,3,4,0,1,0,0,0,0,0,0,0,0,0,0,3,5,8
QUIRUSILLAS,inmunoprevenibles,hepatitis viral a*,2017-06-01,0,0,0,0,0,0,0,1,0,0,0,0,0,0,0,0,0,0,0,0,0,1,1
REYES,inmunoprevenibles,hepatitis viral a*,2017-06-01,0,0,0,0,0,0,0,1,0,0,0,0,0,0,0,0,0,0,0,0,0,1,1
RIBERALTA,inmunoprevenibles,hepatitis viral a*,2017-06-01,0,0,0,0,0,1,0,0,1,0,0,0,0,0,0,0,0,0,0,0,1,1,2
SACABA,inmunoprevenibles,hepatitis viral a*,2017-06-01,0,0,0,0,3,3,6,2,0,1,0,0,0,1,0,0,0,0,0,0,9,7,16
SACABAMBA,inmunoprevenibles,hepatitis viral a*,2017-06-01,0,0,0,0,1,0,0,0,0,0,0,0,0,0,0,0,0,0,0,0,1,0,1
SAIPINA,inmunoprevenibles,hepatitis viral a*,2017-06-01,0,0,0,0,1,0,0,0,0,0,0,0,0,0,0,0,0,0,0,0,1,0,1
SAN IGNACIO,inmunoprevenibles,hepatitis viral a*,2017-06-01,0,0,0,0,1,0,0,0,1,0,0,0,0,0,0,0,0,0,0,0,2,0,2
SAN IGNACIO DE VELASCO,inmunoprevenibles,hepatitis viral a*,2017-06-01,0,0,0,0,1,1,0,2,0,0,0,0,0,0,0,0,0,0,0,0,1,3,4
SAN JAVIER(STC),inmunoprevenibles,hepatitis viral a*,2017-06-01,0,0,0,0,0,0,0,1,0,0,0,0,0,0,0,0,1,0,1,0,2,1,3
SAN LORENZO(TJA),inmunoprevenibles,hepatitis viral a*,2017-06-01,0,0,0,0,0,1,0,0,0,0,0,0,0,0,0,0,0,0,0,0,0,1,1
SAN PEDRO,inmunoprevenibles,hepatitis viral a*,2017-06-01,0,0,0,0,1,0,2,0,0,0,0,0,0,0,0,0,0,0,0,0,3,0,3
SAN RAMON SCZ,inmunoprevenibles,hepatitis viral a*,2017-06-01,0,0,0,0,0,0,0,1,0,0,0,0,0,0,0,0,0,0,0,0,0,1,1
SANTA ANA,inmunoprevenibles,hepatitis viral a*,2017-06-01,0,0,0,0,0,0,0,0,0,0,0,0,0,0,0,0,0,0,1,0,1,0,1
SANTA CRUZ DE LA SIERRA,inmunoprevenibles,hepatitis viral a*,2017-06-01,0,0,1,0,10,12,16,25,11,3,8,3,8,3,3,2,0,2,2,2,59,52,111
SHINAOTA,inmunoprevenibles,hepatitis viral a*,2017-06-01,0,0,0,0,1,2,0,0,0,0,0,0,0,0,0,0,0,0,0,0,1,2,3
SIPE SIPE,inmunoprevenibles,hepatitis viral a*,2017-06-01,0,0,0,0,0,1,0,0,0,1,0,0,0,0,0,0,0,0,0,0,0,2,2
SOPACHUY,inmunoprevenibles,hepatitis viral a*,2017-06-01,0,0,0,0,0,0,1,0,0,0,0,0,0,0,0,0,0,0,0,0,1,0,1
SUCRE,inmunoprevenibles,hepatitis viral a*,2017-06-01,0,0,0,0,2,1,2,4,0,0,0,0,0,0,0,0,0,0,1,0,5,5,10
TARABUCO,inmunoprevenibles,hepatitis viral a*,2017-06-01,0,0,0,0,0,0,1,0,0,0,0,0,0,0,0,0,0,0,0,0,1,0,1
TARIJA,inmunoprevenibles,hepatitis viral a*,2017-06-01,0,1,0,0,0,0,0,0,0,1,1,0,0,0,0,0,0,0,0,0,1,2,3
TEOPONTE,inmunoprevenibles,hepatitis viral a*,2017-06-01,0,0,0,0,0,0,1,0,0,0,0,0,0,0,0,0,0,0,0,0,1,0,1
TIQUIPAYA,inmunoprevenibles,hepatitis viral a*,2017-06-01,0,0,0,0,1,0,0,2,0,0,0,0,1,0,0,0,0,0,0,0,2,2,4
TRINIDAD,inmunoprevenibles,hepatitis viral a*,2017-06-01,0,0,0,0,2,2,5,7,4,1,3,3,0,3,2,0,1,1,0,0,17,17,34
TUPIZA,inmunoprevenibles,hepatitis viral a*,2017-06-01,0,0,0,0,0,0,0,0,0,0,0,0,0,1,0,0,0,1,0,0,0,2,2
TURCO,inmunoprevenibles,hepatitis viral a*,2017-06-01,0,0,0,0,0,0,1,0,0,0,0,0,0,0,0,0,0,0,0,0,1,0,1
UMALA,inmunoprevenibles,hepatitis viral a*,2017-06-01,0,0,0,0,0,0,1,0,0,0,0,0,0,0,0,0,0,0,0,0,1,0,1
VILLA TUNARI,inmunoprevenibles,hepatitis viral a*,2017-06-01,0,0,0,0,3,0,0,4,0,0,0,0,1,0,0,0,0,0,0,0,4,4,8
YACUIBA,inmunoprevenibles,hepatitis viral a*,2017-06-01,0,0,0,0,1,1,1,1,1,0,0,0,0,0,0,0,0,0,0,0,3,2,5
YOTALA,inmunoprevenibles,hepatitis viral a*,2017-06-01,0,0,0,0,0,2,0,0,0,0,0,0,0,0,0,0,0,0,0,0,0,2,2
ARANI,inmunoprevenibles,hepatitis viral a*,2017-07-01,0,0,0,0,0,0,1,0,0,0,0,0,0,0,0,0,0,0,0,0,1,0,1
BERMEJO,inmunoprevenibles,hepatitis viral a*,2017-07-01,0,0,0,0,0,0,0,1,0,1,0,0,0,0,0,0,0,0,0,0,0,2,2
CAMARGO,inmunoprevenibles,hepatitis viral a*,2017-07-01,0,0,0,0,0,0,0,3,0,0,0,0,0,0,0,0,0,0,0,0,0,3,3
CAMIRI,inmunoprevenibles,hepatitis viral a*,2017-07-01,0,0,0,0,1,1,1,1,0,0,0,0,0,1,0,0,0,0,0,0,2,3,5
CAPINOTA,inmunoprevenibles,hepatitis viral a*,2017-07-01,0,0,0,0,0,0,1,0,0,0,0,0,0,0,0,0,0,0,0,0,1,0,1
CARAPARI,inmunoprevenibles,hepatitis viral a*,2017-07-01,0,0,0,0,0,1,1,1,0,0,0,0,0,0,0,0,0,0,0,0,1,2,3
CHIMORE,inmunoprevenibles,hepatitis viral a*,2017-07-01,0,0,0,0,0,0,0,1,0,0,0,0,0,0,0,0,0,0,0,0,0,1,1
COBIJA,inmunoprevenibles,hepatitis viral a*,2017-07-01,0,0,0,0,0,0,0,1,0,0,0,0,0,0,0,0,0,0,0,0,0,1,1
COCHABAMBA,inmunoprevenibles,hepatitis viral a*,2017-07-01,0,0,0,0,12,6,19,12,4,5,3,0,1,1,0,0,0,0,0,0,39,24,63
COLOMI,inmunoprevenibles,hepatitis viral a*,2017-07-01,0,0,0,0,0,3,1,1,0,0,0,0,0,0,0,0,0,0,0,0,1,4,5
COMARAPA,inmunoprevenibles,hepatitis viral a*,2017-07-01,0,0,0,0,0,0,2,2,0,0,0,0,0,0,0,0,0,0,0,0,2,2,4
COTAGAITA,inmunoprevenibles,hepatitis viral a*,2017-07-01,0,0,0,0,0,0,0,0,0,0,0,0,1,0,0,0,0,0,0,0,1,0,1
CUATRO CAÑADAS,inmunoprevenibles,hepatitis viral a*,2017-07-01,0,0,0,0,0,0,0,1,0,0,0,0,0,0,0,0,0,0,0,0,0,1,1
EL ALTO,inmunoprevenibles,hepatitis viral a*,2017-07-01,0,0,0,0,0,1,8,6,2,1,3,0,2,5,0,1,0,1,1,0,16,15,31
GENERAL SAAVEDRA,inmunoprevenibles,hepatitis viral a*,2017-07-01,0,0,0,0,0,0,1,1,0,1,0,0,0,0,0,0,0,0,0,0,1,2,3
GUANAY,inmunoprevenibles,hepatitis viral a*,2017-07-01,0,0,0,0,0,1,0,0,0,0,0,0,0,0,0,0,0,0,0,0,0,1,1
GUAYARAMERIN,inmunoprevenibles,hepatitis viral a*,2017-07-01,0,0,0,0,4,0,0,1,2,0,0,0,1,1,0,0,0,0,0,0,7,2,9
LA ASUNTA,inmunoprevenibles,hepatitis viral a*,2017-07-01,0,0,0,0,0,1,0,0,0,0,0,0,0,0,0,0,0,0,0,0,0,1,1
LA PAZ,inmunoprevenibles,hepatitis viral a*,2017-07-01,0,0,0,0,3,1,3,2,2,0,1,0,0,2,0,0,0,1,0,0,9,6,15
MAIRANA,inmunoprevenibles,hepatitis viral a*,2017-07-01,0,0,0,0,0,2,0,0,0,1,0,0,0,0,0,0,0,0,0,0,0,3,3
MONTEAGUDO,inmunoprevenibles,hepatitis viral a*,2017-07-01,0,0,0,0,0,0,0,0,0,0,0,0,0,0,0,0,0,0,0,1,0,1,1
MONTERO,inmunoprevenibles,hepatitis viral a*,2017-07-01,0,0,0,0,6,3,6,2,0,0,0,1,0,0,1,0,0,0,0,1,13,7,20
OMEREQUE,inmunoprevenibles,hepatitis viral a*,2017-07-01,0,0,0,0,0,0,2,1,0,0,0,0,0,0,0,0,0,0,0,0,2,1,3
ORURO,inmunoprevenibles,hepatitis viral a*,2017-07-01,0,0,0,0,1,2,0,4,2,4,0,0,0,1,0,0,0,0,0,0,3,11,14
PASORAPA,inmunoprevenibles,hepatitis viral a*,2017-07-01,0,0,0,0,3,0,2,1,0,0,0,0,0,0,0,0,0,0,0,0,5,1,6
PORTACHUELO,inmunoprevenibles,hepatitis viral a*,2017-07-01,0,0,0,0,0,0,0,0,0,0,0,0,0,1,0,0,0,0,0,0,0,1,1
POTOSI,inmunoprevenibles,hepatitis viral a*,2017-07-01,0,0,0,0,0,0,0,0,0,0,0,0,0,0,0,0,0,0,2,0,2,0,2
PUERTO VILLARROEL,inmunoprevenibles,hepatitis viral a*,2017-07-01,0,0,0,0,0,1,0,0,0,0,0,0,0,0,0,0,0,0,0,0,0,1,1
PUNATA,inmunoprevenibles,hepatitis viral a*,2017-07-01,0,0,0,0,0,2,0,1,0,0,0,0,0,0,0,0,0,0,0,0,0,3,3
QUILLACOLLO,inmunoprevenibles,hepatitis viral a*,2017-07-01,0,0,0,0,0,0,1,0,0,0,0,0,0,0,0,0,0,0,0,0,1,0,1
REYES,inmunoprevenibles,hepatitis viral a*,2017-07-01,0,0,0,0,1,0,0,0,0,0,0,0,0,0,0,0,0,0,0,0,1,0,1
RURRENABAQUE,inmunoprevenibles,hepatitis viral a*,2017-07-01,0,0,0,0,1,0,1,0,0,0,0,0,0,0,0,0,0,0,0,0,2,0,2
SACABA,inmunoprevenibles,hepatitis viral a*,2017-07-01,0,0,0,0,1,2,4,2,0,0,0,0,0,0,0,0,0,0,0,0,5,4,9
SAIPINA,inmunoprevenibles,hepatitis viral a*,2017-07-01,0,0,0,0,0,0,0,0,0,0,0,1,0,0,0,0,0,0,0,0,0,1,1
SAMAIPATA,inmunoprevenibles,hepatitis viral a*,2017-07-01,0,0,0,0,0,0,0,1,0,0,0,0,0,0,0,0,0,0,0,0,0,1,1
SAN BORJA,inmunoprevenibles,hepatitis viral a*,2017-07-01,0,0,0,0,1,0,0,0,0,0,0,0,0,0,0,0,0,0,0,0,1,0,1
SAN IGNACIO,inmunoprevenibles,hepatitis viral a*,2017-07-01,0,0,0,0,0,0,0,1,0,0,0,0,0,0,0,0,0,0,0,0,0,1,1
SAN JAVIER(STC),inmunoprevenibles,hepatitis viral a*,2017-07-01,0,0,0,0,0,0,0,0,0,0,0,0,1,0,0,0,0,0,0,0,1,0,1
SAN JOSE DE CHIQUITOS,inmunoprevenibles,hepatitis viral a*,2017-07-01,0,0,0,0,0,0,0,0,0,0,0,0,0,1,0,0,0,0,0,0,0,1,1
SAN LORENZO(TJA),inmunoprevenibles,hepatitis viral a*,2017-07-01,0,0,0,0,0,0,0,1,0,0,0,0,0,0,0,0,0,0,0,0,0,1,1
SAN LUCAS,inmunoprevenibles,hepatitis viral a*,2017-07-01,0,0,0,0,0,0,1,0,1,0,0,0,0,0,0,0,0,0,0,0,2,0,2
SAN PEDRO,inmunoprevenibles,hepatitis viral a*,2017-07-01,0,0,0,0,1,0,1,1,0,0,0,0,0,0,0,0,0,0,0,0,2,1,3
SAN RAMON BENI,inmunoprevenibles,hepatitis viral a*,2017-07-01,0,0,0,0,0,0,0,0,0,1,0,0,0,0,0,0,0,0,1,0,1,1,2
SANTA ANA,inmunoprevenibles,hepatitis viral a*,2017-07-01,0,0,0,0,0,0,0,0,0,0,0,0,2,0,0,0,0,0,0,0,2,0,2
SANTA CRUZ DE LA SIERRA,inmunoprevenibles,hepatitis viral a*,2017-07-01,1,0,0,0,16,6,21,13,10,8,9,1,2,4,0,1,0,1,3,2,62,36,98
SHINAOTA,inmunoprevenibles,hepatitis viral a*,2017-07-01,0,0,0,0,0,2,2,1,1,1,0,0,0,0,0,0,0,0,0,0,3,4,7
SUCRE,inmunoprevenibles,hepatitis viral a*,2017-07-01,0,0,0,0,3,3,2,2,1,0,0,1,0,1,0,0,1,0,1,2,8,9,17
TARIJA,inmunoprevenibles,hepatitis viral a*,2017-07-01,0,0,0,0,0,0,0,1,1,0,0,0,0,0,0,0,0,0,0,0,1,1,2
TEOPONTE,inmunoprevenibles,hepatitis viral a*,2017-07-01,0,0,0,0,0,0,1,0,0,0,0,0,0,0,0,0,0,0,0,0,1,0,1
TIQUIPAYA,inmunoprevenibles,hepatitis viral a*,2017-07-01,0,0,0,0,2,1,0,0,0,0,0,0,0,0,0,0,0,0,0,0,2,1,3
TIRAQUE (CBBA),inmunoprevenibles,hepatitis viral a*,2017-07-01,0,0,0,0,0,2,0,0,0,0,0,0,0,0,0,0,0,0,0,0,0,2,2
TOLATA,inmunoprevenibles,hepatitis viral a*,2017-07-01,0,0,0,0,0,0,0,0,0,0,0,0,0,0,0,2,0,0,0,0,0,2,2
TRIGAL,inmunoprevenibles,hepatitis viral a*,2017-07-01,0,0,0,0,0,0,0,0,2,0,0,0,0,0,0,0,0,0,0,0,2,0,2
TRINIDAD,inmunoprevenibles,hepatitis viral a*,2017-07-01,0,0,0,0,5,1,15,9,9,2,1,3,0,3,1,0,0,0,0,0,31,18,49
TUPIZA,inmunoprevenibles,hepatitis viral a*,2017-07-01,0,0,0,0,2,0,0,0,0,0,0,0,0,0,0,0,0,0,0,0,2,0,2
URIONDO (A. CONCEPCION),inmunoprevenibles,hepatitis viral a*,2017-07-01,0,0,0,0,1,0,0,0,0,0,0,0,0,0,0,0,0,0,0,0,1,0,1
VILLA TUNARI,inmunoprevenibles,hepatitis viral a*,2017-07-01,0,0,0,0,0,1,1,0,0,0,0,0,0,0,0,0,0,0,0,0,1,1,2
YOTALA,inmunoprevenibles,hepatitis viral a*,2017-07-01,0,0,0,0,1,1,0,0,0,0,0,0,0,0,0,0,0,0,0,0,1,1,2
ARBIETO,inmunoprevenibles,hepatitis viral a*,2017-08-01,0,0,0,0,0,0,1,0,0,0,0,0,0,0,0,0,0,0,0,0,1,0,1
ASCENCION DE GUARAYOS,inmunoprevenibles,hepatitis viral a*,2017-08-01,0,0,0,0,1,0,0,0,0,0,0,0,0,0,0,0,0,0,0,0,1,0,1
BERMEJO,inmunoprevenibles,hepatitis viral a*,2017-08-01,0,0,0,0,0,0,1,0,0,0,0,0,0,0,0,0,0,0,0,0,1,0,1
CAMARGO,inmunoprevenibles,hepatitis viral a*,2017-08-01,1,0,0,0,1,0,0,0,0,0,0,0,0,0,0,0,0,0,0,0,2,0,2
CAMIRI,inmunoprevenibles,hepatitis viral a*,2017-08-01,0,0,0,0,0,1,1,0,0,0,0,0,0,0,0,0,0,0,0,0,1,1,2
CARACOLLO,inmunoprevenibles,hepatitis viral a*,2017-08-01,0,0,0,0,0,1,0,0,0,0,0,0,0,0,0,0,0,0,0,0,0,1,1
CARAPARI,inmunoprevenibles,hepatitis viral a*,2017-08-01,0,1,0,0,1,2,1,1,0,0,0,0,0,0,0,0,0,0,0,0,2,4,6
CHARAGUA,inmunoprevenibles,hepatitis viral a*,2017-08-01,0,0,0,0,0,0,0,1,0,0,0,0,0,0,0,0,0,0,0,0,0,1,1
COBIJA,inmunoprevenibles,hepatitis viral a*,2017-08-01,1,0,0,0,0,0,0,0,0,0,0,0,0,0,0,0,0,0,0,0,1,0,1
COCHABAMBA,inmunoprevenibles,hepatitis viral a*,2017-08-01,0,0,0,0,10,9,14,7,6,4,1,0,4,1,0,0,0,0,1,0,36,21,57
COLCAPIRHUA,inmunoprevenibles,hepatitis viral a*,2017-08-01,0,0,0,0,0,0,2,0,0,0,0,0,1,0,0,0,0,0,0,0,3,0,3
"COLCHA ""K""",inmunoprevenibles,hepatitis viral a*,2017-08-01,0,0,0,0,0,0,1,0,0,0,0,0,0,0,0,0,0,0,0,0,1,0,1
COLOMI,inmunoprevenibles,hepatitis viral a*,2017-08-01,0,0,0,0,1,0,1,1,0,0,0,0,0,0,0,0,0,0,0,0,2,1,3
COMARAPA,inmunoprevenibles,hepatitis viral a*,2017-08-01,0,0,0,0,0,0,1,0,0,0,0,0,0,0,0,0,0,0,0,0,1,0,1
CONCEPCION,inmunoprevenibles,hepatitis viral a*,2017-08-01,0,0,0,0,0,0,1,1,0,0,0,0,0,0,0,0,0,0,0,1,1,2,3
COTAGAITA,inmunoprevenibles,hepatitis viral a*,2017-08-01,0,0,0,0,0,0,0,0,0,0,0,0,1,0,0,0,0,0,0,0,1,0,1
COTOCA,inmunoprevenibles,hepatitis viral a*,2017-08-01,0,0,0,0,0,0,1,0,0,0,0,0,0,0,0,0,0,0,0,0,1,0,1
CUATRO CAÑADAS,inmunoprevenibles,hepatitis viral a*,2017-08-01,0,0,0,0,2,1,0,0,0,1,0,0,0,0,0,0,0,0,0,0,2,2,4
CUEVO,inmunoprevenibles,hepatitis viral a*,2017-08-01,0,0,0,0,0,0,0,0,0,0,1,0,0,0,0,0,0,0,0,0,1,0,1
CULPINA,inmunoprevenibles,hepatitis viral a*,2017-08-01,0,0,0,0,0,0,0,1,0,0,0,0,0,0,0,0,0,0,0,0,0,1,1
EL ALTO,inmunoprevenibles,hepatitis viral a*,2017-08-01,0,0,0,0,1,2,8,9,6,2,4,3,0,1,0,0,0,0,0,0,19,17,36
EL TORNO,inmunoprevenibles,hepatitis viral a*,2017-08-01,0,0,0,0,0,0,1,0,0,0,0,0,0,0,0,0,0,0,0,0,1,0,1
ENTRE RIOS CBBA,inmunoprevenibles,hepatitis viral a*,2017-08-01,0,0,0,0,0,0,0,1,0,0,0,0,0,0,0,0,0,0,0,0,0,1,1
FERNANDEZ ALONSO,inmunoprevenibles,hepatitis viral a*,2017-08-01,0,0,0,0,1,0,0,0,0,0,0,0,0,0,0,0,0,0,0,0,1,0,1
GUANAY,inmunoprevenibles,hepatitis viral a*,2017-08-01,0,0,0,0,1,1,0,0,0,1,0,1,0,0,0,0,0,0,0,0,1,3,4
GUAYARAMERIN,inmunoprevenibles,hepatitis viral a*,2017-08-01,0,0,0,0,2,3,2,3,3,2,0,0,0,0,0,0,0,0,0,0,7,8,15
HUANUNI,inmunoprevenibles,hepatitis viral a*,2017-08-01,0,0,0,0,0,1,1,0,0,0,0,0,0,0,0,0,0,0,0,0,1,1,2
HUARACAJE,inmunoprevenibles,hepatitis viral a*,2017-08-01,0,0,0,0,0,0,0,0,1,0,0,0,0,0,0,0,0,0,0,0,1,0,1
LA PAZ,inmunoprevenibles,hepatitis viral a*,2017-08-01,0,0,0,0,3,2,6,7,6,3,1,0,0,1,0,1,0,0,1,0,17,14,31
LAJA,inmunoprevenibles,hepatitis viral a*,2017-08-01,0,0,0,0,1,0,0,0,0,0,0,0,0,0,0,0,0,0,0,0,1,0,1
MAGDALENA,inmunoprevenibles,hepatitis viral a*,2017-08-01,0,0,0,0,0,0,1,0,0,1,0,0,0,0,0,0,0,0,0,0,1,1,2
MAIRANA,inmunoprevenibles,hepatitis viral a*,2017-08-01,0,0,0,0,2,0,0,0,0,1,0,0,0,0,0,0,0,0,0,0,2,1,3
MONTEAGUDO,inmunoprevenibles,hepatitis viral a*,2017-08-01,0,0,0,0,0,0,0,1,0,0,0,0,0,0,0,0,0,0,0,0,0,1,1
MONTERO,inmunoprevenibles,hepatitis viral a*,2017-08-01,0,0,0,0,4,1,1,1,2,0,0,0,1,0,0,0,0,0,0,0,8,2,10
ORURO,inmunoprevenibles,hepatitis viral a*,2017-08-01,0,0,0,0,12,3,6,6,5,1,1,0,0,1,1,0,0,0,0,0,25,11,36
PASORAPA,inmunoprevenibles,hepatitis viral a*,2017-08-01,0,0,0,0,2,0,0,0,0,0,0,1,0,0,0,0,0,0,0,0,2,1,3
PATACAMAYA,inmunoprevenibles,hepatitis viral a*,2017-08-01,0,0,0,0,0,0,0,0,0,0,0,0,0,0,0,1,0,0,0,0,0,1,1
POTOSI,inmunoprevenibles,hepatitis viral a*,2017-08-01,0,0,0,0,0,0,0,2,1,0,0,0,0,0,0,0,0,0,0,0,1,2,3
PUERTO RICO,inmunoprevenibles,hepatitis viral a*,2017-08-01,0,0,0,0,0,0,0,1,0,0,0,0,0,0,0,0,0,0,0,0,0,1,1
PUERTO SUAREZ,inmunoprevenibles,hepatitis viral a*,2017-08-01,0,0,0,0,0,0,0,2,0,0,0,0,0,0,0,0,0,0,0,0,0,2,2
PUERTO VILLARROEL,inmunoprevenibles,hepatitis viral a*,2017-08-01,0,0,0,0,0,0,0,0,1,0,0,0,0,0,0,0,0,0,0,0,1,0,1
PUNATA,inmunoprevenibles,hepatitis viral a*,2017-08-01,0,0,0,0,0,1,1,0,0,0,0,0,0,0,0,0,0,0,0,0,1,1,2
QUILLACOLLO,inmunoprevenibles,hepatitis viral a*,2017-08-01,0,0,0,0,2,0,2,0,0,0,0,0,0,0,0,0,0,0,0,0,4,0,4
RURRENABAQUE,inmunoprevenibles,hepatitis viral a*,2017-08-01,0,0,0,0,0,0,0,0,0,0,1,0,2,0,0,0,0,0,0,0,3,0,3
SACABA,inmunoprevenibles,hepatitis viral a*,2017-08-01,0,0,0,0,4,3,1,2,0,0,0,0,1,0,0,0,0,0,0,0,6,5,11
SAMAIPATA,inmunoprevenibles,hepatitis viral a*,2017-08-01,0,0,0,0,1,0,1,2,0,0,1,0,0,0,0,0,0,0,0,0,3,2,5
SAN BENITO,inmunoprevenibles,hepatitis viral a*,2017-08-01,0,0,0,0,0,1,0,0,0,0,0,0,0,0,0,0,0,0,0,0,0,1,1
SAN BORJA,inmunoprevenibles,hepatitis viral a*,2017-08-01,0,0,0,0,0,1,0,1,0,0,0,0,0,0,0,0,0,0,0,0,0,2,2
SAN IGNACIO,inmunoprevenibles,hepatitis viral a*,2017-08-01,0,0,0,0,1,0,1,2,1,0,0,0,0,0,0,0,0,0,0,0,3,2,5
SAN IGNACIO DE VELASCO,inmunoprevenibles,hepatitis viral a*,2017-08-01,0,0,0,0,1,2,0,0,0,0,0,0,0,0,0,0,0,0,0,0,1,2,3
SAN JOAQUIN,inmunoprevenibles,hepatitis viral a*,2017-08-01,0,0,0,0,0,0,0,1,0,0,0,0,0,0,0,0,0,0,0,0,0,1,1
SAN JULIAN,inmunoprevenibles,hepatitis viral a*,2017-08-01,0,0,0,0,1,1,0,0,0,0,0,0,0,0,0,0,0,0,0,0,1,1,2
SAN LORENZO(TJA),inmunoprevenibles,hepatitis viral a*,2017-08-01,0,0,0,0,0,1,0,0,0,0,0,0,0,0,0,0,1,0,0,0,1,1,2
SAN MATIAS,inmunoprevenibles,hepatitis viral a*,2017-08-01,0,0,0,0,0,0,2,0,0,0,0,0,0,0,0,0,0,0,0,0,2,0,2
SAN PEDRO,inmunoprevenibles,hepatitis viral a*,2017-08-01,0,0,0,0,2,0,2,0,0,1,0,0,0,0,0,0,0,0,0,0,4,1,5
SANTA ANA,inmunoprevenibles,hepatitis viral a*,2017-08-01,0,0,0,0,0,0,0,0,0,0,0,0,1,0,0,0,0,0,0,0,1,0,1
SANTA CRUZ DE LA SIERRA,inmunoprevenibles,hepatitis viral a*,2017-08-01,1,0,1,0,21,17,23,31,8,9,6,1,8,5,1,2,0,2,3,1,72,68,140
SHINAOTA,inmunoprevenibles,hepatitis viral a*,2017-08-01,0,0,0,0,0,0,0,0,0,1,0,0,0,0,0,0,0,0,0,0,0,1,1
SUCRE,inmunoprevenibles,hepatitis viral a*,2017-08-01,0,0,0,0,4,3,2,2,1,1,0,0,0,0,0,0,0,0,0,0,7,6,13
TARABUCO,inmunoprevenibles,hepatitis viral a*,2017-08-01,0,0,0,0,0,0,1,0,0,0,0,0,0,0,0,0,0,0,0,0,1,0,1
TARIJA,inmunoprevenibles,hepatitis viral a*,2017-08-01,0,0,0,0,0,0,3,0,1,0,0,0,0,0,0,0,0,0,0,1,4,1,5
TIQUIPAYA,inmunoprevenibles,hepatitis viral a*,2017-08-01,0,0,0,0,2,1,0,0,0,0,0,0,0,0,0,0,0,0,0,1,2,2,4
TRIGAL,inmunoprevenibles,hepatitis viral a*,2017-08-01,0,0,0,0,0,0,0,0,0,0,0,0,0,1,0,0,0,0,0,0,0,1,1
TRINIDAD,inmunoprevenibles,hepatitis viral a*,2017-08-01,0,1,0,0,8,16,31,31,9,16,8,2,4,2,0,1,0,0,1,2,61,71,132
URIONDO (A. CONCEPCION),inmunoprevenibles,hepatitis viral a*,2017-08-01,0,0,0,0,0,0,1,0,0,0,0,1,0,0,0,0,0,0,0,0,1,1,2
VACAS,inmunoprevenibles,hepatitis viral a*,2017-08-01,0,0,0,0,1,0,0,0,0,0,0,0,0,0,0,0,0,0,0,0,1,0,1
VILLA SERRANO,inmunoprevenibles,hepatitis viral a*,2017-08-01,0,0,0,0,0,0,0,0,0,2,0,0,0,0,0,0,0,0,0,0,0,2,2
VILLA TUNARI,inmunoprevenibles,hepatitis viral a*,2017-08-01,0,0,0,0,6,4,0,3,0,0,0,0,1,0,0,0,0,1,0,0,7,8,15
WARNES,inmunoprevenibles,hepatitis viral a*,2017-08-01,0,0,0,0,0,0,0,0,0,1,0,0,0,0,0,0,0,0,0,0,0,1,1
YACUIBA,inmunoprevenibles,hepatitis viral a*,2017-08-01,0,0,0,0,0,0,0,1,0,0,0,0,0,0,0,0,0,0,0,0,0,1,1
ANCORAIMES,inmunoprevenibles,hepatitis viral a*,2017-09-01,0,0,0,0,0,0,0,0,1,0,0,0,0,0,0,0,0,0,0,0,1,0,1
ARBIETO,inmunoprevenibles,hepatitis viral a*,2017-09-01,0,0,0,0,0,0,0,1,0,0,0,0,0,0,0,0,0,0,0,0,0,1,1
ASCENCION DE GUARAYOS,inmunoprevenibles,hepatitis viral a*,2017-09-01,0,0,0,0,0,1,0,0,0,0,0,0,0,0,0,0,0,0,0,0,0,1,1
BAURES,inmunoprevenibles,hepatitis viral a*,2017-09-01,0,0,0,0,0,0,0,1,0,0,0,0,0,0,0,0,0,0,0,0,0,1,1
BERMEJO,inmunoprevenibles,hepatitis viral a*,2017-09-01,0,0,0,0,0,0,1,0,1,0,2,0,0,0,0,0,0,0,0,0,4,0,4
CHALLAPATA,inmunoprevenibles,hepatitis viral a*,2017-09-01,0,0,0,0,2,0,2,2,0,0,0,0,0,0,0,0,0,0,0,0,4,2,6
CHARAGUA,inmunoprevenibles,hepatitis viral a*,2017-09-01,0,0,0,0,0,0,0,0,1,0,0,0,0,0,0,0,0,0,0,0,1,0,1
COBIJA,inmunoprevenibles,hepatitis viral a*,2017-09-01,0,0,0,0,0,0,0,1,1,0,0,0,0,0,0,0,0,0,0,0,1,1,2
COCHABAMBA,inmunoprevenibles,hepatitis viral a*,2017-09-01,0,0,0,0,13,6,15,10,5,4,2,1,1,1,0,0,1,0,0,0,37,22,59
COLCAPIRHUA,inmunoprevenibles,hepatitis viral a*,2017-09-01,0,0,0,0,0,0,0,0,1,0,0,0,0,0,1,0,0,0,0,0,2,0,2
COTOCA,inmunoprevenibles,hepatitis viral a*,2017-09-01,0,0,0,0,0,0,1,0,0,0,0,0,0,0,0,0,0,0,0,0,1,0,1
CUATRO CAÑADAS,inmunoprevenibles,hepatitis viral a*,2017-09-01,0,0,0,0,0,1,0,0,0,0,0,0,0,0,0,0,0,0,0,0,0,1,1
CULPINA,inmunoprevenibles,hepatitis viral a*,2017-09-01,0,0,0,0,0,0,1,0,0,0,0,0,0,0,0,0,0,0,0,0,1,0,1
EL ALTO,inmunoprevenibles,hepatitis viral a*,2017-09-01,0,0,0,0,0,1,6,6,3,4,0,2,0,0,1,0,0,0,0,0,10,13,23
EL TORNO,inmunoprevenibles,hepatitis viral a*,2017-09-01,0,0,0,0,2,0,0,0,0,0,0,0,0,0,0,0,0,0,0,0,2,0,2
ENTRE RIOS CBBA,inmunoprevenibles,hepatitis viral a*,2017-09-01,0,0,0,0,2,0,0,0,0,0,0,0,0,0,0,0,0,0,0,0,2,0,2
FERNANDEZ ALONSO,inmunoprevenibles,hepatitis viral a*,2017-09-01,0,0,0,0,0,0,1,0,0,0,0,0,0,0,0,0,0,0,0,0,1,0,1
GUAYARAMERIN,inmunoprevenibles,hepatitis viral a*,2017-09-01,1,0,0,0,4,6,9,3,3,2,0,0,0,0,0,0,0,0,0,0,17,11,28
HUANUNI,inmunoprevenibles,hepatitis viral a*,2017-09-01,0,0,0,0,0,0,0,2,0,0,0,0,0,0,0,0,0,0,0,0,0,2,2
LA GUARDIA,inmunoprevenibles,hepatitis viral a*,2017-09-01,0,0,0,0,0,1,1,0,0,0,0,0,0,0,0,0,0,0,0,0,1,1,2
LA PAZ,inmunoprevenibles,hepatitis viral a*,2017-09-01,0,0,0,0,0,4,11,8,2,1,0,1,0,0,0,1,0,1,0,0,13,16,29
LAS CARRERAS,inmunoprevenibles,hepatitis viral a*,2017-09-01,0,0,0,0,0,0,0,0,1,0,0,0,0,0,0,0,0,0,0,0,1,0,1
LLALLAGUA,inmunoprevenibles,hepatitis viral a*,2017-09-01,0,0,0,0,1,0,0,0,0,0,0,0,0,0,0,0,0,0,0,0,1,0,1
MAGDALENA,inmunoprevenibles,hepatitis viral a*,2017-09-01,0,0,0,0,0,0,1,1,0,0,0,0,0,0,0,0,0,0,0,0,1,1,2
MAIRANA,inmunoprevenibles,hepatitis viral a*,2017-09-01,0,0,0,0,0,0,1,0,1,0,0,0,0,0,0,0,0,0,0,0,2,0,2
MONTEAGUDO,inmunoprevenibles,hepatitis viral a*,2017-09-01,0,0,0,0,10,0,0,2,0,0,0,0,0,1,0,0,0,0,0,0,10,3,13
MONTERO,inmunoprevenibles,hepatitis viral a*,2017-09-01,0,0,0,0,2,4,1,1,2,2,1,0,0,0,0,0,0,0,0,0,6,7,13
ORURO,inmunoprevenibles,hepatitis viral a*,2017-09-01,0,0,0,0,3,3,3,4,5,5,2,1,1,2,1,0,1,0,5,0,21,15,36
PAILON,inmunoprevenibles,hepatitis viral a*,2017-09-01,0,0,0,0,0,1,0,0,0,0,0,0,0,0,0,0,0,0,0,0,0,1,1
PALOS BLANCOS,inmunoprevenibles,hepatitis viral a*,2017-09-01,0,0,0,0,0,0,0,1,0,0,0,0,0,0,0,0,0,0,0,0,0,1,1
PASORAPA,inmunoprevenibles,hepatitis viral a*,2017-09-01,0,0,0,0,1,0,1,1,0,0,0,0,0,0,0,0,0,0,0,0,2,1,3
POTOSI,inmunoprevenibles,hepatitis viral a*,2017-09-01,0,0,0,0,0,0,1,0,0,1,0,0,0,0,0,0,0,0,0,0,1,1,2
PUERTO VILLARROEL,inmunoprevenibles,hepatitis viral a*,2017-09-01,0,0,0,0,1,1,0,0,0,0,0,0,0,0,0,0,0,0,0,0,1,1,2
QUILLACOLLO,inmunoprevenibles,hepatitis viral a*,2017-09-01,0,0,0,0,0,0,0,0,1,0,0,0,0,0,0,0,0,0,0,0,1,0,1
QUIME,inmunoprevenibles,hepatitis viral a*,2017-09-01,0,0,0,0,1,0,0,0,0,0,0,0,0,0,0,0,0,0,0,0,1,0,1
RIBERALTA,inmunoprevenibles,hepatitis viral a*,2017-09-01,0,0,0,0,0,1,0,0,0,0,0,0,0,0,0,0,0,0,0,0,0,1,1
RURRENABAQUE,inmunoprevenibles,hepatitis viral a*,2017-09-01,0,0,0,0,0,0,0,1,0,0,0,0,0,0,0,0,0,0,0,0,0,1,1
SACABA,inmunoprevenibles,hepatitis viral a*,2017-09-01,0,0,0,0,1,3,2,0,0,0,0,0,0,0,0,0,0,0,0,0,3,3,6
SAMAIPATA,inmunoprevenibles,hepatitis viral a*,2017-09-01,0,0,0,0,0,0,0,0,0,0,1,1,0,0,0,0,1,0,0,0,2,1,3
SAN BORJA,inmunoprevenibles,hepatitis viral a*,2017-09-01,0,0,0,0,0,1,0,0,0,0,0,0,0,0,0,0,0,0,0,0,0,1,1
SAN CARLOS,inmunoprevenibles,hepatitis viral a*,2017-09-01,0,0,0,0,0,0,0,0,0,1,0,0,0,0,0,0,0,0,0,0,0,1,1
SAN IGNACIO,inmunoprevenibles,hepatitis viral a*,2017-09-01,0,0,0,0,1,2,2,0,0,0,0,0,0,0,0,0,0,0,0,0,3,2,5
SAN IGNACIO DE VELASCO,inmunoprevenibles,hepatitis viral a*,2017-09-01,0,0,0,0,1,2,0,0,0,0,0,0,0,0,0,0,0,0,0,0,1,2,3
SAN JULIAN,inmunoprevenibles,hepatitis viral a*,2017-09-01,0,0,0,0,1,0,0,1,0,0,0,0,0,0,0,0,0,0,0,0,1,1,2
SAN LORENZO(TJA),inmunoprevenibles,hepatitis viral a*,2017-09-01,0,0,0,0,0,0,1,0,0,1,0,0,0,0,0,0,0,0,0,0,1,1,2
SAN MATIAS,inmunoprevenibles,hepatitis viral a*,2017-09-01,0,0,0,0,0,0,1,0,0,0,0,0,0,0,0,0,0,0,0,0,1,0,1
SAN PEDRO,inmunoprevenibles,hepatitis viral a*,2017-09-01,0,0,0,0,1,0,1,0,0,0,0,0,0,0,0,0,0,0,0,0,2,0,2
SANTA ANA,inmunoprevenibles,hepatitis viral a*,2017-09-01,0,0,0,0,0,0,0,0,0,0,0,0,0,0,0,1,0,0,0,0,0,1,1
SANTA CRUZ DE LA SIERRA,inmunoprevenibles,hepatitis viral a*,2017-09-01,0,0,0,0,13,8,22,10,9,3,6,1,2,6,0,1,1,3,2,1,55,33,88
SANTA ROSA,inmunoprevenibles,hepatitis viral a*,2017-09-01,0,0,0,0,0,0,0,0,0,0,0,0,0,0,0,1,0,0,0,1,0,2,2
SHINAOTA,inmunoprevenibles,hepatitis viral a*,2017-09-01,0,0,0,0,3,0,0,7,0,0,0,0,0,0,0,0,0,0,0,0,3,7,10
SOPACHUY,inmunoprevenibles,hepatitis viral a*,2017-09-01,0,0,0,0,0,0,0,1,0,0,0,0,0,0,0,0,0,0,0,0,0,1,1
SUCRE,inmunoprevenibles,hepatitis viral a*,2017-09-01,0,0,0,0,4,2,3,0,0,0,0,0,0,0,0,0,0,0,0,0,7,2,9
TARABUCO,inmunoprevenibles,hepatitis viral a*,2017-09-01,0,0,0,0,0,0,0,1,0,0,0,0,0,0,0,0,0,0,0,0,0,1,1
TARATA,inmunoprevenibles,hepatitis viral a*,2017-09-01,0,0,0,0,0,2,2,2,0,0,0,0,0,0,0,0,0,0,0,0,2,4,6
TIQUIPAYA,inmunoprevenibles,hepatitis viral a*,2017-09-01,0,0,0,0,3,1,0,0,0,0,0,0,0,0,0,0,0,0,0,0,3,1,4
TRINIDAD,inmunoprevenibles,hepatitis viral a*,2017-09-01,0,0,1,1,18,18,20,27,25,9,5,8,0,2,0,0,0,0,3,0,72,65,137
VIACHA,inmunoprevenibles,hepatitis viral a*,2017-09-01,0,0,0,0,0,0,0,0,0,0,0,0,0,1,0,0,0,0,0,0,0,1,1
VILLA SERRANO,inmunoprevenibles,hepatitis viral a*,2017-09-01,0,0,0,0,0,0,0,0,1,0,0,0,0,0,0,0,0,0,0,0,1,0,1
VILLA TUNARI,inmunoprevenibles,hepatitis viral a*,2017-09-01,0,0,0,0,1,1,1,0,1,0,0,0,0,0,0,0,0,0,0,0,3,1,4
VILLAZON,inmunoprevenibles,hepatitis viral a*,2017-09-01,0,0,0,0,0,0,0,1,0,0,0,0,0,0,0,0,0,0,0,0,0,1,1
VITICHI,inmunoprevenibles,hepatitis viral a*,2017-09-01,0,0,0,0,0,0,0,1,0,0,0,0,0,0,0,0,0,0,0,0,0,1,1
WARNES,inmunoprevenibles,hepatitis viral a*,2017-09-01,0,0,0,0,1,1,0,0,0,0,0,0,0,0,0,0,0,0,0,0,1,1,2
YACUIBA,inmunoprevenibles,hepatitis viral a*,2017-09-01,0,0,0,0,1,1,1,2,0,1,0,0,1,1,1,0,0,0,0,0,4,5,9
ZUDAÑEZ,inmunoprevenibles,hepatitis viral a*,2017-09-01,0,0,0,0,0,0,0,1,0,0,0,0,0,0,0,0,0,0,0,0,0,1,1
ACHOCALLA,inmunoprevenibles,hepatitis viral a*,2017-10-01,0,0,0,0,0,0,1,0,0,0,0,0,0,0,0,0,0,0,0,0,1,0,1
ARBIETO,inmunoprevenibles,hepatitis viral a*,2017-10-01,0,0,0,0,0,0,1,0,0,0,0,0,0,0,0,0,0,0,0,0,1,0,1
BERMEJO,inmunoprevenibles,hepatitis viral a*,2017-10-01,0,0,0,0,0,1,1,0,0,0,1,0,2,0,0,0,0,0,0,0,4,1,5
CALAMARCA,inmunoprevenibles,hepatitis viral a*,2017-10-01,0,0,0,0,0,0,0,0,0,0,1,0,0,0,0,0,0,0,0,0,1,0,1
CAMARGO,inmunoprevenibles,hepatitis viral a*,2017-10-01,0,0,0,0,3,0,0,0,0,0,0,0,0,0,0,0,0,0,0,0,3,0,3
CAMIRI,inmunoprevenibles,hepatitis viral a*,2017-10-01,0,0,0,0,0,1,1,1,0,0,0,0,0,0,0,0,0,0,0,0,1,2,3
CAPINOTA,inmunoprevenibles,hepatitis viral a*,2017-10-01,1,1,1,0,5,3,4,1,2,0,0,2,0,4,0,2,0,0,0,1,13,14,27
CARANAVI,inmunoprevenibles,hepatitis viral a*,2017-10-01,0,0,0,0,1,0,0,0,0,0,0,0,0,0,1,0,0,0,0,0,2,0,2
CARAPARI,inmunoprevenibles,hepatitis viral a*,2017-10-01,0,0,0,0,0,0,0,2,0,0,0,0,0,0,0,0,0,0,0,0,0,2,2
CHAQUI,inmunoprevenibles,hepatitis viral a*,2017-10-01,0,0,0,0,0,1,0,0,0,0,0,0,0,0,0,0,0,0,0,0,0,1,1
CHIMORE,inmunoprevenibles,hepatitis viral a*,2017-10-01,0,0,0,0,0,0,1,0,0,0,0,0,0,0,0,0,0,0,0,0,1,0,1
COBIJA,inmunoprevenibles,hepatitis viral a*,2017-10-01,0,0,0,0,0,1,1,2,0,0,0,0,0,1,0,0,0,0,0,0,1,4,5
COCHABAMBA,inmunoprevenibles,hepatitis viral a*,2017-10-01,0,0,0,0,15,22,13,24,14,4,1,0,0,1,0,0,0,0,0,1,43,52,95
COLCAPIRHUA,inmunoprevenibles,hepatitis viral a*,2017-10-01,0,0,0,0,0,2,2,2,0,0,0,0,1,0,0,0,0,0,0,0,3,4,7
COLOMI,inmunoprevenibles,hepatitis viral a*,2017-10-01,0,0,0,0,2,1,0,0,0,0,0,0,0,0,0,0,0,0,0,0,2,1,3
COMARAPA,inmunoprevenibles,hepatitis viral a*,2017-10-01,0,0,0,0,0,0,0,1,0,0,0,0,0,0,0,0,0,0,0,0,0,1,1
CONCEPCION,inmunoprevenibles,hepatitis viral a*,2017-10-01,0,0,0,0,1,0,1,0,0,0,0,0,0,0,0,0,0,0,0,0,2,0,2
COROICO,inmunoprevenibles,hepatitis viral a*,2017-10-01,0,0,0,0,0,0,0,0,0,1,0,0,0,0,0,0,0,0,0,0,0,1,1
COTOCA,inmunoprevenibles,hepatitis viral a*,2017-10-01,0,0,0,0,0,0,2,1,1,0,0,0,0,0,0,0,0,0,0,0,3,1,4
CUATRO CAÑADAS,inmunoprevenibles,hepatitis viral a*,2017-10-01,0,0,0,0,1,2,1,1,0,0,0,0,0,0,0,0,0,0,0,0,2,3,5
CULPINA,inmunoprevenibles,hepatitis viral a*,2017-10-01,0,0,0,0,0,0,1,0,0,1,2,0,0,0,0,0,0,0,0,0,3,1,4
EL ALTO,inmunoprevenibles,hepatitis viral a*,2017-10-01,0,0,0,0,3,3,3,2,4,2,0,0,0,1,0,0,2,0,0,2,12,10,22
EL TORNO,inmunoprevenibles,hepatitis viral a*,2017-10-01,0,0,0,0,0,1,0,1,0,0,0,0,0,0,0,0,0,0,0,0,0,2,2
GENERAL SAAVEDRA,inmunoprevenibles,hepatitis viral a*,2017-10-01,0,0,0,0,1,0,0,0,0,0,0,0,0,0,0,0,0,0,0,0,1,0,1
GUANAY,inmunoprevenibles,hepatitis viral a*,2017-10-01,0,0,0,0,1,1,0,0,0,0,0,0,0,0,0,0,0,0,0,0,1,1,2
GUAYARAMERIN,inmunoprevenibles,hepatitis viral a*,2017-10-01,0,0,0,0,1,3,4,3,1,0,0,0,0,0,0,0,0,0,0,0,6,6,12
HUACARETA,inmunoprevenibles,hepatitis viral a*,2017-10-01,0,0,0,0,0,0,1,0,0,0,0,0,0,0,0,0,0,0,0,0,1,0,1
HUANUNI,inmunoprevenibles,hepatitis viral a*,2017-10-01,0,0,0,0,4,1,0,0,0,0,0,0,0,0,0,0,0,0,0,0,4,1,5
LA GUARDIA,inmunoprevenibles,hepatitis viral a*,2017-10-01,0,0,0,0,0,1,1,1,0,0,0,0,0,0,0,0,1,0,0,0,2,2,4
LA PAZ,inmunoprevenibles,hepatitis viral a*,2017-10-01,0,0,0,1,2,1,8,5,2,5,2,2,0,2,1,0,0,0,2,1,17,17,34
MAGDALENA,inmunoprevenibles,hepatitis viral a*,2017-10-01,0,0,0,0,0,0,0,1,0,0,0,0,0,0,0,0,0,0,0,0,0,1,1
MONTERO,inmunoprevenibles,hepatitis viral a*,2017-10-01,0,0,0,0,1,3,3,0,0,3,0,0,0,0,0,0,0,0,0,0,4,6,10
ORURO,inmunoprevenibles,hepatitis viral a*,2017-10-01,0,0,0,0,1,1,7,9,0,0,1,1,0,0,0,0,0,2,1,0,10,13,23
PALCA,inmunoprevenibles,hepatitis viral a*,2017-10-01,0,0,0,0,1,0,0,0,0,0,0,0,0,0,0,0,0,0,0,0,1,0,1
PASORAPA,inmunoprevenibles,hepatitis viral a*,2017-10-01,0,0,0,0,0,0,1,2,1,0,0,1,0,0,0,0,0,0,0,0,2,3,5
POTOSI,inmunoprevenibles,hepatitis viral a*,2017-10-01,0,0,0,0,2,0,2,0,1,0,0,0,0,0,0,0,0,0,0,0,5,0,5
PUERTO RICO,inmunoprevenibles,hepatitis viral a*,2017-10-01,0,0,0,0,1,0,0,0,0,0,0,0,0,0,0,0,0,0,0,0,1,0,1
PUERTO VILLARROEL,inmunoprevenibles,hepatitis viral a*,2017-10-01,0,0,0,0,1,0,0,0,0,0,0,0,0,0,0,0,0,0,0,0,1,0,1
QUILLACOLLO,inmunoprevenibles,hepatitis viral a*,2017-10-01,0,0,1,0,0,0,0,0,0,2,0,0,0,0,0,0,0,0,0,0,1,2,3
RIBERALTA,inmunoprevenibles,hepatitis viral a*,2017-10-01,0,0,0,0,0,1,0,0,0,0,0,0,0,0,0,0,0,0,0,0,0,1,1
RURRENABAQUE,inmunoprevenibles,hepatitis viral a*,2017-10-01,0,0,0,0,0,0,0,1,0,0,0,0,0,0,0,0,0,0,0,0,0,1,1
SACABA,inmunoprevenibles,hepatitis viral a*,2017-10-01,0,0,0,0,5,1,2,1,1,0,1,0,0,0,0,0,0,0,0,0,9,2,11
SAMAIPATA,inmunoprevenibles,hepatitis viral a*,2017-10-01,0,0,0,0,0,0,1,0,0,0,0,0,0,0,0,0,0,0,0,0,1,0,1
SAN BORJA,inmunoprevenibles,hepatitis viral a*,2017-10-01,0,0,0,0,3,0,0,0,0,0,0,0,0,0,0,0,0,0,0,0,3,0,3
SAN IGNACIO,inmunoprevenibles,hepatitis viral a*,2017-10-01,0,0,0,0,1,1,2,0,0,0,0,0,0,0,0,0,0,2,0,0,3,3,6
SAN IGNACIO DE VELASCO,inmunoprevenibles,hepatitis viral a*,2017-10-01,0,0,0,0,0,0,0,0,0,1,0,0,0,0,0,0,0,0,0,0,0,1,1
SAN JOSE DE CHIQUITOS,inmunoprevenibles,hepatitis viral a*,2017-10-01,0,0,0,0,0,1,1,0,0,0,0,0,0,0,1,0,0,0,0,0,2,1,3
SAN JULIAN,inmunoprevenibles,hepatitis viral a*,2017-10-01,0,0,0,0,0,2,0,0,0,0,0,0,0,0,0,0,0,0,0,0,0,2,2
SAN LORENZO(TJA),inmunoprevenibles,hepatitis viral a*,2017-10-01,0,0,0,0,0,0,1,0,0,0,0,0,0,0,0,0,0,0,0,0,1,0,1
SAN PEDRO,inmunoprevenibles,hepatitis viral a*,2017-10-01,0,0,0,0,0,0,1,0,0,0,0,0,0,0,0,0,0,0,0,0,1,0,1
SANTA CRUZ DE LA SIERRA,inmunoprevenibles,hepatitis viral a*,2017-10-01,1,0,0,0,8,17,11,17,7,7,7,3,3,3,0,1,0,1,1,1,38,50,88
SANTA ROSA,inmunoprevenibles,hepatitis viral a*,2017-10-01,0,0,0,0,0,0,0,0,0,0,0,0,0,0,0,1,0,0,0,0,0,1,1
SHINAOTA,inmunoprevenibles,hepatitis viral a*,2017-10-01,0,0,0,0,1,0,0,0,0,0,0,0,0,0,0,0,0,0,0,0,1,0,1
SIPE SIPE,inmunoprevenibles,hepatitis viral a*,2017-10-01,0,0,0,0,0,0,1,0,0,0,0,0,0,0,0,0,0,0,0,0,1,0,1
SUCRE,inmunoprevenibles,hepatitis viral a*,2017-10-01,0,0,0,0,0,1,2,1,0,0,0,1,0,1,0,0,0,0,0,0,2,4,6
TARATA,inmunoprevenibles,hepatitis viral a*,2017-10-01,0,0,0,0,2,0,0,2,0,0,0,0,0,0,0,0,0,0,0,0,2,2,4
TARIJA,inmunoprevenibles,hepatitis viral a*,2017-10-01,0,0,0,0,2,0,0,0,0,1,0,0,0,0,0,1,0,0,0,0,2,2,4
TIQUIPAYA,inmunoprevenibles,hepatitis viral a*,2017-10-01,0,0,0,0,1,0,0,0,0,0,0,0,0,0,0,0,0,0,0,0,1,0,1
TIRAQUE (CBBA),inmunoprevenibles,hepatitis viral a*,2017-10-01,0,0,0,0,0,2,0,0,0,0,0,0,0,0,0,0,0,0,0,0,0,2,2
TRINIDAD,inmunoprevenibles,hepatitis viral a*,2017-10-01,0,1,1,0,26,18,37,43,15,13,6,8,1,2,0,2,2,1,0,0,88,88,176
VALLEGRANDE,inmunoprevenibles,hepatitis viral a*,2017-10-01,0,0,0,0,0,0,0,0,1,0,0,0,0,0,0,0,0,0,0,0,1,0,1
VILLA TUNARI,inmunoprevenibles,hepatitis viral a*,2017-10-01,0,0,0,0,1,0,1,1,1,1,0,0,0,0,0,0,0,0,0,0,3,2,5
VILLAZON,inmunoprevenibles,hepatitis viral a*,2017-10-01,0,0,0,0,0,0,0,0,0,0,0,0,1,0,0,0,0,0,0,0,1,0,1
WARNES,inmunoprevenibles,hepatitis viral a*,2017-10-01,0,0,0,0,0,1,0,0,0,0,0,0,0,0,0,0,0,0,0,0,0,1,1
YACUIBA,inmunoprevenibles,hepatitis viral a*,2017-10-01,0,0,0,0,0,0,1,0,1,0,0,0,0,0,0,0,0,0,0,0,2,0,2
YOTALA,inmunoprevenibles,hepatitis viral a*,2017-10-01,0,0,0,0,0,0,0,0,0,0,1,0,0,0,0,0,0,0,0,0,1,0,1
ACHOCALLA,inmunoprevenibles,hepatitis viral a*,2017-11-01,0,0,0,0,0,1,0,0,0,0,0,0,0,0,0,0,0,0,0,0,0,1,1
ANZALDO,inmunoprevenibles,hepatitis viral a*,2017-11-01,0,0,0,0,1,0,0,0,0,0,0,0,0,0,0,0,0,0,0,0,1,0,1
BETANZOS,inmunoprevenibles,hepatitis viral a*,2017-11-01,0,0,0,0,0,1,0,0,0,0,0,0,0,0,0,0,0,0,0,0,0,1,1
BOYUIBE,inmunoprevenibles,hepatitis viral a*,2017-11-01,0,0,0,0,0,0,0,0,0,0,0,0,0,0,1,0,0,0,0,0,1,0,1
CAIROMA,inmunoprevenibles,hepatitis viral a*,2017-11-01,0,0,0,0,0,0,0,0,2,0,0,0,0,0,0,0,0,0,0,0,2,0,2
CALAMARCA,inmunoprevenibles,hepatitis viral a*,2017-11-01,0,0,0,0,0,0,1,0,0,0,0,0,0,0,0,0,0,0,0,0,1,0,1
CAMARGO,inmunoprevenibles,hepatitis viral a*,2017-11-01,0,0,0,0,1,0,1,0,0,0,0,0,0,0,0,0,0,0,0,0,2,0,2
CAMIRI,inmunoprevenibles,hepatitis viral a*,2017-11-01,0,0,0,0,0,1,2,0,3,1,1,0,1,0,0,0,0,0,0,0,7,2,9
CARANAVI,inmunoprevenibles,hepatitis viral a*,2017-11-01,0,0,0,0,0,0,0,0,0,0,1,0,0,0,0,0,0,0,0,0,1,0,1
CARAPARI,inmunoprevenibles,hepatitis viral a*,2017-11-01,0,0,0,0,0,2,1,2,0,0,1,0,0,0,0,0,0,0,0,0,2,4,6
CHARAGUA,inmunoprevenibles,hepatitis viral a*,2017-11-01,0,0,0,0,0,0,0,0,1,1,0,0,0,0,0,0,0,0,0,0,1,1,2
CHIMORE,inmunoprevenibles,hepatitis viral a*,2017-11-01,0,0,0,0,0,0,0,1,0,0,0,0,0,0,0,0,0,0,0,0,0,1,1
COCHABAMBA,inmunoprevenibles,hepatitis viral a*,2017-11-01,0,0,0,0,6,6,20,18,3,6,0,0,2,3,1,0,0,0,0,0,32,33,65
COLCAPIRHUA,inmunoprevenibles,hepatitis viral a*,2017-11-01,0,0,0,0,0,0,0,1,0,0,0,0,0,0,0,0,0,0,0,0,0,1,1
COLQUECHACA,inmunoprevenibles,hepatitis viral a*,2017-11-01,0,0,0,0,1,0,1,0,0,0,0,0,0,0,0,0,0,0,0,0,2,0,2
CONCEPCION,inmunoprevenibles,hepatitis viral a*,2017-11-01,0,0,0,0,1,0,0,0,0,0,0,0,0,0,0,0,0,0,0,0,1,0,1
COTOCA,inmunoprevenibles,hepatitis viral a*,2017-11-01,0,0,0,0,0,0,0,0,0,0,1,0,0,0,0,0,0,0,0,0,1,0,1
CUATRO CAÑADAS,inmunoprevenibles,hepatitis viral a*,2017-11-01,0,0,0,0,2,0,0,0,0,0,0,0,0,0,0,0,0,0,0,0,2,0,2
CULPINA,inmunoprevenibles,hepatitis viral a*,2017-11-01,0,0,0,0,0,0,1,1,0,0,0,0,0,0,0,0,0,0,0,0,1,1,2
CURAHUARA DE CARANGAS,inmunoprevenibles,hepatitis viral a*,2017-11-01,0,0,0,0,2,0,0,0,0,0,0,0,0,0,0,0,0,0,0,0,2,0,2
EL ALTO,inmunoprevenibles,hepatitis viral a*,2017-11-01,0,0,0,0,1,2,11,5,4,2,0,0,2,2,1,0,1,0,0,0,20,11,31
EL TORNO,inmunoprevenibles,hepatitis viral a*,2017-11-01,0,0,0,0,0,0,0,0,0,0,0,0,0,0,1,0,0,0,0,0,1,0,1
FERNANDEZ ALONSO,inmunoprevenibles,hepatitis viral a*,2017-11-01,0,0,0,0,1,0,0,0,0,0,0,0,0,0,0,0,0,0,0,0,1,0,1
GENERAL SAAVEDRA,inmunoprevenibles,hepatitis viral a*,2017-11-01,0,0,0,0,1,0,0,0,0,0,0,0,0,0,0,0,0,0,0,0,1,0,1
GUANAY,inmunoprevenibles,hepatitis viral a*,2017-11-01,0,0,0,0,0,0,1,0,0,0,0,0,0,0,0,0,0,0,0,0,1,0,1
GUAYARAMERIN,inmunoprevenibles,hepatitis viral a*,2017-11-01,0,0,1,0,5,11,6,3,2,1,0,0,0,0,0,0,0,0,0,0,14,15,29
HUANUNI,inmunoprevenibles,hepatitis viral a*,2017-11-01,0,0,0,0,0,0,3,0,0,0,0,0,0,0,0,0,0,0,0,0,3,0,3
HUARACAJE,inmunoprevenibles,hepatitis viral a*,2017-11-01,0,0,0,0,2,0,2,1,0,0,0,0,0,0,0,0,0,0,0,0,4,1,5
LA GUARDIA,inmunoprevenibles,hepatitis viral a*,2017-11-01,0,0,0,0,1,0,0,0,0,0,0,0,0,0,0,0,0,0,0,0,1,0,1
LA PAZ,inmunoprevenibles,hepatitis viral a*,2017-11-01,0,0,0,0,6,5,12,11,8,5,1,0,3,6,0,0,0,2,1,0,31,29,60
MAGDALENA,inmunoprevenibles,hepatitis viral a*,2017-11-01,0,0,0,0,0,0,0,0,0,0,0,0,0,0,0,0,0,0,1,0,1,0,1
MONTEAGUDO,inmunoprevenibles,hepatitis viral a*,2017-11-01,0,0,0,0,1,0,0,0,0,0,0,0,0,0,0,0,0,0,0,0,1,0,1
MONTERO,inmunoprevenibles,hepatitis viral a*,2017-11-01,0,0,0,0,1,0,4,1,1,1,0,1,2,0,0,0,0,1,0,0,8,4,12
ORURO,inmunoprevenibles,hepatitis viral a*,2017-11-01,0,0,0,0,3,0,7,5,2,2,0,2,2,0,1,0,0,1,0,0,15,10,25
PAILON,inmunoprevenibles,hepatitis viral a*,2017-11-01,0,0,0,0,0,0,0,1,0,0,0,0,0,0,0,0,0,0,0,0,0,1,1
PALOS BLANCOS,inmunoprevenibles,hepatitis viral a*,2017-11-01,0,0,0,0,0,1,0,0,0,0,0,0,0,0,0,0,0,0,0,0,0,1,1
PASORAPA,inmunoprevenibles,hepatitis viral a*,2017-11-01,0,0,0,0,0,0,1,0,0,0,0,0,0,0,0,0,0,0,0,0,1,0,1
POJO (CBBA),inmunoprevenibles,hepatitis viral a*,2017-11-01,0,0,0,0,0,1,0,0,0,0,0,0,0,0,0,0,0,0,2,3,2,4,6
POTOSI,inmunoprevenibles,hepatitis viral a*,2017-11-01,0,0,0,0,3,2,0,3,0,1,0,0,0,0,0,0,0,0,0,0,3,6,9
PUCARANI,inmunoprevenibles,hepatitis viral a*,2017-11-01,0,0,0,0,0,0,0,1,0,0,0,0,0,0,0,0,0,0,0,0,0,1,1
PUERTO RICO,inmunoprevenibles,hepatitis viral a*,2017-11-01,0,0,0,0,0,0,0,1,0,0,0,0,0,0,0,0,0,0,0,0,0,1,1
PUNATA,inmunoprevenibles,hepatitis viral a*,2017-11-01,0,0,0,0,1,0,0,0,0,0,0,0,1,0,0,0,0,0,0,0,2,0,2
QUILLACOLLO,inmunoprevenibles,hepatitis viral a*,2017-11-01,0,0,0,0,0,0,0,0,1,2,0,0,0,0,0,1,0,0,0,0,1,3,4
RIBERALTA,inmunoprevenibles,hepatitis viral a*,2017-11-01,0,0,0,0,0,1,1,0,0,0,0,0,1,0,0,0,0,0,0,0,2,1,3
RURRENABAQUE,inmunoprevenibles,hepatitis viral a*,2017-11-01,0,0,0,0,0,0,0,1,0,0,0,0,0,0,0,0,0,0,0,0,0,1,1
SACABA,inmunoprevenibles,hepatitis viral a*,2017-11-01,0,0,0,0,2,1,3,0,1,0,0,0,0,1,0,0,0,0,0,0,6,2,8
SAMAIPATA,inmunoprevenibles,hepatitis viral a*,2017-11-01,0,0,0,0,0,0,0,0,0,0,0,0,0,1,0,0,0,0,0,0,0,1,1
SAN ANDRES,inmunoprevenibles,hepatitis viral a*,2017-11-01,0,0,0,0,0,0,1,0,0,0,0,0,0,0,0,0,0,0,0,0,1,0,1
SAN BORJA,inmunoprevenibles,hepatitis viral a*,2017-11-01,0,0,0,0,0,0,0,1,0,0,0,0,0,0,0,0,0,0,0,0,0,1,1
SAN CARLOS,inmunoprevenibles,hepatitis viral a*,2017-11-01,0,0,0,0,2,1,1,0,0,0,0,0,0,0,0,0,0,0,0,0,3,1,4
SAN IGNACIO,inmunoprevenibles,hepatitis viral a*,2017-11-01,0,0,0,0,0,0,2,0,1,1,0,0,0,1,0,0,1,0,0,0,4,2,6
SAN IGNACIO DE VELASCO,inmunoprevenibles,hepatitis viral a*,2017-11-01,0,0,0,0,1,3,3,0,0,0,0,0,0,0,0,0,0,0,0,0,4,3,7
SAN JOAQUIN,inmunoprevenibles,hepatitis viral a*,2017-11-01,0,0,0,0,0,1,0,0,0,0,0,0,0,0,0,0,0,0,0,0,0,1,1
SAN JOSE DE CHIQUITOS,inmunoprevenibles,hepatitis viral a*,2017-11-01,0,0,0,0,0,0,0,0,0,0,0,0,1,0,0,0,0,0,0,0,1,0,1
SAN JULIAN,inmunoprevenibles,hepatitis viral a*,2017-11-01,1,0,0,0,1,0,0,0,0,0,0,0,0,0,0,0,0,0,0,0,2,0,2
SAN LORENZO(TJA),inmunoprevenibles,hepatitis viral a*,2017-11-01,0,0,0,0,0,0,0,2,0,0,0,0,1,0,0,0,0,0,0,0,1,2,3
SAN LUCAS,inmunoprevenibles,hepatitis viral a*,2017-11-01,0,0,0,0,1,0,1,0,0,0,0,0,0,0,0,0,0,0,0,0,2,0,2
SAN PEDRO,inmunoprevenibles,hepatitis viral a*,2017-11-01,0,0,0,0,1,0,0,1,0,0,0,0,0,0,0,0,0,0,0,0,1,1,2
SANTA CRUZ DE LA SIERRA,inmunoprevenibles,hepatitis viral a*,2017-11-01,1,0,0,1,26,9,21,13,8,5,5,2,8,6,1,2,0,0,0,1,70,39,109
SHINAOTA,inmunoprevenibles,hepatitis viral a*,2017-11-01,0,0,0,0,1,0,1,1,0,1,0,0,0,0,0,0,0,0,0,0,2,2,4
SICA SICA (VILLA AROMA),inmunoprevenibles,hepatitis viral a*,2017-11-01,0,0,0,0,0,0,0,0,0,1,0,0,0,0,1,0,0,0,0,0,1,1,2
SUCRE,inmunoprevenibles,hepatitis viral a*,2017-11-01,0,0,0,0,4,7,3,1,0,0,0,0,0,0,0,0,0,0,0,0,7,8,15
TARIJA,inmunoprevenibles,hepatitis viral a*,2017-11-01,0,0,0,0,1,0,0,0,0,0,0,1,0,0,0,0,0,0,1,0,2,1,3
TEOPONTE,inmunoprevenibles,hepatitis viral a*,2017-11-01,0,0,0,0,0,1,0,0,0,0,1,0,0,0,0,0,0,0,0,0,1,1,2
TIQUIPAYA,inmunoprevenibles,hepatitis viral a*,2017-11-01,0,0,0,0,0,2,1,0,2,0,0,0,0,0,0,0,0,0,0,0,3,2,5
TOTORA(ORR),inmunoprevenibles,hepatitis viral a*,2017-11-01,0,0,0,0,0,2,0,0,0,0,0,0,0,1,0,0,0,0,0,0,0,3,3
TRIGAL,inmunoprevenibles,hepatitis viral a*,2017-11-01,0,0,0,0,0,0,0,0,1,0,0,0,0,0,0,0,0,0,0,0,1,0,1
TRINIDAD,inmunoprevenibles,hepatitis viral a*,2017-11-01,1,0,1,1,17,10,24,32,21,9,6,6,2,4,1,1,0,0,0,0,73,63,136
TUPIZA,inmunoprevenibles,hepatitis viral a*,2017-11-01,0,0,0,0,0,2,0,0,0,0,0,0,0,0,0,0,0,0,0,0,0,2,2
URIONDO (A. CONCEPCION),inmunoprevenibles,hepatitis viral a*,2017-11-01,0,0,0,0,0,1,2,1,0,0,0,0,0,0,0,0,0,0,0,0,2,2,4
VALLEGRANDE,inmunoprevenibles,hepatitis viral a*,2017-11-01,0,0,0,0,0,0,1,0,0,0,0,1,0,0,0,0,0,0,0,0,1,1,2
VILLA TUNARI,inmunoprevenibles,hepatitis viral a*,2017-11-01,0,0,0,0,1,0,1,0,1,0,0,0,0,0,0,0,0,0,0,0,3,0,3
YAMPARAEZ,inmunoprevenibles,hepatitis viral a*,2017-11-01,0,0,0,0,1,2,0,0,0,0,1,0,1,1,0,0,0,0,1,1,4,4,8
YOTALA,inmunoprevenibles,hepatitis viral a*,2017-11-01,0,0,0,0,0,0,0,0,0,0,1,0,0,0,0,0,0,0,0,0,1,0,1
BERMEJO,inmunoprevenibles,hepatitis viral a*,2017-12-01,0,0,0,0,0,0,0,0,0,1,1,0,0,0,2,0,0,0,0,0,3,1,4
CALAMARCA,inmunoprevenibles,hepatitis viral a*,2017-12-01,0,0,0,0,0,0,0,0,0,0,0,1,0,0,0,0,0,0,0,0,0,1,1
CAMIRI,inmunoprevenibles,hepatitis viral a*,2017-12-01,0,0,0,0,0,1,0,0,1,0,0,0,0,0,0,0,0,0,0,0,1,1,2
COBIJA,inmunoprevenibles,hepatitis viral a*,2017-12-01,0,0,0,0,0,1,0,0,0,0,0,0,0,0,0,0,0,0,0,0,0,1,1
COCHABAMBA,inmunoprevenibles,hepatitis viral a*,2017-12-01,0,0,1,0,5,7,12,7,4,3,0,1,1,1,0,0,0,0,0,0,23,19,42
COLCAPIRHUA,inmunoprevenibles,hepatitis viral a*,2017-12-01,0,0,0,0,0,0,0,0,1,0,0,0,0,0,0,0,0,0,0,0,1,0,1
COLOMI,inmunoprevenibles,hepatitis viral a*,2017-12-01,0,0,0,0,0,1,0,0,0,0,0,0,0,0,0,0,0,0,0,0,0,1,1
CONCEPCION,inmunoprevenibles,hepatitis viral a*,2017-12-01,0,0,0,0,0,3,0,0,0,0,0,0,0,1,0,0,0,0,0,0,0,4,4
CUATRO CAÑADAS,inmunoprevenibles,hepatitis viral a*,2017-12-01,0,0,0,0,1,0,0,0,0,0,0,0,0,0,0,0,0,0,0,0,1,0,1
CURAHUARA DE CARANGAS,inmunoprevenibles,hepatitis viral a*,2017-12-01,0,0,0,0,1,0,0,0,0,0,0,0,0,0,0,0,0,0,0,0,1,0,1
EL ALTO,inmunoprevenibles,hepatitis viral a*,2017-12-01,0,0,0,0,1,0,0,0,3,0,1,0,1,1,0,0,0,0,0,0,6,1,7
GUANAY,inmunoprevenibles,hepatitis viral a*,2017-12-01,0,0,0,0,1,0,0,0,0,0,0,0,0,0,0,0,0,0,0,0,1,0,1
GUAYARAMERIN,inmunoprevenibles,hepatitis viral a*,2017-12-01,0,1,0,0,2,0,0,3,0,0,0,0,0,0,0,0,0,0,0,0,2,4,6
HUANUNI,inmunoprevenibles,hepatitis viral a*,2017-12-01,0,0,0,0,1,0,0,0,0,0,0,0,0,0,0,0,0,0,0,0,1,0,1
LA ASUNTA,inmunoprevenibles,hepatitis viral a*,2017-12-01,0,0,0,0,0,0,0,0,0,0,0,1,0,0,0,0,0,0,0,0,0,1,1
LA GUARDIA,inmunoprevenibles,hepatitis viral a*,2017-12-01,0,0,0,0,0,1,0,0,0,0,0,0,0,0,0,0,0,0,0,0,0,1,1
LA PAZ,inmunoprevenibles,hepatitis viral a*,2017-12-01,0,0,1,0,0,5,5,4,4,2,1,2,2,0,0,0,0,1,0,2,13,16,29
MAPIRI,inmunoprevenibles,hepatitis viral a*,2017-12-01,0,0,0,0,1,0,0,0,0,0,0,0,0,0,0,0,0,0,0,0,1,0,1
MONTERO,inmunoprevenibles,hepatitis viral a*,2017-12-01,0,0,0,0,1,0,1,1,5,0,0,2,2,0,0,0,0,0,0,0,9,3,12
ORURO,inmunoprevenibles,hepatitis viral a*,2017-12-01,0,0,0,0,0,3,3,6,0,3,0,0,1,1,0,0,0,0,0,0,4,13,17
PASORAPA,inmunoprevenibles,hepatitis viral a*,2017-12-01,0,0,0,0,0,1,0,1,0,0,0,0,0,0,0,0,0,0,0,0,0,2,2
POTOSI,inmunoprevenibles,hepatitis viral a*,2017-12-01,0,0,0,0,2,0,1,0,0,0,0,0,0,0,0,0,0,0,0,0,3,0,3
PUNATA,inmunoprevenibles,hepatitis viral a*,2017-12-01,0,0,0,0,4,0,0,0,0,0,0,0,0,0,0,0,0,0,0,0,4,0,4
QUILLACOLLO,inmunoprevenibles,hepatitis viral a*,2017-12-01,0,0,0,0,3,0,0,0,0,0,0,0,0,0,0,0,0,0,0,0,3,0,3
RIBERALTA,inmunoprevenibles,hepatitis viral a*,2017-12-01,0,0,0,0,0,0,0,0,0,1,0,0,0,0,0,0,0,0,0,0,0,1,1
SACABA,inmunoprevenibles,hepatitis viral a*,2017-12-01,0,0,0,0,0,2,0,0,0,2,0,0,0,0,0,0,0,0,0,0,0,4,4
SAN ANDRES,inmunoprevenibles,hepatitis viral a*,2017-12-01,0,0,0,0,0,0,0,1,0,0,0,0,0,0,0,0,0,0,0,0,0,1,1
SAN BORJA,inmunoprevenibles,hepatitis viral a*,2017-12-01,0,0,0,0,0,0,2,0,0,1,0,0,0,0,0,0,0,0,0,0,2,1,3
SAN IGNACIO,inmunoprevenibles,hepatitis viral a*,2017-12-01,0,0,0,0,0,0,0,0,0,0,0,0,0,2,0,0,0,0,0,0,0,2,2
SAN JULIAN,inmunoprevenibles,hepatitis viral a*,2017-12-01,0,0,0,0,1,0,0,0,0,0,0,0,0,0,0,0,0,0,0,0,1,0,1
SAN LUCAS,inmunoprevenibles,hepatitis viral a*,2017-12-01,0,0,0,0,0,1,0,0,0,0,0,0,0,0,0,0,0,0,0,0,0,1,1
SAN PEDRO,inmunoprevenibles,hepatitis viral a*,2017-12-01,0,0,0,0,1,1,0,1,2,0,1,0,0,0,0,0,0,0,0,0,4,2,6
SANTA CRUZ DE LA SIERRA,inmunoprevenibles,hepatitis viral a*,2017-12-01,0,0,0,0,5,8,14,24,0,4,2,2,5,4,2,0,0,0,1,1,29,43,72
SANTA ROSA,inmunoprevenibles,hepatitis viral a*,2017-12-01,0,0,0,0,0,0,2,0,0,0,1,0,0,0,0,0,0,0,0,0,3,0,3
SICA SICA (VILLA AROMA),inmunoprevenibles,hepatitis viral a*,2017-12-01,0,0,0,0,0,0,1,0,0,0,0,0,0,0,0,0,0,0,0,0,1,0,1
SUCRE,inmunoprevenibles,hepatitis viral a*,2017-12-01,0,0,0,0,4,1,3,1,0,0,0,0,0,0,0,0,0,0,0,0,7,2,9
TARACO,inmunoprevenibles,hepatitis viral a*,2017-12-01,0,0,0,0,0,0,0,0,1,0,0,0,0,0,0,0,0,0,0,0,1,0,1
TARIJA,inmunoprevenibles,hepatitis viral a*,2017-12-01,0,0,0,0,0,0,0,1,0,0,0,0,0,0,0,0,0,0,0,0,0,1,1
TRINIDAD,inmunoprevenibles,hepatitis viral a*,2017-12-01,0,0,0,0,5,5,19,18,9,8,12,11,6,6,1,2,1,1,0,2,53,53,106
VALLEGRANDE,inmunoprevenibles,hepatitis viral a*,2017-12-01,0,0,0,0,1,1,0,2,0,0,0,0,0,0,0,0,0,0,0,0,1,3,4
VILLA TUNARI,inmunoprevenibles,hepatitis viral a*,2017-12-01,0,0,0,0,1,1,0,1,1,0,0,0,0,0,0,0,0,0,0,0,2,2,4
YACUIBA,inmunoprevenibles,hepatitis viral a*,2017-12-01,0,0,0,0,0,1,0,0,1,0,0,0,1,1,0,0,0,0,0,0,2,2,4
