,group,variable,month,a. Menor de 6 meses - D,a. Menor de 6 meses - D,a. Menor de 6 meses - F,a. Menor de 6 meses - F,b. 6 m a menor de 1 año - D,b. 6 m a menor de 1 año - D,b. 6 m a menor de 1 año - F,b. 6 m a menor de 1 año - F,c. 1 - 4 años - D,c. 1 - 4 años - D,c. 1 - 4 años - F,c. 1 - 4 años - F,d. 5 - 9 años - D,d. 5 - 9 años - D,d. 5 - 9 años - F,d. 5 - 9 años - F,e. 10 a 14 años - D,e. 10 a 14 años - D,e. 10 a 14 años - F,e. 10 a 14 años - F,f. 15 - 19 años - D,f. 15 - 19 años - D,f. 15 - 19 años - F,f. 15 - 19 años - F,g. 20 - 39 años - D,g. 20 - 39 años - D,g. 20 - 39 años - F,g. 20 - 39 años - F,h. 40 - 49 años - D,h. 40 - 49 años - D,h. 40 - 49 años - F,h. 40 - 49 años - F,i. 50 - 59 años - D,i. 50 - 59 años - D,i. 50 - 59 años - F,i. 50 - 59 años - F,j. 60 años y más - D,j. 60 años y más - D,j. 60 años y más - F,j. 60 años y más - F,TOTALES,TOTALES,TOTALES
,,,,MASCULINO,FEMENINO,MASCULINO,FEMENINO,MASCULINO,FEMENINO,MASCULINO,FEMENINO,MASCULINO,FEMENINO,MASCULINO,FEMENINO,MASCULINO,FEMENINO,MASCULINO,FEMENINO,MASCULINO,FEMENINO,MASCULINO,FEMENINO,MASCULINO,FEMENINO,MASCULINO,FEMENINO,MASCULINO,FEMENINO,MASCULINO,FEMENINO,MASCULINO,FEMENINO,MASCULINO,FEMENINO,MASCULINO,FEMENINO,MASCULINO,FEMENINO,MASCULINO,FEMENINO,MASCULINO,FEMENINO,TOTAL-M,TOTAL-F,TOTAL
municipality,,,,,,,,,,,,,,,,,,,,,,,,,,,,,,,,,,,,,,,,,,,,,,
CHALLAPATA,mortalidad,muerte menor de 5 anos por otras causas,2017-01-01,0,0,1,2,0,0,0,0,0,0,0,0,0,0,0,0,0,0,0,0,0,0,0,0,0,0,0,0,0,0,0,0,0,0,0,0,0,0,0,0,1,2,3
CHAQUI,mortalidad,muerte menor de 5 anos por otras causas,2017-01-01,0,0,1,0,0,0,0,0,0,0,0,0,0,0,0,0,0,0,0,0,0,0,0,0,0,0,0,0,0,0,0,0,0,0,0,0,0,0,0,0,1,0,1
COCHABAMBA,mortalidad,muerte menor de 5 anos por otras causas,2017-01-01,1,2,0,0,0,0,0,0,1,2,0,0,0,0,0,0,0,0,0,0,0,0,0,0,0,0,0,0,0,0,0,0,0,0,0,0,0,0,0,0,2,4,6
COLLANA,mortalidad,muerte menor de 5 anos por otras causas,2017-01-01,0,0,0,1,0,0,0,0,0,0,0,0,0,0,0,0,0,0,0,0,0,0,0,0,0,0,0,0,0,0,0,0,0,0,0,0,0,0,0,0,0,1,1
COLQUENCHA,mortalidad,muerte menor de 5 anos por otras causas,2017-01-01,0,0,0,0,0,0,0,0,0,0,1,0,0,0,0,0,0,0,0,0,0,0,0,0,0,0,0,0,0,0,0,0,0,0,0,0,0,0,0,0,1,0,1
EL ALTO,mortalidad,muerte menor de 5 anos por otras causas,2017-01-01,12,6,2,1,0,0,1,0,1,0,0,0,0,0,0,0,0,0,0,0,0,0,0,0,0,0,0,0,0,0,0,0,0,0,0,0,0,0,0,0,16,7,23
EL CHORO,mortalidad,muerte menor de 5 anos por otras causas,2017-01-01,0,0,1,0,0,0,0,0,0,0,0,0,0,0,0,0,0,0,0,0,0,0,0,0,0,0,0,0,0,0,0,0,0,0,0,0,0,0,0,0,1,0,1
LA PAZ,mortalidad,muerte menor de 5 anos por otras causas,2017-01-01,5,4,0,0,0,0,0,0,0,1,0,0,0,0,0,0,0,0,0,0,0,0,0,0,0,0,0,0,0,0,0,0,0,0,0,0,0,0,0,0,5,5,10
MONTERO,mortalidad,muerte menor de 5 anos por otras causas,2017-01-01,0,0,0,0,0,0,0,0,1,0,2,0,0,0,0,0,0,0,0,0,0,0,0,0,0,0,0,0,0,0,0,0,0,0,0,0,0,0,0,0,3,0,3
ORURO,mortalidad,muerte menor de 5 anos por otras causas,2017-01-01,0,0,0,0,0,1,0,0,0,0,0,0,0,0,0,0,0,0,0,0,0,0,0,0,0,0,0,0,0,0,0,0,0,0,0,0,0,0,0,0,0,1,1
PATACAMAYA,mortalidad,muerte menor de 5 anos por otras causas,2017-01-01,0,0,0,0,0,0,1,0,0,0,0,0,0,0,0,0,0,0,0,0,0,0,0,0,0,0,0,0,0,0,0,0,0,0,0,0,0,0,0,0,1,0,1
POCOATA,mortalidad,muerte menor de 5 anos por otras causas,2017-01-01,1,0,0,0,0,0,0,0,0,0,0,0,0,0,0,0,0,0,0,0,0,0,0,0,0,0,0,0,0,0,0,0,0,0,0,0,0,0,0,0,1,0,1
PORTACHUELO,mortalidad,muerte menor de 5 anos por otras causas,2017-01-01,1,1,0,0,0,0,0,0,0,0,0,0,0,0,0,0,0,0,0,0,0,0,0,0,0,0,0,0,0,0,0,0,0,0,0,0,0,0,0,0,1,1,2
POTOSI,mortalidad,muerte menor de 5 anos por otras causas,2017-01-01,1,0,0,0,0,0,0,0,1,0,0,0,0,0,0,0,0,0,0,0,0,0,0,0,0,0,0,0,0,0,0,0,0,0,0,0,0,0,0,0,2,0,2
PUERTO VILLARROEL,mortalidad,muerte menor de 5 anos por otras causas,2017-01-01,0,0,0,0,0,0,0,0,0,0,0,1,0,0,0,0,0,0,0,0,0,0,0,0,0,0,0,0,0,0,0,0,0,0,0,0,0,0,0,0,0,1,1
RAVELO,mortalidad,muerte menor de 5 anos por otras causas,2017-01-01,0,0,0,0,0,0,0,0,0,0,0,1,0,0,0,0,0,0,0,0,0,0,0,0,0,0,0,0,0,0,0,0,0,0,0,0,0,0,0,0,0,1,1
SAN BORJA,mortalidad,muerte menor de 5 anos por otras causas,2017-01-01,2,0,0,0,0,1,0,0,0,0,0,0,0,0,0,0,0,0,0,0,0,0,0,0,0,0,0,0,0,0,0,0,0,0,0,0,0,0,0,0,2,1,3
SAN CARLOS,mortalidad,muerte menor de 5 anos por otras causas,2017-01-01,0,0,0,0,0,0,0,0,0,0,1,1,0,0,0,0,0,0,0,0,0,0,0,0,0,0,0,0,0,0,0,0,0,0,0,0,0,0,0,0,1,1,2
SANTA CRUZ DE LA SIERRA,mortalidad,muerte menor de 5 anos por otras causas,2017-01-01,4,3,0,2,0,0,0,0,0,1,0,1,0,0,0,0,0,0,0,0,0,0,0,0,0,0,0,0,0,0,0,0,0,0,0,0,0,0,0,0,4,7,11
SUCRE,mortalidad,muerte menor de 5 anos por otras causas,2017-01-01,0,0,0,0,0,0,0,0,0,1,0,0,0,0,0,0,0,0,0,0,0,0,0,0,0,0,0,0,0,0,0,0,0,0,0,0,0,0,0,0,0,1,1
TARIJA,mortalidad,muerte menor de 5 anos por otras causas,2017-01-01,4,1,0,0,0,0,0,0,0,0,1,1,0,0,0,0,0,0,0,0,0,0,0,0,0,0,0,0,0,0,0,0,0,0,0,0,0,0,0,0,5,2,7
TIRAQUE (CBBA),mortalidad,muerte menor de 5 anos por otras causas,2017-01-01,0,0,0,0,0,0,0,0,0,0,1,0,0,0,0,0,0,0,0,0,0,0,0,0,0,0,0,0,0,0,0,0,0,0,0,0,0,0,0,0,1,0,1
TODOS SANTOS,mortalidad,muerte menor de 5 anos por otras causas,2017-01-01,0,0,0,1,0,0,0,0,0,0,0,0,0,0,0,0,0,0,0,0,0,0,0,0,0,0,0,0,0,0,0,0,0,0,0,0,0,0,0,0,0,1,1
TRINIDAD,mortalidad,muerte menor de 5 anos por otras causas,2017-01-01,0,2,0,0,0,0,0,0,0,2,0,0,0,0,0,0,0,0,0,0,0,0,0,0,0,0,0,0,0,0,0,0,0,0,0,0,0,0,0,0,0,4,4
VILLA CHARCAS,mortalidad,muerte menor de 5 anos por otras causas,2017-01-01,0,0,1,0,0,0,0,0,0,0,0,0,0,0,0,0,0,0,0,0,0,0,0,0,0,0,0,0,0,0,0,0,0,0,0,0,0,0,0,0,1,0,1
VILLA TUNARI,mortalidad,muerte menor de 5 anos por otras causas,2017-01-01,0,0,0,1,0,0,0,0,0,0,0,0,0,0,0,0,0,0,0,0,0,0,0,0,0,0,0,0,0,0,0,0,0,0,0,0,0,0,0,0,0,1,1
ALTO BENI,mortalidad,muerte menor de 5 anos por otras causas,2017-02-01,0,0,0,0,0,0,0,0,0,0,1,0,0,0,0,0,0,0,0,0,0,0,0,0,0,0,0,0,0,0,0,0,0,0,0,0,0,0,0,0,1,0,1
ANDAMARCA,mortalidad,muerte menor de 5 anos por otras causas,2017-02-01,0,0,0,1,0,0,0,0,0,0,0,0,0,0,0,0,0,0,0,0,0,0,0,0,0,0,0,0,0,0,0,0,0,0,0,0,0,0,0,0,0,1,1
CARANAVI,mortalidad,muerte menor de 5 anos por otras causas,2017-02-01,1,0,0,0,0,1,0,0,0,0,0,0,0,0,0,0,0,0,0,0,0,0,0,0,0,0,0,0,0,0,0,0,0,0,0,0,0,0,0,0,1,1,2
CHAYANTA,mortalidad,muerte menor de 5 anos por otras causas,2017-02-01,0,0,1,0,0,0,0,0,0,0,0,0,0,0,0,0,0,0,0,0,0,0,0,0,0,0,0,0,0,0,0,0,0,0,0,0,0,0,0,0,1,0,1
COCHABAMBA,mortalidad,muerte menor de 5 anos por otras causas,2017-02-01,4,1,0,0,0,0,0,0,2,1,0,0,0,0,0,0,0,0,0,0,0,0,0,0,0,0,0,0,0,0,0,0,0,0,0,0,0,0,0,0,6,2,8
CONCEPCION,mortalidad,muerte menor de 5 anos por otras causas,2017-02-01,0,0,0,0,0,0,0,0,0,0,1,0,0,0,0,0,0,0,0,0,0,0,0,0,0,0,0,0,0,0,0,0,0,0,0,0,0,0,0,0,1,0,1
EL ALTO,mortalidad,muerte menor de 5 anos por otras causas,2017-02-01,6,6,1,2,0,0,0,0,0,0,2,1,0,0,0,0,0,0,0,0,0,0,0,0,0,0,0,0,0,0,0,0,0,0,0,0,0,0,0,0,9,9,18
EL TORNO,mortalidad,muerte menor de 5 anos por otras causas,2017-02-01,0,0,0,0,0,0,0,0,0,0,1,0,0,0,0,0,0,0,0,0,0,0,0,0,0,0,0,0,0,0,0,0,0,0,0,0,0,0,0,0,1,0,1
IXIAMAS,mortalidad,muerte menor de 5 anos por otras causas,2017-02-01,0,0,0,1,0,0,0,0,0,0,0,0,0,0,0,0,0,0,0,0,0,0,0,0,0,0,0,0,0,0,0,0,0,0,0,0,0,0,0,0,0,1,1
LA PAZ,mortalidad,muerte menor de 5 anos por otras causas,2017-02-01,6,2,0,1,0,0,1,0,0,1,0,1,0,0,0,0,0,0,0,0,0,0,0,0,0,0,0,0,0,0,0,0,0,0,0,0,0,0,0,0,7,5,12
LLALLAGUA,mortalidad,muerte menor de 5 anos por otras causas,2017-02-01,0,0,0,0,0,0,0,0,0,1,0,0,0,0,0,0,0,0,0,0,0,0,0,0,0,0,0,0,0,0,0,0,0,0,0,0,0,0,0,0,0,1,1
MONTERO,mortalidad,muerte menor de 5 anos por otras causas,2017-02-01,0,0,0,0,0,0,0,0,2,0,0,0,0,0,0,0,0,0,0,0,0,0,0,0,0,0,0,0,0,0,0,0,0,0,0,0,0,0,0,0,2,0,2
ORURO,mortalidad,muerte menor de 5 anos por otras causas,2017-02-01,0,0,0,0,0,0,0,0,0,2,0,0,0,0,0,0,0,0,0,0,0,0,0,0,0,0,0,0,0,0,0,0,0,0,0,0,0,0,0,0,0,2,2
PELECHUCO,mortalidad,muerte menor de 5 anos por otras causas,2017-02-01,0,0,0,0,0,0,0,0,0,0,1,0,0,0,0,0,0,0,0,0,0,0,0,0,0,0,0,0,0,0,0,0,0,0,0,0,0,0,0,0,1,0,1
PORTACHUELO,mortalidad,muerte menor de 5 anos por otras causas,2017-02-01,2,0,0,0,0,0,0,0,0,0,0,0,0,0,0,0,0,0,0,0,0,0,0,0,0,0,0,0,0,0,0,0,0,0,0,0,0,0,0,0,2,0,2
POTOSI,mortalidad,muerte menor de 5 anos por otras causas,2017-02-01,0,0,0,0,0,0,0,0,1,1,0,0,0,0,0,0,0,0,0,0,0,0,0,0,0,0,0,0,0,0,0,0,0,0,0,0,0,0,0,0,1,1,2
RIBERALTA,mortalidad,muerte menor de 5 anos por otras causas,2017-02-01,0,1,0,0,0,0,0,0,1,0,0,0,0,0,0,0,0,0,0,0,0,0,0,0,0,0,0,0,0,0,0,0,0,0,0,0,0,0,0,0,1,1,2
SACACA,mortalidad,muerte menor de 5 anos por otras causas,2017-02-01,0,0,1,2,0,0,0,0,0,0,0,0,0,0,0,0,0,0,0,0,0,0,0,0,0,0,0,0,0,0,0,0,0,0,0,0,0,0,0,0,1,2,3
SAN CARLOS,mortalidad,muerte menor de 5 anos por otras causas,2017-02-01,0,0,0,0,0,0,0,0,0,0,1,0,0,0,0,0,0,0,0,0,0,0,0,0,0,0,0,0,0,0,0,0,0,0,0,0,0,0,0,0,1,0,1
SAN IGNACIO DE VELASCO,mortalidad,muerte menor de 5 anos por otras causas,2017-02-01,0,0,0,0,0,0,0,0,0,0,1,0,0,0,0,0,0,0,0,0,0,0,0,0,0,0,0,0,0,0,0,0,0,0,0,0,0,0,0,0,1,0,1
SAN JOSE DE CHIQUITOS,mortalidad,muerte menor de 5 anos por otras causas,2017-02-01,0,1,0,0,0,0,0,0,0,0,0,0,0,0,0,0,0,0,0,0,0,0,0,0,0,0,0,0,0,0,0,0,0,0,0,0,0,0,0,0,0,1,1
SANTA CRUZ DE LA SIERRA,mortalidad,muerte menor de 5 anos por otras causas,2017-02-01,3,0,0,0,0,0,0,0,0,1,0,1,0,0,0,0,0,0,0,0,0,0,0,0,0,0,0,0,0,0,0,0,0,0,0,0,0,0,0,0,3,2,5
SUCRE,mortalidad,muerte menor de 5 anos por otras causas,2017-02-01,1,2,0,0,0,0,0,0,0,0,0,0,0,0,0,0,0,0,0,0,0,0,0,0,0,0,0,0,0,0,0,0,0,0,0,0,0,0,0,0,1,2,3
TARIJA,mortalidad,muerte menor de 5 anos por otras causas,2017-02-01,4,1,0,0,0,0,0,0,1,0,0,1,0,0,0,0,0,0,0,0,0,0,0,0,0,0,0,0,0,0,0,0,0,0,0,0,0,0,0,0,5,2,7
TEOPONTE,mortalidad,muerte menor de 5 anos por otras causas,2017-02-01,0,0,0,0,0,0,0,0,0,0,1,1,0,0,0,0,0,0,0,0,0,0,0,0,0,0,0,0,0,0,0,0,0,0,0,0,0,0,0,0,1,1,2
TINGUIPAYA,mortalidad,muerte menor de 5 anos por otras causas,2017-02-01,0,0,0,0,0,0,0,1,0,0,0,0,0,0,0,0,0,0,0,0,0,0,0,0,0,0,0,0,0,0,0,0,0,0,0,0,0,0,0,0,0,1,1
TOMAVE,mortalidad,muerte menor de 5 anos por otras causas,2017-02-01,0,0,0,1,0,0,0,0,0,0,0,0,0,0,0,0,0,0,0,0,0,0,0,0,0,0,0,0,0,0,0,0,0,0,0,0,0,0,0,0,0,1,1
UYUNI,mortalidad,muerte menor de 5 anos por otras causas,2017-02-01,0,0,0,1,0,0,0,0,0,0,0,0,0,0,0,0,0,0,0,0,0,0,0,0,0,0,0,0,0,0,0,0,0,0,0,0,0,0,0,0,0,1,1
VILLA CHARCAS,mortalidad,muerte menor de 5 anos por otras causas,2017-02-01,0,0,0,0,0,0,0,0,0,0,1,0,0,0,0,0,0,0,0,0,0,0,0,0,0,0,0,0,0,0,0,0,0,0,0,0,0,0,0,0,1,0,1
ACACIO,mortalidad,muerte menor de 5 anos por otras causas,2017-03-01,0,0,0,0,0,0,0,0,0,0,1,0,0,0,0,0,0,0,0,0,0,0,0,0,0,0,0,0,0,0,0,0,0,0,0,0,0,0,0,0,1,0,1
ACHACACHI,mortalidad,muerte menor de 5 anos por otras causas,2017-03-01,0,0,0,0,0,0,1,0,0,0,0,0,0,0,0,0,0,0,0,0,0,0,0,0,0,0,0,0,0,0,0,0,0,0,0,0,0,0,0,0,1,0,1
ACHOCALLA,mortalidad,muerte menor de 5 anos por otras causas,2017-03-01,0,0,0,0,0,0,0,0,0,0,1,0,0,0,0,0,0,0,0,0,0,0,0,0,0,0,0,0,0,0,0,0,0,0,0,0,0,0,0,0,1,0,1
APOLO,mortalidad,muerte menor de 5 anos por otras causas,2017-03-01,0,0,0,0,0,0,0,0,0,0,1,0,0,0,0,0,0,0,0,0,0,0,0,0,0,0,0,0,0,0,0,0,0,0,0,0,0,0,0,0,1,0,1
ARAMPAMPA,mortalidad,muerte menor de 5 anos por otras causas,2017-03-01,0,0,0,0,0,0,0,0,0,0,1,0,0,0,0,0,0,0,0,0,0,0,0,0,0,0,0,0,0,0,0,0,0,0,0,0,0,0,0,0,1,0,1
AYO AYO,mortalidad,muerte menor de 5 anos por otras causas,2017-03-01,0,0,0,0,0,0,0,0,0,0,1,0,0,0,0,0,0,0,0,0,0,0,0,0,0,0,0,0,0,0,0,0,0,0,0,0,0,0,0,0,1,0,1
CABEZAS,mortalidad,muerte menor de 5 anos por otras causas,2017-03-01,0,0,0,0,0,0,0,0,0,0,1,0,0,0,0,0,0,0,0,0,0,0,0,0,0,0,0,0,0,0,0,0,0,0,0,0,0,0,0,0,1,0,1
CARIPUYO,mortalidad,muerte menor de 5 anos por otras causas,2017-03-01,0,0,0,3,0,0,0,0,0,0,0,0,0,0,0,0,0,0,0,0,0,0,0,0,0,0,0,0,0,0,0,0,0,0,0,0,0,0,0,0,0,3,3
CHIPAYA,mortalidad,muerte menor de 5 anos por otras causas,2017-03-01,0,0,0,0,0,0,0,0,0,0,0,1,0,0,0,0,0,0,0,0,0,0,0,0,0,0,0,0,0,0,0,0,0,0,0,0,0,0,0,0,0,1,1
CHULUMANI (V. DE LA LIBERTAD),mortalidad,muerte menor de 5 anos por otras causas,2017-03-01,0,0,0,0,0,0,0,0,0,0,1,0,0,0,0,0,0,0,0,0,0,0,0,0,0,0,0,0,0,0,0,0,0,0,0,0,0,0,0,0,1,0,1
COCHABAMBA,mortalidad,muerte menor de 5 anos por otras causas,2017-03-01,2,4,0,0,1,0,0,0,0,0,0,0,0,0,0,0,0,0,0,0,0,0,0,0,0,0,0,0,0,0,0,0,0,0,0,0,0,0,0,0,3,4,7
COROICO,mortalidad,muerte menor de 5 anos por otras causas,2017-03-01,0,0,0,0,0,0,0,0,0,0,1,0,0,0,0,0,0,0,0,0,0,0,0,0,0,0,0,0,0,0,0,0,0,0,0,0,0,0,0,0,1,0,1
EL ALTO,mortalidad,muerte menor de 5 anos por otras causas,2017-03-01,6,3,4,7,0,1,1,3,0,0,2,1,0,0,0,0,0,0,0,0,0,0,0,0,0,0,0,0,0,0,0,0,0,0,0,0,0,0,0,0,13,15,28
EL TORNO,mortalidad,muerte menor de 5 anos por otras causas,2017-03-01,0,0,1,0,0,0,0,0,0,0,0,0,0,0,0,0,0,0,0,0,0,0,0,0,0,0,0,0,0,0,0,0,0,0,0,0,0,0,0,0,1,0,1
HUANUNI,mortalidad,muerte menor de 5 anos por otras causas,2017-03-01,0,0,1,0,0,0,0,0,0,0,0,0,0,0,0,0,0,0,0,0,0,0,0,0,0,0,0,0,0,0,0,0,0,0,0,0,0,0,0,0,1,0,1
ICLA,mortalidad,muerte menor de 5 anos por otras causas,2017-03-01,0,0,0,0,0,0,0,0,0,0,0,1,0,0,0,0,0,0,0,0,0,0,0,0,0,0,0,0,0,0,0,0,0,0,0,0,0,0,0,0,0,1,1
IXIAMAS,mortalidad,muerte menor de 5 anos por otras causas,2017-03-01,0,0,0,0,0,0,0,0,0,1,0,0,0,0,0,0,0,0,0,0,0,0,0,0,0,0,0,0,0,0,0,0,0,0,0,0,0,0,0,0,0,1,1
LA ASUNTA,mortalidad,muerte menor de 5 anos por otras causas,2017-03-01,0,0,0,0,0,0,0,0,0,0,1,0,0,0,0,0,0,0,0,0,0,0,0,0,0,0,0,0,0,0,0,0,0,0,0,0,0,0,0,0,1,0,1
LA PAZ,mortalidad,muerte menor de 5 anos por otras causas,2017-03-01,4,10,3,1,0,1,0,0,0,1,0,1,0,0,0,0,0,0,0,0,0,0,0,0,0,0,0,0,0,0,0,0,0,0,0,0,0,0,0,0,7,14,21
LLALLAGUA,mortalidad,muerte menor de 5 anos por otras causas,2017-03-01,0,1,0,0,0,0,0,0,0,0,0,0,0,0,0,0,0,0,0,0,0,0,0,0,0,0,0,0,0,0,0,0,0,0,0,0,0,0,0,0,0,1,1
MONTERO,mortalidad,muerte menor de 5 anos por otras causas,2017-03-01,0,0,0,0,0,0,0,0,1,0,0,1,0,0,0,0,0,0,0,0,0,0,0,0,0,0,0,0,0,0,0,0,0,0,0,0,0,0,0,0,1,1,2
OMEREQUE,mortalidad,muerte menor de 5 anos por otras causas,2017-03-01,0,0,0,0,0,0,0,0,0,0,1,0,0,0,0,0,0,0,0,0,0,0,0,0,0,0,0,0,0,0,0,0,0,0,0,0,0,0,0,0,1,0,1
ORURO,mortalidad,muerte menor de 5 anos por otras causas,2017-03-01,2,1,4,0,0,0,0,0,0,1,0,0,0,0,0,0,0,0,0,0,0,0,0,0,0,0,0,0,0,0,0,0,0,0,0,0,0,0,0,0,6,2,8
POTOSI,mortalidad,muerte menor de 5 anos por otras causas,2017-03-01,0,4,0,0,0,0,0,0,1,1,0,0,0,0,0,0,0,0,0,0,0,0,0,0,0,0,0,0,0,0,0,0,0,0,0,0,0,0,0,0,1,5,6
QUILLACOLLO,mortalidad,muerte menor de 5 anos por otras causas,2017-03-01,0,0,0,1,0,0,0,0,0,0,0,0,0,0,0,0,0,0,0,0,0,0,0,0,0,0,0,0,0,0,0,0,0,0,0,0,0,0,0,0,0,1,1
SAN BUENA VENTURA,mortalidad,muerte menor de 5 anos por otras causas,2017-03-01,1,1,0,2,0,0,0,0,0,0,0,0,0,0,0,0,0,0,0,0,0,0,0,0,0,0,0,0,0,0,0,0,0,0,0,0,0,0,0,0,1,3,4
SANTA CRUZ DE LA SIERRA,mortalidad,muerte menor de 5 anos por otras causas,2017-03-01,0,3,0,0,0,0,0,0,1,1,0,0,0,0,0,0,0,0,0,0,0,0,0,0,0,0,0,0,0,0,0,0,0,0,0,0,0,0,0,0,1,4,5
TARATA,mortalidad,muerte menor de 5 anos por otras causas,2017-03-01,0,0,1,0,0,0,0,0,0,0,0,0,0,0,0,0,0,0,0,0,0,0,0,0,0,0,0,0,0,0,0,0,0,0,0,0,0,0,0,0,1,0,1
TARIJA,mortalidad,muerte menor de 5 anos por otras causas,2017-03-01,3,2,2,0,0,0,0,0,0,0,0,0,0,0,0,0,0,0,0,0,0,0,0,0,0,0,0,0,0,0,0,0,0,0,0,0,0,0,0,0,5,2,7
TIRAQUE (CBBA),mortalidad,muerte menor de 5 anos por otras causas,2017-03-01,0,0,0,1,0,0,0,0,0,0,0,0,0,0,0,0,0,0,0,0,0,0,0,0,0,0,0,0,0,0,0,0,0,0,0,0,0,0,0,0,0,1,1
TORO TORO,mortalidad,muerte menor de 5 anos por otras causas,2017-03-01,0,0,0,0,0,0,0,1,0,0,0,0,0,0,0,0,0,0,0,0,0,0,0,0,0,0,0,0,0,0,0,0,0,0,0,0,0,0,0,0,0,1,1
TRINIDAD,mortalidad,muerte menor de 5 anos por otras causas,2017-03-01,0,0,0,0,0,0,0,0,0,1,0,0,0,0,0,0,0,0,0,0,0,0,0,0,0,0,0,0,0,0,0,0,0,0,0,0,0,0,0,0,0,1,1
UYUNI,mortalidad,muerte menor de 5 anos por otras causas,2017-03-01,2,0,0,0,0,0,0,0,0,0,0,0,0,0,0,0,0,0,0,0,0,0,0,0,0,0,0,0,0,0,0,0,0,0,0,0,0,0,0,0,2,0,2
VILLAZON,mortalidad,muerte menor de 5 anos por otras causas,2017-03-01,0,0,0,0,0,0,0,0,0,0,0,1,0,0,0,0,0,0,0,0,0,0,0,0,0,0,0,0,0,0,0,0,0,0,0,0,0,0,0,0,0,1,1
YACUIBA,mortalidad,muerte menor de 5 anos por otras causas,2017-03-01,0,0,0,0,0,0,0,0,0,1,0,0,0,0,0,0,0,0,0,0,0,0,0,0,0,0,0,0,0,0,0,0,0,0,0,0,0,0,0,0,0,1,1
CAMIRI,mortalidad,muerte menor de 5 anos por otras causas,2017-04-01,0,1,0,0,0,0,0,0,0,0,0,0,0,0,0,0,0,0,0,0,0,0,0,0,0,0,0,0,0,0,0,0,0,0,0,0,0,0,0,0,0,1,1
CARANAVI,mortalidad,muerte menor de 5 anos por otras causas,2017-04-01,0,0,0,0,0,0,0,0,0,0,1,0,0,0,0,0,0,0,0,0,0,0,0,0,0,0,0,0,0,0,0,0,0,0,0,0,0,0,0,0,1,0,1
COCAPATA,mortalidad,muerte menor de 5 anos por otras causas,2017-04-01,0,0,1,0,0,0,0,0,0,0,0,0,0,0,0,0,0,0,0,0,0,0,0,0,0,0,0,0,0,0,0,0,0,0,0,0,0,0,0,0,1,0,1
COCHABAMBA,mortalidad,muerte menor de 5 anos por otras causas,2017-04-01,2,2,0,0,2,0,0,0,1,2,0,0,0,0,0,0,0,0,0,0,0,0,0,0,0,0,0,0,0,0,0,0,0,0,0,0,0,0,0,0,5,4,9
COLOMI,mortalidad,muerte menor de 5 anos por otras causas,2017-04-01,0,0,0,0,0,0,0,0,0,0,0,1,0,0,0,0,0,0,0,0,0,0,0,0,0,0,0,0,0,0,0,0,0,0,0,0,0,0,0,0,0,1,1
EL ALTO,mortalidad,muerte menor de 5 anos por otras causas,2017-04-01,6,5,3,5,0,0,1,1,0,0,0,0,0,0,0,0,0,0,0,0,0,0,0,0,0,0,0,0,0,0,0,0,0,0,0,0,0,0,0,0,10,11,21
LA PAZ,mortalidad,muerte menor de 5 anos por otras causas,2017-04-01,3,2,1,0,2,1,0,0,0,1,0,0,0,0,0,0,0,0,0,0,0,0,0,0,0,0,0,0,0,0,0,0,0,0,0,0,0,0,0,0,6,4,10
ORURO,mortalidad,muerte menor de 5 anos por otras causas,2017-04-01,1,0,0,0,0,0,0,0,0,1,0,0,0,0,0,0,0,0,0,0,0,0,0,0,0,0,0,0,0,0,0,0,0,0,0,0,0,0,0,0,1,1,2
PALOS BLANCOS,mortalidad,muerte menor de 5 anos por otras causas,2017-04-01,0,0,0,0,0,0,0,0,0,0,1,0,0,0,0,0,0,0,0,0,0,0,0,0,0,0,0,0,0,0,0,0,0,0,0,0,0,0,0,0,1,0,1
POTOSI,mortalidad,muerte menor de 5 anos por otras causas,2017-04-01,1,1,0,0,0,0,0,0,0,0,0,0,0,0,0,0,0,0,0,0,0,0,0,0,0,0,0,0,0,0,0,0,0,0,0,0,0,0,0,0,1,1,2
PUERTO PEREZ,mortalidad,muerte menor de 5 anos por otras causas,2017-04-01,0,0,1,0,0,0,0,0,0,0,0,0,0,0,0,0,0,0,0,0,0,0,0,0,0,0,0,0,0,0,0,0,0,0,0,0,0,0,0,0,1,0,1
PUERTO VILLARROEL,mortalidad,muerte menor de 5 anos por otras causas,2017-04-01,0,0,0,0,0,0,0,0,0,0,1,0,0,0,0,0,0,0,0,0,0,0,0,0,0,0,0,0,0,0,0,0,0,0,0,0,0,0,0,0,1,0,1
QUIME,mortalidad,muerte menor de 5 anos por otras causas,2017-04-01,0,0,0,0,0,0,1,0,0,0,0,0,0,0,0,0,0,0,0,0,0,0,0,0,0,0,0,0,0,0,0,0,0,0,0,0,0,0,0,0,1,0,1
RAVELO,mortalidad,muerte menor de 5 anos por otras causas,2017-04-01,0,0,0,0,0,0,0,0,0,0,1,0,0,0,0,0,0,0,0,0,0,0,0,0,0,0,0,0,0,0,0,0,0,0,0,0,0,0,0,0,1,0,1
RIBERALTA,mortalidad,muerte menor de 5 anos por otras causas,2017-04-01,0,1,0,0,0,0,0,0,0,0,0,0,0,0,0,0,0,0,0,0,0,0,0,0,0,0,0,0,0,0,0,0,0,0,0,0,0,0,0,0,0,1,1
SACACA,mortalidad,muerte menor de 5 anos por otras causas,2017-04-01,0,0,1,0,0,0,0,0,0,0,0,0,0,0,0,0,0,0,0,0,0,0,0,0,0,0,0,0,0,0,0,0,0,0,0,0,0,0,0,0,1,0,1
SAN IGNACIO,mortalidad,muerte menor de 5 anos por otras causas,2017-04-01,0,0,0,0,0,0,0,0,1,0,0,0,0,0,0,0,0,0,0,0,0,0,0,0,0,0,0,0,0,0,0,0,0,0,0,0,0,0,0,0,1,0,1
SAN LUCAS,mortalidad,muerte menor de 5 anos por otras causas,2017-04-01,0,0,0,0,0,0,0,0,0,0,0,1,0,0,0,0,0,0,0,0,0,0,0,0,0,0,0,0,0,0,0,0,0,0,0,0,0,0,0,0,0,1,1
SAN PEDRO DE CURAHUARA,mortalidad,muerte menor de 5 anos por otras causas,2017-04-01,0,0,0,1,0,0,0,0,0,0,0,0,0,0,0,0,0,0,0,0,0,0,0,0,0,0,0,0,0,0,0,0,0,0,0,0,0,0,0,0,0,1,1
SANTA CRUZ DE LA SIERRA,mortalidad,muerte menor de 5 anos por otras causas,2017-04-01,6,4,1,1,0,0,0,0,0,0,0,0,0,0,0,0,0,0,0,0,0,0,0,0,0,0,0,0,0,0,0,0,0,0,0,0,0,0,0,0,7,5,12
SANTIAGO DE MACHACA,mortalidad,muerte menor de 5 anos por otras causas,2017-04-01,0,0,0,1,0,0,0,0,0,0,0,0,0,0,0,0,0,0,0,0,0,0,0,0,0,0,0,0,0,0,0,0,0,0,0,0,0,0,0,0,0,1,1
SUCRE,mortalidad,muerte menor de 5 anos por otras causas,2017-04-01,0,0,0,0,1,0,0,0,0,1,0,0,0,0,0,0,0,0,0,0,0,0,0,0,0,0,0,0,0,0,0,0,0,0,0,0,0,0,0,0,1,1,2
TARIJA,mortalidad,muerte menor de 5 anos por otras causas,2017-04-01,0,3,0,0,0,1,0,0,0,1,0,0,0,0,0,0,0,0,0,0,0,0,0,0,0,0,0,0,0,0,0,0,0,0,0,0,0,0,0,0,0,5,5
UYUNI,mortalidad,muerte menor de 5 anos por otras causas,2017-04-01,0,0,1,0,0,0,0,0,0,0,0,0,0,0,0,0,0,0,0,0,0,0,0,0,0,0,0,0,0,0,0,0,0,0,0,0,0,0,0,0,1,0,1
VALLEGRANDE,mortalidad,muerte menor de 5 anos por otras causas,2017-04-01,0,0,0,0,0,0,0,1,0,0,0,0,0,0,0,0,0,0,0,0,0,0,0,0,0,0,0,0,0,0,0,0,0,0,0,0,0,0,0,0,0,1,1
AYOPAYA (V. DE INDEPENDENCIA),mortalidad,muerte menor de 5 anos por otras causas,2017-05-01,0,0,1,0,0,0,0,0,0,0,0,0,0,0,0,0,0,0,0,0,0,0,0,0,0,0,0,0,0,0,0,0,0,0,0,0,0,0,0,0,1,0,1
CAQUIAVIRI,mortalidad,muerte menor de 5 anos por otras causas,2017-05-01,0,0,0,0,0,0,1,0,0,0,0,0,0,0,0,0,0,0,0,0,0,0,0,0,0,0,0,0,0,0,0,0,0,0,0,0,0,0,0,0,1,0,1
CHAQUI,mortalidad,muerte menor de 5 anos por otras causas,2017-05-01,0,0,1,0,0,0,0,0,0,0,0,0,0,0,0,0,0,0,0,0,0,0,0,0,0,0,0,0,0,0,0,0,0,0,0,0,0,0,0,0,1,0,1
COCHABAMBA,mortalidad,muerte menor de 5 anos por otras causas,2017-05-01,3,1,0,0,1,1,0,0,0,3,0,0,0,0,0,0,0,0,0,0,0,0,0,0,0,0,0,0,0,0,0,0,0,0,0,0,0,0,0,0,4,5,9
CULPINA,mortalidad,muerte menor de 5 anos por otras causas,2017-05-01,0,0,1,0,0,0,0,0,0,0,0,0,0,0,0,0,0,0,0,0,0,0,0,0,0,0,0,0,0,0,0,0,0,0,0,0,0,0,0,0,1,0,1
CURVA,mortalidad,muerte menor de 5 anos por otras causas,2017-05-01,0,0,0,0,0,0,0,0,0,0,0,1,0,0,0,0,0,0,0,0,0,0,0,0,0,0,0,0,0,0,0,0,0,0,0,0,0,0,0,0,0,1,1
EL ALTO,mortalidad,muerte menor de 5 anos por otras causas,2017-05-01,4,9,4,4,0,1,0,0,1,1,0,0,0,0,0,0,0,0,0,0,0,0,0,0,0,0,0,0,0,0,0,0,0,0,0,0,0,0,0,0,9,15,24
EL TORNO,mortalidad,muerte menor de 5 anos por otras causas,2017-05-01,0,0,0,0,0,0,0,0,1,0,0,0,0,0,0,0,0,0,0,0,0,0,0,0,0,0,0,0,0,0,0,0,0,0,0,0,0,0,0,0,1,0,1
GUAYARAMERIN,mortalidad,muerte menor de 5 anos por otras causas,2017-05-01,0,0,1,0,0,0,0,0,0,0,0,0,0,0,0,0,0,0,0,0,0,0,0,0,0,0,0,0,0,0,0,0,0,0,0,0,0,0,0,0,1,0,1
LA PAZ,mortalidad,muerte menor de 5 anos por otras causas,2017-05-01,4,2,2,1,1,0,0,0,4,0,0,0,0,0,0,0,0,0,0,0,0,0,0,0,0,0,0,0,0,0,0,0,0,0,0,0,0,0,0,0,11,3,14
ORURO,mortalidad,muerte menor de 5 anos por otras causas,2017-05-01,1,0,1,0,0,0,0,0,2,0,1,0,0,0,0,0,0,0,0,0,0,0,0,0,0,0,0,0,0,0,0,0,0,0,0,0,0,0,0,0,5,0,5
PAMPA AULLAGAS,mortalidad,muerte menor de 5 anos por otras causas,2017-05-01,0,0,0,0,0,0,0,0,0,0,0,1,0,0,0,0,0,0,0,0,0,0,0,0,0,0,0,0,0,0,0,0,0,0,0,0,0,0,0,0,0,1,1
POTOSI,mortalidad,muerte menor de 5 anos por otras causas,2017-05-01,1,2,0,0,0,0,0,0,1,1,0,0,0,0,0,0,0,0,0,0,0,0,0,0,0,0,0,0,0,0,0,0,0,0,0,0,0,0,0,0,2,3,5
ROBORE,mortalidad,muerte menor de 5 anos por otras causas,2017-05-01,0,0,0,0,0,0,0,0,0,0,0,1,0,0,0,0,0,0,0,0,0,0,0,0,0,0,0,0,0,0,0,0,0,0,0,0,0,0,0,0,0,1,1
SACACA,mortalidad,muerte menor de 5 anos por otras causas,2017-05-01,0,0,0,1,0,0,0,0,0,0,0,0,0,0,0,0,0,0,0,0,0,0,0,0,0,0,0,0,0,0,0,0,0,0,0,0,0,0,0,0,0,1,1
SAN BORJA,mortalidad,muerte menor de 5 anos por otras causas,2017-05-01,0,0,0,0,0,1,0,0,0,0,1,0,0,0,0,0,0,0,0,0,0,0,0,0,0,0,0,0,0,0,0,0,0,0,0,0,0,0,0,0,1,1,2
SAN IGNACIO,mortalidad,muerte menor de 5 anos por otras causas,2017-05-01,0,0,0,0,0,0,0,1,0,0,0,0,0,0,0,0,0,0,0,0,0,0,0,0,0,0,0,0,0,0,0,0,0,0,0,0,0,0,0,0,0,1,1
SAN IGNACIO DE VELASCO,mortalidad,muerte menor de 5 anos por otras causas,2017-05-01,1,0,0,0,0,0,0,0,0,0,0,0,0,0,0,0,0,0,0,0,0,0,0,0,0,0,0,0,0,0,0,0,0,0,0,0,0,0,0,0,1,0,1
SAN JOSE DE CHIQUITOS,mortalidad,muerte menor de 5 anos por otras causas,2017-05-01,0,0,0,0,0,0,0,0,0,0,1,0,0,0,0,0,0,0,0,0,0,0,0,0,0,0,0,0,0,0,0,0,0,0,0,0,0,0,0,0,1,0,1
SAN LUCAS,mortalidad,muerte menor de 5 anos por otras causas,2017-05-01,1,1,0,0,0,0,0,0,0,0,0,1,0,0,0,0,0,0,0,0,0,0,0,0,0,0,0,0,0,0,0,0,0,0,0,0,0,0,0,0,1,2,3
SANTA CRUZ DE LA SIERRA,mortalidad,muerte menor de 5 anos por otras causas,2017-05-01,7,6,0,0,0,1,0,0,2,2,1,1,0,0,0,0,0,0,0,0,0,0,0,0,0,0,0,0,0,0,0,0,0,0,0,0,0,0,0,0,10,10,20
SUCRE,mortalidad,muerte menor de 5 anos por otras causas,2017-05-01,0,1,0,0,0,0,0,0,1,1,0,0,0,0,0,0,0,0,0,0,0,0,0,0,0,0,0,0,0,0,0,0,0,0,0,0,0,0,0,0,1,2,3
TARIJA,mortalidad,muerte menor de 5 anos por otras causas,2017-05-01,3,5,2,0,0,0,0,0,0,0,1,0,0,0,0,0,0,0,0,0,0,0,0,0,0,0,0,0,0,0,0,0,0,0,0,0,0,0,0,0,6,5,11
TIRAQUE (CBBA),mortalidad,muerte menor de 5 anos por otras causas,2017-05-01,0,0,0,0,0,0,0,1,0,0,0,0,0,0,0,0,0,0,0,0,0,0,0,0,0,0,0,0,0,0,0,0,0,0,0,0,0,0,0,0,0,1,1
TRINIDAD,mortalidad,muerte menor de 5 anos por otras causas,2017-05-01,1,1,0,0,0,0,0,0,1,0,0,0,0,0,0,0,0,0,0,0,0,0,0,0,0,0,0,0,0,0,0,0,0,0,0,0,0,0,0,0,2,1,3
VIACHA,mortalidad,muerte menor de 5 anos por otras causas,2017-05-01,0,0,0,0,0,0,0,0,0,0,1,0,0,0,0,0,0,0,0,0,0,0,0,0,0,0,0,0,0,0,0,0,0,0,0,0,0,0,0,0,1,0,1
ACHACACHI,mortalidad,muerte menor de 5 anos por otras causas,2017-06-01,0,0,1,0,0,0,0,0,1,0,0,0,0,0,0,0,0,0,0,0,0,0,0,0,0,0,0,0,0,0,0,0,0,0,0,0,0,0,0,0,2,0,2
ATOCHA,mortalidad,muerte menor de 5 anos por otras causas,2017-06-01,0,0,1,0,0,0,0,0,0,0,0,0,0,0,0,0,0,0,0,0,0,0,0,0,0,0,0,0,0,0,0,0,0,0,0,0,0,0,0,0,1,0,1
BETANZOS,mortalidad,muerte menor de 5 anos por otras causas,2017-06-01,0,0,1,0,0,0,0,0,0,0,0,0,0,0,0,0,0,0,0,0,0,0,0,0,0,0,0,0,0,0,0,0,0,0,0,0,0,0,0,0,1,0,1
CALACOTO,mortalidad,muerte menor de 5 anos por otras causas,2017-06-01,0,0,1,0,0,0,0,0,0,0,0,0,0,0,0,0,0,0,0,0,0,0,0,0,0,0,0,0,0,0,0,0,0,0,0,0,0,0,0,0,1,0,1
CHUMA,mortalidad,muerte menor de 5 anos por otras causas,2017-06-01,0,0,0,0,0,0,0,0,0,0,1,0,0,0,0,0,0,0,0,0,0,0,0,0,0,0,0,0,0,0,0,0,0,0,0,0,0,0,0,0,1,0,1
COCHABAMBA,mortalidad,muerte menor de 5 anos por otras causas,2017-06-01,2,0,0,0,1,0,0,0,0,0,0,0,0,0,0,0,0,0,0,0,0,0,0,0,0,0,0,0,0,0,0,0,0,0,0,0,0,0,0,0,3,0,3
EL ALTO,mortalidad,muerte menor de 5 anos por otras causas,2017-06-01,7,4,5,4,0,1,1,0,1,0,0,0,0,0,0,0,0,0,0,0,0,0,0,0,0,0,0,0,0,0,0,0,0,0,0,0,0,0,0,0,14,9,23
EUCALIPTUS,mortalidad,muerte menor de 5 anos por otras causas,2017-06-01,0,0,0,0,0,0,0,0,0,0,1,0,0,0,0,0,0,0,0,0,0,0,0,0,0,0,0,0,0,0,0,0,0,0,0,0,0,0,0,0,1,0,1
HUANUNI,mortalidad,muerte menor de 5 anos por otras causas,2017-06-01,0,0,0,0,0,0,1,0,0,0,0,0,0,0,0,0,0,0,0,0,0,0,0,0,0,0,0,0,0,0,0,0,0,0,0,0,0,0,0,0,1,0,1
INQUISIVI,mortalidad,muerte menor de 5 anos por otras causas,2017-06-01,0,0,0,1,0,0,0,0,0,0,0,0,0,0,0,0,0,0,0,0,0,0,0,0,0,0,0,0,0,0,0,0,0,0,0,0,0,0,0,0,0,1,1
IRUPANA (VILLA DE LANZA),mortalidad,muerte menor de 5 anos por otras causas,2017-06-01,0,0,0,1,0,0,0,0,0,0,0,0,0,0,0,0,0,0,0,0,0,0,0,0,0,0,0,0,0,0,0,0,0,0,0,0,0,0,0,0,0,1,1
IXIAMAS,mortalidad,muerte menor de 5 anos por otras causas,2017-06-01,0,1,0,0,0,0,0,0,0,0,0,0,0,0,0,0,0,0,0,0,0,0,0,0,0,0,0,0,0,0,0,0,0,0,0,0,0,0,0,0,0,1,1
LA PAZ,mortalidad,muerte menor de 5 anos por otras causas,2017-06-01,2,0,3,2,1,0,0,0,1,2,0,0,0,0,0,0,0,0,0,0,0,0,0,0,0,0,0,0,0,0,0,0,0,0,0,0,0,0,0,0,7,4,11
LAJA,mortalidad,muerte menor de 5 anos por otras causas,2017-06-01,0,0,1,0,0,0,0,0,0,0,0,0,0,0,0,0,0,0,0,0,0,0,0,0,0,0,0,0,0,0,0,0,0,0,0,0,0,0,0,0,1,0,1
MOCOMOCO,mortalidad,muerte menor de 5 anos por otras causas,2017-06-01,0,0,0,0,0,0,0,0,0,0,1,0,0,0,0,0,0,0,0,0,0,0,0,0,0,0,0,0,0,0,0,0,0,0,0,0,0,0,0,0,1,0,1
ORURO,mortalidad,muerte menor de 5 anos por otras causas,2017-06-01,0,1,0,0,0,0,0,0,1,0,0,0,0,0,0,0,0,0,0,0,0,0,0,0,0,0,0,0,0,0,0,0,0,0,0,0,0,0,0,0,1,1,2
POTOSI,mortalidad,muerte menor de 5 anos por otras causas,2017-06-01,2,2,0,0,0,0,0,0,0,0,0,0,0,0,0,0,0,0,0,0,0,0,0,0,0,0,0,0,0,0,0,0,0,0,0,0,0,0,0,0,2,2,4
PRESTO,mortalidad,muerte menor de 5 anos por otras causas,2017-06-01,0,0,0,1,0,0,0,0,0,0,0,0,0,0,0,0,0,0,0,0,0,0,0,0,0,0,0,0,0,0,0,0,0,0,0,0,0,0,0,0,0,1,1
PUNA,mortalidad,muerte menor de 5 anos por otras causas,2017-06-01,0,0,0,0,0,0,0,0,0,0,1,0,0,0,0,0,0,0,0,0,0,0,0,0,0,0,0,0,0,0,0,0,0,0,0,0,0,0,0,0,1,0,1
RIBERALTA,mortalidad,muerte menor de 5 anos por otras causas,2017-06-01,0,1,0,0,0,0,0,0,0,0,0,0,0,0,0,0,0,0,0,0,0,0,0,0,0,0,0,0,0,0,0,0,0,0,0,0,0,0,0,0,0,1,1
SACACA,mortalidad,muerte menor de 5 anos por otras causas,2017-06-01,0,0,0,0,0,0,0,0,0,0,0,1,0,0,0,0,0,0,0,0,0,0,0,0,0,0,0,0,0,0,0,0,0,0,0,0,0,0,0,0,0,1,1
SAN BUENA VENTURA,mortalidad,muerte menor de 5 anos por otras causas,2017-06-01,1,1,0,0,0,0,0,0,0,0,0,0,0,0,0,0,0,0,0,0,0,0,0,0,0,0,0,0,0,0,0,0,0,0,0,0,0,0,0,0,1,1,2
SAN IGNACIO DE VELASCO,mortalidad,muerte menor de 5 anos por otras causas,2017-06-01,0,0,0,0,0,1,0,0,1,0,0,0,0,0,0,0,0,0,0,0,0,0,0,0,0,0,0,0,0,0,0,0,0,0,0,0,0,0,0,0,1,1,2
SAN LORENZO(PND),mortalidad,muerte menor de 5 anos por otras causas,2017-06-01,1,0,0,0,0,0,0,0,0,0,0,0,0,0,0,0,0,0,0,0,0,0,0,0,0,0,0,0,0,0,0,0,0,0,0,0,0,0,0,0,1,0,1
SAN PEDRO DE BUENA VISTA,mortalidad,muerte menor de 5 anos por otras causas,2017-06-01,0,0,0,0,0,0,1,0,0,0,0,0,0,0,0,0,0,0,0,0,0,0,0,0,0,0,0,0,0,0,0,0,0,0,0,0,0,0,0,0,1,0,1
SANTA CRUZ DE LA SIERRA,mortalidad,muerte menor de 5 anos por otras causas,2017-06-01,8,4,0,2,1,0,0,0,0,0,0,0,0,0,0,0,0,0,0,0,0,0,0,0,0,0,0,0,0,0,0,0,0,0,0,0,0,0,0,0,9,6,15
SUCRE,mortalidad,muerte menor de 5 anos por otras causas,2017-06-01,0,0,0,0,1,0,0,0,2,0,0,0,0,0,0,0,0,0,0,0,0,0,0,0,0,0,0,0,0,0,0,0,0,0,0,0,0,0,0,0,3,0,3
TARIJA,mortalidad,muerte menor de 5 anos por otras causas,2017-06-01,2,2,0,0,0,1,0,0,0,0,0,0,0,0,0,0,0,0,0,0,0,0,0,0,0,0,0,0,0,0,0,0,0,0,0,0,0,0,0,0,2,3,5
TOMAVE,mortalidad,muerte menor de 5 anos por otras causas,2017-06-01,0,0,1,0,0,0,0,0,0,0,0,0,0,0,0,0,0,0,0,0,0,0,0,0,0,0,0,0,0,0,0,0,0,0,0,0,0,0,0,0,1,0,1
UYUNI,mortalidad,muerte menor de 5 anos por otras causas,2017-06-01,0,0,0,0,0,0,0,0,1,0,1,0,0,0,0,0,0,0,0,0,0,0,0,0,0,0,0,0,0,0,0,0,0,0,0,0,0,0,0,0,2,0,2
VILLA CHARCAS,mortalidad,muerte menor de 5 anos por otras causas,2017-06-01,0,0,0,0,0,0,0,0,0,0,1,0,0,0,0,0,0,0,0,0,0,0,0,0,0,0,0,0,0,0,0,0,0,0,0,0,0,0,0,0,1,0,1
VINTO,mortalidad,muerte menor de 5 anos por otras causas,2017-06-01,0,0,1,0,0,0,0,0,0,0,0,0,0,0,0,0,0,0,0,0,0,0,0,0,0,0,0,0,0,0,0,0,0,0,0,0,0,0,0,0,1,0,1
VITICHI,mortalidad,muerte menor de 5 anos por otras causas,2017-06-01,0,0,1,0,0,0,0,0,0,0,0,0,0,0,0,0,0,0,0,0,0,0,0,0,0,0,0,0,0,0,0,0,0,0,0,0,0,0,0,0,1,0,1
CABEZAS,mortalidad,muerte menor de 5 anos por otras causas,2017-07-01,0,1,1,0,0,0,1,0,0,0,1,0,0,0,0,0,0,0,0,0,0,0,0,0,0,0,0,0,0,0,0,0,0,0,0,0,0,0,0,0,3,1,4
CALACOTO,mortalidad,muerte menor de 5 anos por otras causas,2017-07-01,0,0,1,0,0,0,0,0,0,0,0,0,0,0,0,0,0,0,0,0,0,0,0,0,0,0,0,0,0,0,0,0,0,0,0,0,0,0,0,0,1,0,1
CAPINOTA,mortalidad,muerte menor de 5 anos por otras causas,2017-07-01,0,0,0,0,0,0,1,0,0,0,0,0,0,0,0,0,0,0,0,0,0,0,0,0,0,0,0,0,0,0,0,0,0,0,0,0,0,0,0,0,1,0,1
CARIPUYO,mortalidad,muerte menor de 5 anos por otras causas,2017-07-01,0,0,0,1,0,0,0,0,0,0,0,0,0,0,0,0,0,0,0,0,0,0,0,0,0,0,0,0,0,0,0,0,0,0,0,0,0,0,0,0,0,1,1
CHALLAPATA,mortalidad,muerte menor de 5 anos por otras causas,2017-07-01,0,0,1,0,0,0,0,0,0,0,0,0,0,0,0,0,0,0,0,0,0,0,0,0,0,0,0,0,0,0,0,0,0,0,0,0,0,0,0,0,1,0,1
CHAYANTA,mortalidad,muerte menor de 5 anos por otras causas,2017-07-01,1,0,0,0,0,0,0,0,0,0,0,0,0,0,0,0,0,0,0,0,0,0,0,0,0,0,0,0,0,0,0,0,0,0,0,0,0,0,0,0,1,0,1
COCHABAMBA,mortalidad,muerte menor de 5 anos por otras causas,2017-07-01,0,0,0,0,0,0,0,0,0,2,0,0,0,0,0,0,0,0,0,0,0,0,0,0,0,0,0,0,0,0,0,0,0,0,0,0,0,0,0,0,0,2,2
COPACABANA,mortalidad,muerte menor de 5 anos por otras causas,2017-07-01,0,0,1,0,0,0,0,0,0,0,0,0,0,0,0,0,0,0,0,0,0,0,0,0,0,0,0,0,0,0,0,0,0,0,0,0,0,0,0,0,1,0,1
CORO CORO,mortalidad,muerte menor de 5 anos por otras causas,2017-07-01,0,0,1,0,0,0,0,0,0,0,0,0,0,0,0,0,0,0,0,0,0,0,0,0,0,0,0,0,0,0,0,0,0,0,0,0,0,0,0,0,1,0,1
EL ALTO,mortalidad,muerte menor de 5 anos por otras causas,2017-07-01,9,4,3,5,0,0,0,0,0,0,1,0,0,0,0,0,0,0,0,0,0,0,0,0,0,0,0,0,0,0,0,0,0,0,0,0,0,0,0,0,13,9,22
GUAYARAMERIN,mortalidad,muerte menor de 5 anos por otras causas,2017-07-01,0,1,0,0,0,0,0,0,0,0,0,0,0,0,0,0,0,0,0,0,0,0,0,0,0,0,0,0,0,0,0,0,0,0,0,0,0,0,0,0,0,1,1
LA PAZ,mortalidad,muerte menor de 5 anos por otras causas,2017-07-01,3,2,0,0,0,0,1,0,1,0,0,0,0,0,0,0,0,0,0,0,0,0,0,0,0,0,0,0,0,0,0,0,0,0,0,0,0,0,0,0,5,2,7
POOPO,mortalidad,muerte menor de 5 anos por otras causas,2017-07-01,0,0,0,1,0,0,0,0,0,0,0,0,0,0,0,0,0,0,0,0,0,0,0,0,0,0,0,0,0,0,0,0,0,0,0,0,0,0,0,0,0,1,1
POTOSI,mortalidad,muerte menor de 5 anos por otras causas,2017-07-01,1,0,0,0,0,0,0,0,0,0,0,0,0,0,0,0,0,0,0,0,0,0,0,0,0,0,0,0,0,0,0,0,0,0,0,0,0,0,0,0,1,0,1
PRESTO,mortalidad,muerte menor de 5 anos por otras causas,2017-07-01,0,0,0,0,0,0,0,0,0,0,0,1,0,0,0,0,0,0,0,0,0,0,0,0,0,0,0,0,0,0,0,0,0,0,0,0,0,0,0,0,0,1,1
PUNATA,mortalidad,muerte menor de 5 anos por otras causas,2017-07-01,0,0,0,1,0,0,0,0,0,0,0,0,0,0,0,0,0,0,0,0,0,0,0,0,0,0,0,0,0,0,0,0,0,0,0,0,0,0,0,0,0,1,1
RAVELO,mortalidad,muerte menor de 5 anos por otras causas,2017-07-01,0,0,0,0,0,0,0,0,0,0,0,1,0,0,0,0,0,0,0,0,0,0,0,0,0,0,0,0,0,0,0,0,0,0,0,0,0,0,0,0,0,1,1
SACACA,mortalidad,muerte menor de 5 anos por otras causas,2017-07-01,0,0,1,1,0,0,0,0,0,0,0,0,0,0,0,0,0,0,0,0,0,0,0,0,0,0,0,0,0,0,0,0,0,0,0,0,0,0,0,0,1,1,2
SAN BORJA,mortalidad,muerte menor de 5 anos por otras causas,2017-07-01,0,1,0,0,0,0,0,0,0,0,0,0,0,0,0,0,0,0,0,0,0,0,0,0,0,0,0,0,0,0,0,0,0,0,0,0,0,0,0,0,0,1,1
SAN BUENA VENTURA,mortalidad,muerte menor de 5 anos por otras causas,2017-07-01,1,0,0,0,0,0,0,0,0,0,0,0,0,0,0,0,0,0,0,0,0,0,0,0,0,0,0,0,0,0,0,0,0,0,0,0,0,0,0,0,1,0,1
SAN IGNACIO DE VELASCO,mortalidad,muerte menor de 5 anos por otras causas,2017-07-01,0,0,0,0,0,1,0,1,0,0,0,0,0,0,0,0,0,0,0,0,0,0,0,0,0,0,0,0,0,0,0,0,0,0,0,0,0,0,0,0,0,2,2
SANTA CRUZ DE LA SIERRA,mortalidad,muerte menor de 5 anos por otras causas,2017-07-01,6,4,1,0,0,0,0,0,0,3,0,0,0,0,0,0,0,0,0,0,0,0,0,0,0,0,0,0,0,0,0,0,0,0,0,0,0,0,0,0,7,7,14
SUCRE,mortalidad,muerte menor de 5 anos por otras causas,2017-07-01,0,1,0,0,0,0,0,0,4,0,0,0,0,0,0,0,0,0,0,0,0,0,0,0,0,0,0,0,0,0,0,0,0,0,0,0,0,0,0,0,4,1,5
TARIJA,mortalidad,muerte menor de 5 anos por otras causas,2017-07-01,3,3,1,0,0,2,0,0,1,0,0,0,0,0,0,0,0,0,0,0,0,0,0,0,0,0,0,0,0,0,0,0,0,0,0,0,0,0,0,0,5,5,10
TARVITA,mortalidad,muerte menor de 5 anos por otras causas,2017-07-01,0,0,0,1,0,0,0,0,0,0,0,0,0,0,0,0,0,0,0,0,0,0,0,0,0,0,0,0,0,0,0,0,0,0,0,0,0,0,0,0,0,1,1
TIPUANI,mortalidad,muerte menor de 5 anos por otras causas,2017-07-01,0,0,0,0,0,0,0,0,0,0,1,0,0,0,0,0,0,0,0,0,0,0,0,0,0,0,0,0,0,0,0,0,0,0,0,0,0,0,0,0,1,0,1
TOLEDO,mortalidad,muerte menor de 5 anos por otras causas,2017-07-01,1,0,0,0,0,0,0,0,0,0,0,0,0,0,0,0,0,0,0,0,0,0,0,0,0,0,0,0,0,0,0,0,0,0,0,0,0,0,0,0,1,0,1
TRINIDAD,mortalidad,muerte menor de 5 anos por otras causas,2017-07-01,0,0,0,0,0,0,0,0,0,1,0,0,0,0,0,0,0,0,0,0,0,0,0,0,0,0,0,0,0,0,0,0,0,0,0,0,0,0,0,0,0,1,1
VILLA CHARCAS,mortalidad,muerte menor de 5 anos por otras causas,2017-07-01,0,0,1,0,0,0,0,0,0,0,0,0,0,0,0,0,0,0,0,0,0,0,0,0,0,0,0,0,0,0,0,0,0,0,0,0,0,0,0,0,1,0,1
ACHACACHI,mortalidad,muerte menor de 5 anos por otras causas,2017-08-01,0,0,0,0,0,0,0,1,0,0,0,0,0,0,0,0,0,0,0,0,0,0,0,0,0,0,0,0,0,0,0,0,0,0,0,0,0,0,0,0,0,1,1
BATALLAS,mortalidad,muerte menor de 5 anos por otras causas,2017-08-01,0,0,0,0,0,0,1,0,0,0,0,0,0,0,0,0,0,0,0,0,0,0,0,0,0,0,0,0,0,0,0,0,0,0,0,0,0,0,0,0,1,0,1
CAMIRI,mortalidad,muerte menor de 5 anos por otras causas,2017-08-01,0,0,0,0,1,0,0,0,0,0,0,0,0,0,0,0,0,0,0,0,0,0,0,0,0,0,0,0,0,0,0,0,0,0,0,0,0,0,0,0,1,0,1
CHAYANTA,mortalidad,muerte menor de 5 anos por otras causas,2017-08-01,0,0,1,0,0,0,0,0,0,0,0,0,0,0,0,0,0,0,0,0,0,0,0,0,0,0,0,0,0,0,0,0,0,0,0,0,0,0,0,0,1,0,1
CHULUMANI (V. DE LA LIBERTAD),mortalidad,muerte menor de 5 anos por otras causas,2017-08-01,0,0,0,0,0,0,0,0,0,0,1,0,0,0,0,0,0,0,0,0,0,0,0,0,0,0,0,0,0,0,0,0,0,0,0,0,0,0,0,0,1,0,1
COCHABAMBA,mortalidad,muerte menor de 5 anos por otras causas,2017-08-01,1,2,0,0,0,0,0,0,0,1,0,0,0,0,0,0,0,0,0,0,0,0,0,0,0,0,0,0,0,0,0,0,0,0,0,0,0,0,0,0,1,3,4
COLLANA,mortalidad,muerte menor de 5 anos por otras causas,2017-08-01,0,0,1,0,0,0,0,0,0,0,0,0,0,0,0,0,0,0,0,0,0,0,0,0,0,0,0,0,0,0,0,0,0,0,0,0,0,0,0,0,1,0,1
CONCEPCION,mortalidad,muerte menor de 5 anos por otras causas,2017-08-01,0,0,0,0,0,0,0,0,0,0,1,1,0,0,0,0,0,0,0,0,0,0,0,0,0,0,0,0,0,0,0,0,0,0,0,0,0,0,0,0,1,1,2
EL ALTO,mortalidad,muerte menor de 5 anos por otras causas,2017-08-01,22,11,3,3,0,0,0,1,1,1,0,1,0,0,0,0,0,0,0,0,0,0,0,0,0,0,0,0,0,0,0,0,0,0,0,0,0,0,0,0,26,17,43
GUAYARAMERIN,mortalidad,muerte menor de 5 anos por otras causas,2017-08-01,0,0,0,0,0,0,0,0,1,0,0,0,0,0,0,0,0,0,0,0,0,0,0,0,0,0,0,0,0,0,0,0,0,0,0,0,0,0,0,0,1,0,1
HUANUNI,mortalidad,muerte menor de 5 anos por otras causas,2017-08-01,0,0,0,1,0,0,0,0,0,0,0,0,0,0,0,0,0,0,0,0,0,0,0,0,0,0,0,0,0,0,0,0,0,0,0,0,0,0,0,0,0,1,1
IRUPANA (VILLA DE LANZA),mortalidad,muerte menor de 5 anos por otras causas,2017-08-01,0,0,0,0,1,0,0,0,0,0,0,0,0,0,0,0,0,0,0,0,0,0,0,0,0,0,0,0,0,0,0,0,0,0,0,0,0,0,0,0,1,0,1
JESUS DE MACHACA,mortalidad,muerte menor de 5 anos por otras causas,2017-08-01,0,0,0,0,0,0,0,0,0,0,1,0,0,0,0,0,0,0,0,0,0,0,0,0,0,0,0,0,0,0,0,0,0,0,0,0,0,0,0,0,1,0,1
LA GUARDIA,mortalidad,muerte menor de 5 anos por otras causas,2017-08-01,0,0,0,0,0,0,1,0,0,0,0,0,0,0,0,0,0,0,0,0,0,0,0,0,0,0,0,0,0,0,0,0,0,0,0,0,0,0,0,0,1,0,1
LA PAZ,mortalidad,muerte menor de 5 anos por otras causas,2017-08-01,7,5,2,2,0,0,0,0,1,2,0,0,0,0,0,0,0,0,0,0,0,0,0,0,0,0,0,0,0,0,0,0,0,0,0,0,0,0,0,0,10,9,19
MONTERO,mortalidad,muerte menor de 5 anos por otras causas,2017-08-01,1,0,0,0,0,0,0,0,0,0,0,0,0,0,0,0,0,0,0,0,0,0,0,0,0,0,0,0,0,0,0,0,0,0,0,0,0,0,0,0,1,0,1
POOPO,mortalidad,muerte menor de 5 anos por otras causas,2017-08-01,0,0,0,1,0,0,0,0,0,0,0,0,0,0,0,0,0,0,0,0,0,0,0,0,0,0,0,0,0,0,0,0,0,0,0,0,0,0,0,0,0,1,1
POTOSI,mortalidad,muerte menor de 5 anos por otras causas,2017-08-01,1,5,1,0,0,0,0,0,0,0,0,0,0,0,0,0,0,0,0,0,0,0,0,0,0,0,0,0,0,0,0,0,0,0,0,0,0,0,0,0,2,5,7
PUCARANI,mortalidad,muerte menor de 5 anos por otras causas,2017-08-01,0,0,0,0,0,0,0,0,0,0,0,1,0,0,0,0,0,0,0,0,0,0,0,0,0,0,0,0,0,0,0,0,0,0,0,0,0,0,0,0,0,1,1
PUERTO PEREZ,mortalidad,muerte menor de 5 anos por otras causas,2017-08-01,0,0,1,0,0,0,0,0,0,0,0,0,0,0,0,0,0,0,0,0,0,0,0,0,0,0,0,0,0,0,0,0,0,0,0,0,0,0,0,0,1,0,1
PUNA,mortalidad,muerte menor de 5 anos por otras causas,2017-08-01,0,0,0,0,0,0,0,0,0,1,0,0,0,0,0,0,0,0,0,0,0,0,0,0,0,0,0,0,0,0,0,0,0,0,0,0,0,0,0,0,0,1,1
QUIME,mortalidad,muerte menor de 5 anos por otras causas,2017-08-01,0,0,0,0,0,0,0,0,0,0,1,0,0,0,0,0,0,0,0,0,0,0,0,0,0,0,0,0,0,0,0,0,0,0,0,0,0,0,0,0,1,0,1
RAVELO,mortalidad,muerte menor de 5 anos por otras causas,2017-08-01,0,0,0,1,0,0,0,0,0,0,0,0,0,0,0,0,0,0,0,0,0,0,0,0,0,0,0,0,0,0,0,0,0,0,0,0,0,0,0,0,0,1,1
RIBERALTA,mortalidad,muerte menor de 5 anos por otras causas,2017-08-01,0,0,0,0,0,0,0,0,1,0,0,0,0,0,0,0,0,0,0,0,0,0,0,0,0,0,0,0,0,0,0,0,0,0,0,0,0,0,0,0,1,0,1
RURRENABAQUE,mortalidad,muerte menor de 5 anos por otras causas,2017-08-01,0,0,0,0,0,1,0,0,0,0,0,1,0,0,0,0,0,0,0,0,0,0,0,0,0,0,0,0,0,0,0,0,0,0,0,0,0,0,0,0,0,2,2
SAMAIPATA,mortalidad,muerte menor de 5 anos por otras causas,2017-08-01,0,0,0,0,0,0,0,0,1,0,0,0,0,0,0,0,0,0,0,0,0,0,0,0,0,0,0,0,0,0,0,0,0,0,0,0,0,0,0,0,1,0,1
SAN BUENA VENTURA,mortalidad,muerte menor de 5 anos por otras causas,2017-08-01,0,0,0,0,0,0,0,0,1,0,0,0,0,0,0,0,0,0,0,0,0,0,0,0,0,0,0,0,0,0,0,0,0,0,0,0,0,0,0,0,1,0,1
SAN IGNACIO DE VELASCO,mortalidad,muerte menor de 5 anos por otras causas,2017-08-01,0,0,0,0,0,0,1,0,1,0,0,0,0,0,0,0,0,0,0,0,0,0,0,0,0,0,0,0,0,0,0,0,0,0,0,0,0,0,0,0,2,0,2
SAN LUCAS,mortalidad,muerte menor de 5 anos por otras causas,2017-08-01,0,0,1,0,0,0,0,0,0,0,0,1,0,0,0,0,0,0,0,0,0,0,0,0,0,0,0,0,0,0,0,0,0,0,0,0,0,0,0,0,1,1,2
SANTA CRUZ DE LA SIERRA,mortalidad,muerte menor de 5 anos por otras causas,2017-08-01,9,5,1,0,1,0,0,0,1,0,0,0,0,0,0,0,0,0,0,0,0,0,0,0,0,0,0,0,0,0,0,0,0,0,0,0,0,0,0,0,12,5,17
SICA SICA (VILLA AROMA),mortalidad,muerte menor de 5 anos por otras causas,2017-08-01,0,1,0,0,0,0,0,0,0,0,0,0,0,0,0,0,0,0,0,0,0,0,0,0,0,0,0,0,0,0,0,0,0,0,0,0,0,0,0,0,0,1,1
SIPE SIPE,mortalidad,muerte menor de 5 anos por otras causas,2017-08-01,0,0,0,0,0,0,0,0,0,0,1,0,0,0,0,0,0,0,0,0,0,0,0,0,0,0,0,0,0,0,0,0,0,0,0,0,0,0,0,0,1,0,1
SUCRE,mortalidad,muerte menor de 5 anos por otras causas,2017-08-01,0,0,0,0,1,0,0,0,0,0,0,0,0,0,0,0,0,0,0,0,0,0,0,0,0,0,0,0,0,0,0,0,0,0,0,0,0,0,0,0,1,0,1
TARIJA,mortalidad,muerte menor de 5 anos por otras causas,2017-08-01,0,3,0,0,1,1,0,0,0,0,0,0,0,0,0,0,0,0,0,0,0,0,0,0,0,0,0,0,0,0,0,0,0,0,0,0,0,0,0,0,1,4,5
TARVITA,mortalidad,muerte menor de 5 anos por otras causas,2017-08-01,0,0,1,0,0,0,0,0,0,0,0,0,0,0,0,0,0,0,0,0,0,0,0,0,0,0,0,0,0,0,0,0,0,0,0,0,0,0,0,0,1,0,1
TORO TORO,mortalidad,muerte menor de 5 anos por otras causas,2017-08-01,0,0,0,0,0,0,1,0,0,0,0,0,0,0,0,0,0,0,0,0,0,0,0,0,0,0,0,0,0,0,0,0,0,0,0,0,0,0,0,0,1,0,1
TRINIDAD,mortalidad,muerte menor de 5 anos por otras causas,2017-08-01,0,0,0,1,1,0,0,0,0,0,0,0,0,0,0,0,0,0,0,0,0,0,0,0,0,0,0,0,0,0,0,0,0,0,0,0,0,0,0,0,1,1,2
UMALA,mortalidad,muerte menor de 5 anos por otras causas,2017-08-01,0,0,0,0,0,0,0,0,0,0,0,1,0,0,0,0,0,0,0,0,0,0,0,0,0,0,0,0,0,0,0,0,0,0,0,0,0,0,0,0,0,1,1
VALLEGRANDE,mortalidad,muerte menor de 5 anos por otras causas,2017-08-01,0,0,0,1,0,0,0,0,0,0,0,0,0,0,0,0,0,0,0,0,0,0,0,0,0,0,0,0,0,0,0,0,0,0,0,0,0,0,0,0,0,1,1
VIACHA,mortalidad,muerte menor de 5 anos por otras causas,2017-08-01,0,0,1,0,0,0,0,0,0,0,0,2,0,0,0,0,0,0,0,0,0,0,0,0,0,0,0,0,0,0,0,0,0,0,0,0,0,0,0,0,1,2,3
VILLA TUNARI,mortalidad,muerte menor de 5 anos por otras causas,2017-08-01,0,0,0,0,1,0,0,0,0,0,0,0,0,0,0,0,0,0,0,0,0,0,0,0,0,0,0,0,0,0,0,0,0,0,0,0,0,0,0,0,1,0,1
ACHACACHI,mortalidad,muerte menor de 5 anos por otras causas,2017-09-01,0,0,0,1,0,0,0,0,0,0,0,0,0,0,0,0,0,0,0,0,0,0,0,0,0,0,0,0,0,0,0,0,0,0,0,0,0,0,0,0,0,1,1
ARQUE,mortalidad,muerte menor de 5 anos por otras causas,2017-09-01,0,0,1,0,0,0,0,0,0,0,1,0,0,0,0,0,0,0,0,0,0,0,0,0,0,0,0,0,0,0,0,0,0,0,0,0,0,0,0,0,2,0,2
AYO AYO,mortalidad,muerte menor de 5 anos por otras causas,2017-09-01,0,0,0,0,0,0,0,0,0,0,0,1,0,0,0,0,0,0,0,0,0,0,0,0,0,0,0,0,0,0,0,0,0,0,0,0,0,0,0,0,0,1,1
AYOPAYA (V. DE INDEPENDENCIA),mortalidad,muerte menor de 5 anos por otras causas,2017-09-01,0,0,0,0,0,0,0,0,0,0,0,1,0,0,0,0,0,0,0,0,0,0,0,0,0,0,0,0,0,0,0,0,0,0,0,0,0,0,0,0,0,1,1
CARANAVI,mortalidad,muerte menor de 5 anos por otras causas,2017-09-01,0,0,0,0,0,0,0,0,0,0,0,1,0,0,0,0,0,0,0,0,0,0,0,0,0,0,0,0,0,0,0,0,0,0,0,0,0,0,0,0,0,1,1
CHALLAPATA,mortalidad,muerte menor de 5 anos por otras causas,2017-09-01,0,0,1,1,0,0,0,0,0,0,0,0,0,0,0,0,0,0,0,0,0,0,0,0,0,0,0,0,0,0,0,0,0,0,0,0,0,0,0,0,1,1,2
COCAPATA,mortalidad,muerte menor de 5 anos por otras causas,2017-09-01,0,0,0,0,1,0,0,0,0,0,0,0,0,0,0,0,0,0,0,0,0,0,0,0,0,0,0,0,0,0,0,0,0,0,0,0,0,0,0,0,1,0,1
COCHABAMBA,mortalidad,muerte menor de 5 anos por otras causas,2017-09-01,0,0,0,0,1,0,0,0,1,0,0,0,0,0,0,0,0,0,0,0,0,0,0,0,0,0,0,0,0,0,0,0,0,0,0,0,0,0,0,0,2,0,2
COLQUECHACA,mortalidad,muerte menor de 5 anos por otras causas,2017-09-01,0,0,0,3,0,0,0,0,0,0,1,0,0,0,0,0,0,0,0,0,0,0,0,0,0,0,0,0,0,0,0,0,0,0,0,0,0,0,0,0,1,3,4
EL ALTO,mortalidad,muerte menor de 5 anos por otras causas,2017-09-01,10,3,1,3,1,1,1,0,0,0,0,1,0,0,0,0,0,0,0,0,0,0,0,0,0,0,0,0,0,0,0,0,0,0,0,0,0,0,0,0,13,8,21
LA PAZ,mortalidad,muerte menor de 5 anos por otras causas,2017-09-01,5,2,0,2,0,0,0,0,0,1,0,0,0,0,0,0,0,0,0,0,0,0,0,0,0,0,0,0,0,0,0,0,0,0,0,0,0,0,0,0,5,5,10
MONTERO,mortalidad,muerte menor de 5 anos por otras causas,2017-09-01,0,0,0,0,0,0,0,0,0,0,0,1,0,0,0,0,0,0,0,0,0,0,0,0,0,0,0,0,0,0,0,0,0,0,0,0,0,0,0,0,0,1,1
ORURO,mortalidad,muerte menor de 5 anos por otras causas,2017-09-01,2,0,0,1,0,0,0,0,1,0,0,0,0,0,0,0,0,0,0,0,0,0,0,0,0,0,0,0,0,0,0,0,0,0,0,0,0,0,0,0,3,1,4
PAPEL PAMPA,mortalidad,muerte menor de 5 anos por otras causas,2017-09-01,0,0,1,0,0,0,0,0,0,0,0,0,0,0,0,0,0,0,0,0,0,0,0,0,0,0,0,0,0,0,0,0,0,0,0,0,0,0,0,0,1,0,1
POTOSI,mortalidad,muerte menor de 5 anos por otras causas,2017-09-01,0,1,0,0,0,1,0,0,1,0,0,0,0,0,0,0,0,0,0,0,0,0,0,0,0,0,0,0,0,0,0,0,0,0,0,0,0,0,0,0,1,2,3
PUCARANI,mortalidad,muerte menor de 5 anos por otras causas,2017-09-01,0,0,0,0,0,0,0,0,0,0,1,0,0,0,0,0,0,0,0,0,0,0,0,0,0,0,0,0,0,0,0,0,0,0,0,0,0,0,0,0,1,0,1
PUERTO VILLARROEL,mortalidad,muerte menor de 5 anos por otras causas,2017-09-01,0,0,0,0,0,0,0,0,1,0,0,0,0,0,0,0,0,0,0,0,0,0,0,0,0,0,0,0,0,0,0,0,0,0,0,0,0,0,0,0,1,0,1
PUNATA,mortalidad,muerte menor de 5 anos por otras causas,2017-09-01,0,0,0,0,0,0,0,0,0,1,0,0,0,0,0,0,0,0,0,0,0,0,0,0,0,0,0,0,0,0,0,0,0,0,0,0,0,0,0,0,0,1,1
QUIME,mortalidad,muerte menor de 5 anos por otras causas,2017-09-01,0,0,0,0,0,0,0,0,0,0,1,0,0,0,0,0,0,0,0,0,0,0,0,0,0,0,0,0,0,0,0,0,0,0,0,0,0,0,0,0,1,0,1
RAVELO,mortalidad,muerte menor de 5 anos por otras causas,2017-09-01,0,0,0,0,0,0,0,0,1,0,0,0,0,0,0,0,0,0,0,0,0,0,0,0,0,0,0,0,0,0,0,0,0,0,0,0,0,0,0,0,1,0,1
RIBERALTA,mortalidad,muerte menor de 5 anos por otras causas,2017-09-01,0,1,0,0,0,0,0,0,0,0,0,0,0,0,0,0,0,0,0,0,0,0,0,0,0,0,0,0,0,0,0,0,0,0,0,0,0,0,0,0,0,1,1
RURRENABAQUE,mortalidad,muerte menor de 5 anos por otras causas,2017-09-01,0,0,0,0,0,0,0,0,0,0,1,0,0,0,0,0,0,0,0,0,0,0,0,0,0,0,0,0,0,0,0,0,0,0,0,0,0,0,0,0,1,0,1
SAIPINA,mortalidad,muerte menor de 5 anos por otras causas,2017-09-01,0,0,0,0,0,0,0,0,1,0,0,0,0,0,0,0,0,0,0,0,0,0,0,0,0,0,0,0,0,0,0,0,0,0,0,0,0,0,0,0,1,0,1
SAN BUENA VENTURA,mortalidad,muerte menor de 5 anos por otras causas,2017-09-01,0,0,0,0,0,0,0,0,1,0,0,0,0,0,0,0,0,0,0,0,0,0,0,0,0,0,0,0,0,0,0,0,0,0,0,0,0,0,0,0,1,0,1
SAN IGNACIO DE VELASCO,mortalidad,muerte menor de 5 anos por otras causas,2017-09-01,0,0,0,0,0,0,0,0,0,0,0,1,0,0,0,0,0,0,0,0,0,0,0,0,0,0,0,0,0,0,0,0,0,0,0,0,0,0,0,0,0,1,1
SAN JOSE DE CHIQUITOS,mortalidad,muerte menor de 5 anos por otras causas,2017-09-01,0,0,0,0,0,0,0,0,0,0,0,1,0,0,0,0,0,0,0,0,0,0,0,0,0,0,0,0,0,0,0,0,0,0,0,0,0,0,0,0,0,1,1
SAN MATIAS,mortalidad,muerte menor de 5 anos por otras causas,2017-09-01,1,0,0,1,0,0,0,0,0,0,0,0,0,0,0,0,0,0,0,0,0,0,0,0,0,0,0,0,0,0,0,0,0,0,0,0,0,0,0,0,1,1,2
SANTA CRUZ DE LA SIERRA,mortalidad,muerte menor de 5 anos por otras causas,2017-09-01,8,5,0,2,0,0,0,0,2,3,1,0,0,0,0,0,0,0,0,0,0,0,0,0,0,0,0,0,0,0,0,0,0,0,0,0,0,0,0,0,11,10,21
SICA SICA (VILLA AROMA),mortalidad,muerte menor de 5 anos por otras causas,2017-09-01,0,0,0,0,0,0,0,1,0,0,0,0,0,0,0,0,0,0,0,0,0,0,0,0,0,0,0,0,0,0,0,0,0,0,0,0,0,0,0,0,0,1,1
SUCRE,mortalidad,muerte menor de 5 anos por otras causas,2017-09-01,0,0,0,0,0,0,0,0,0,1,0,0,0,0,0,0,0,0,0,0,0,0,0,0,0,0,0,0,0,0,0,0,0,0,0,0,0,0,0,0,0,1,1
TARIJA,mortalidad,muerte menor de 5 anos por otras causas,2017-09-01,2,1,0,0,1,0,0,0,0,0,0,0,0,0,0,0,0,0,0,0,0,0,0,0,0,0,0,0,0,0,0,0,0,0,0,0,0,0,0,0,3,1,4
TOLEDO,mortalidad,muerte menor de 5 anos por otras causas,2017-09-01,0,0,0,1,0,0,0,0,0,0,0,0,0,0,0,0,0,0,0,0,0,0,0,0,0,0,0,0,0,0,0,0,0,0,0,0,0,0,0,0,0,1,1
TOMINA,mortalidad,muerte menor de 5 anos por otras causas,2017-09-01,0,0,0,0,0,0,0,0,0,0,0,1,0,0,0,0,0,0,0,0,0,0,0,0,0,0,0,0,0,0,0,0,0,0,0,0,0,0,0,0,0,1,1
TRINIDAD,mortalidad,muerte menor de 5 anos por otras causas,2017-09-01,2,0,0,0,0,0,0,0,1,1,0,0,0,0,0,0,0,0,0,0,0,0,0,0,0,0,0,0,0,0,0,0,0,0,0,0,0,0,0,0,3,1,4
VIACHA,mortalidad,muerte menor de 5 anos por otras causas,2017-09-01,0,0,0,1,0,0,0,0,0,0,0,0,0,0,0,0,0,0,0,0,0,0,0,0,0,0,0,0,0,0,0,0,0,0,0,0,0,0,0,0,0,1,1
YAPACANI,mortalidad,muerte menor de 5 anos por otras causas,2017-09-01,0,0,0,0,0,0,0,1,0,0,2,0,0,0,0,0,0,0,0,0,0,0,0,0,0,0,0,0,0,0,0,0,0,0,0,0,0,0,0,0,2,1,3
ACHOCALLA,mortalidad,muerte menor de 5 anos por otras causas,2017-10-01,0,0,0,0,0,0,0,1,0,0,0,0,0,0,0,0,0,0,0,0,0,0,0,0,0,0,0,0,0,0,0,0,0,0,0,0,0,0,0,0,0,1,1
AYO AYO,mortalidad,muerte menor de 5 anos por otras causas,2017-10-01,0,0,0,0,0,0,0,0,0,0,0,1,0,0,0,0,0,0,0,0,0,0,0,0,0,0,0,0,0,0,0,0,0,0,0,0,0,0,0,0,0,1,1
BETANZOS,mortalidad,muerte menor de 5 anos por otras causas,2017-10-01,0,0,1,0,0,0,0,0,0,0,0,0,0,0,0,0,0,0,0,0,0,0,0,0,0,0,0,0,0,0,0,0,0,0,0,0,0,0,0,0,1,0,1
CARANAVI,mortalidad,muerte menor de 5 anos por otras causas,2017-10-01,0,0,1,0,0,0,0,0,0,0,0,0,0,0,0,0,0,0,0,0,0,0,0,0,0,0,0,0,0,0,0,0,0,0,0,0,0,0,0,0,1,0,1
CHARAÑA,mortalidad,muerte menor de 5 anos por otras causas,2017-10-01,0,0,1,0,0,0,0,0,0,0,0,0,0,0,0,0,0,0,0,0,0,0,0,0,0,0,0,0,0,0,0,0,0,0,0,0,0,0,0,0,1,0,1
CHAYANTA,mortalidad,muerte menor de 5 anos por otras causas,2017-10-01,0,0,0,1,0,0,0,0,0,0,0,0,0,0,0,0,0,0,0,0,0,0,0,0,0,0,0,0,0,0,0,0,0,0,0,0,0,0,0,0,0,1,1
COCHABAMBA,mortalidad,muerte menor de 5 anos por otras causas,2017-10-01,0,3,0,1,0,0,0,0,0,0,0,0,0,0,0,0,0,0,0,0,0,0,0,0,0,0,0,0,0,0,0,0,0,0,0,0,0,0,0,0,0,4,4
COLQUECHACA,mortalidad,muerte menor de 5 anos por otras causas,2017-10-01,0,0,0,0,0,0,0,0,0,0,1,0,0,0,0,0,0,0,0,0,0,0,0,0,0,0,0,0,0,0,0,0,0,0,0,0,0,0,0,0,1,0,1
COROICO,mortalidad,muerte menor de 5 anos por otras causas,2017-10-01,0,0,0,0,0,0,0,0,1,0,0,0,0,0,0,0,0,0,0,0,0,0,0,0,0,0,0,0,0,0,0,0,0,0,0,0,0,0,0,0,1,0,1
COTAGAITA,mortalidad,muerte menor de 5 anos por otras causas,2017-10-01,0,0,0,0,1,0,0,0,0,0,0,0,0,0,0,0,0,0,0,0,0,0,0,0,0,0,0,0,0,0,0,0,0,0,0,0,0,0,0,0,1,0,1
EL ALTO,mortalidad,muerte menor de 5 anos por otras causas,2017-10-01,15,13,1,1,3,1,0,0,0,0,0,0,0,0,0,0,0,0,0,0,0,0,0,0,0,0,0,0,0,0,0,0,0,0,0,0,0,0,0,0,19,15,34
LA ASUNTA,mortalidad,muerte menor de 5 anos por otras causas,2017-10-01,0,0,0,0,0,0,0,0,0,0,0,1,0,0,0,0,0,0,0,0,0,0,0,0,0,0,0,0,0,0,0,0,0,0,0,0,0,0,0,0,0,1,1
LA PAZ,mortalidad,muerte menor de 5 anos por otras causas,2017-10-01,6,5,0,1,0,0,0,1,0,2,0,0,0,0,0,0,0,0,0,0,0,0,0,0,0,0,0,0,0,0,0,0,0,0,0,0,0,0,0,0,6,9,15
LAJA,mortalidad,muerte menor de 5 anos por otras causas,2017-10-01,0,0,0,0,0,0,0,0,0,0,0,1,0,0,0,0,0,0,0,0,0,0,0,0,0,0,0,0,0,0,0,0,0,0,0,0,0,0,0,0,0,1,1
MAIRANA,mortalidad,muerte menor de 5 anos por otras causas,2017-10-01,0,0,1,0,0,0,0,0,0,0,0,0,0,0,0,0,0,0,0,0,0,0,0,0,0,0,0,0,0,0,0,0,0,0,0,0,0,0,0,0,1,0,1
MONTERO,mortalidad,muerte menor de 5 anos por otras causas,2017-10-01,1,0,0,0,0,0,0,1,0,0,1,0,0,0,0,0,0,0,0,0,0,0,0,0,0,0,0,0,0,0,0,0,0,0,0,0,0,0,0,0,2,1,3
MOROCHATA,mortalidad,muerte menor de 5 anos por otras causas,2017-10-01,0,0,0,1,0,0,0,0,0,0,1,0,0,0,0,0,0,0,0,0,0,0,0,0,0,0,0,0,0,0,0,0,0,0,0,0,0,0,0,0,1,1,2
OCURI,mortalidad,muerte menor de 5 anos por otras causas,2017-10-01,0,0,0,0,0,0,0,0,0,0,1,0,0,0,0,0,0,0,0,0,0,0,0,0,0,0,0,0,0,0,0,0,0,0,0,0,0,0,0,0,1,0,1
PORCO,mortalidad,muerte menor de 5 anos por otras causas,2017-10-01,0,0,1,0,0,0,0,0,0,0,0,0,0,0,0,0,0,0,0,0,0,0,0,0,0,0,0,0,0,0,0,0,0,0,0,0,0,0,0,0,1,0,1
POTOSI,mortalidad,muerte menor de 5 anos por otras causas,2017-10-01,0,0,0,0,0,0,0,0,1,1,0,0,0,0,0,0,0,0,0,0,0,0,0,0,0,0,0,0,0,0,0,0,0,0,0,0,0,0,0,0,1,1,2
PUERTO RICO,mortalidad,muerte menor de 5 anos por otras causas,2017-10-01,0,0,0,0,0,0,0,0,1,0,0,0,0,0,0,0,0,0,0,0,0,0,0,0,0,0,0,0,0,0,0,0,0,0,0,0,0,0,0,0,1,0,1
RIBERALTA,mortalidad,muerte menor de 5 anos por otras causas,2017-10-01,0,0,0,0,1,0,0,0,0,1,0,0,0,0,0,0,0,0,0,0,0,0,0,0,0,0,0,0,0,0,0,0,0,0,0,0,0,0,0,0,1,1,2
SAN BORJA,mortalidad,muerte menor de 5 anos por otras causas,2017-10-01,0,1,0,0,0,0,0,0,0,0,0,0,0,0,0,0,0,0,0,0,0,0,0,0,0,0,0,0,0,0,0,0,0,0,0,0,0,0,0,0,0,1,1
SAN BUENA VENTURA,mortalidad,muerte menor de 5 anos por otras causas,2017-10-01,1,2,0,0,0,0,0,0,0,0,0,0,0,0,0,0,0,0,0,0,0,0,0,0,0,0,0,0,0,0,0,0,0,0,0,0,0,0,0,0,1,2,3
SANTA CRUZ DE LA SIERRA,mortalidad,muerte menor de 5 anos por otras causas,2017-10-01,6,3,0,1,0,3,0,0,1,0,1,0,0,0,0,0,0,0,0,0,0,0,0,0,0,0,0,0,0,0,0,0,0,0,0,0,0,0,0,0,8,7,15
SUCRE,mortalidad,muerte menor de 5 anos por otras causas,2017-10-01,1,0,0,0,0,0,0,0,0,0,0,0,0,0,0,0,0,0,0,0,0,0,0,0,0,0,0,0,0,0,0,0,0,0,0,0,0,0,0,0,1,0,1
TARIJA,mortalidad,muerte menor de 5 anos por otras causas,2017-10-01,2,1,0,0,0,0,0,0,0,0,0,0,0,0,0,0,0,0,0,0,0,0,0,0,0,0,0,0,0,0,0,0,0,0,0,0,0,0,0,0,2,1,3
TARVITA,mortalidad,muerte menor de 5 anos por otras causas,2017-10-01,0,0,1,0,0,0,0,0,0,0,0,0,0,0,0,0,0,0,0,0,0,0,0,0,0,0,0,0,0,0,0,0,0,0,0,0,0,0,0,0,1,0,1
TRINIDAD,mortalidad,muerte menor de 5 anos por otras causas,2017-10-01,0,1,0,0,0,0,0,0,0,0,0,0,0,0,0,0,0,0,0,0,0,0,0,0,0,0,0,0,0,0,0,0,0,0,0,0,0,0,0,0,0,1,1
VIACHA,mortalidad,muerte menor de 5 anos por otras causas,2017-10-01,0,0,0,2,0,0,0,0,0,0,0,0,0,0,0,0,0,0,0,0,0,0,0,0,0,0,0,0,0,0,0,0,0,0,0,0,0,0,0,0,0,2,2
ANTEQUERA,mortalidad,muerte menor de 5 anos por otras causas,2017-11-01,0,0,0,0,0,0,0,0,0,0,1,0,0,0,0,0,0,0,0,0,0,0,0,0,0,0,0,0,0,0,0,0,0,0,0,0,0,0,0,0,1,0,1
ARQUE,mortalidad,muerte menor de 5 anos por otras causas,2017-11-01,0,0,0,0,0,0,0,0,0,0,0,1,0,0,0,0,0,0,0,0,0,0,0,0,0,0,0,0,0,0,0,0,0,0,0,0,0,0,0,0,0,1,1
BATALLAS,mortalidad,muerte menor de 5 anos por otras causas,2017-11-01,0,0,1,0,0,0,0,0,0,0,0,0,0,0,0,0,0,0,0,0,0,0,0,0,0,0,0,0,0,0,0,0,0,0,0,0,0,0,0,0,1,0,1
BERMEJO,mortalidad,muerte menor de 5 anos por otras causas,2017-11-01,1,0,0,0,0,0,0,0,0,0,0,0,0,0,0,0,0,0,0,0,0,0,0,0,0,0,0,0,0,0,0,0,0,0,0,0,0,0,0,0,1,0,1
CAMIRI,mortalidad,muerte menor de 5 anos por otras causas,2017-11-01,1,0,0,0,0,0,0,0,0,0,0,0,0,0,0,0,0,0,0,0,0,0,0,0,0,0,0,0,0,0,0,0,0,0,0,0,0,0,0,0,1,0,1
CARANAVI,mortalidad,muerte menor de 5 anos por otras causas,2017-11-01,0,0,0,0,0,0,0,0,0,0,1,0,0,0,0,0,0,0,0,0,0,0,0,0,0,0,0,0,0,0,0,0,0,0,0,0,0,0,0,0,1,0,1
CHALLAPATA,mortalidad,muerte menor de 5 anos por otras causas,2017-11-01,0,0,0,2,0,0,0,0,0,0,0,0,0,0,0,0,0,0,0,0,0,0,0,0,0,0,0,0,0,0,0,0,0,0,0,0,0,0,0,0,0,2,2
CHAYANTA,mortalidad,muerte menor de 5 anos por otras causas,2017-11-01,0,0,0,0,0,0,0,0,0,0,1,0,0,0,0,0,0,0,0,0,0,0,0,0,0,0,0,0,0,0,0,0,0,0,0,0,0,0,0,0,1,0,1
CHULUMANI (V. DE LA LIBERTAD),mortalidad,muerte menor de 5 anos por otras causas,2017-11-01,0,0,0,0,0,0,0,0,0,0,1,0,0,0,0,0,0,0,0,0,0,0,0,0,0,0,0,0,0,0,0,0,0,0,0,0,0,0,0,0,1,0,1
COCHABAMBA,mortalidad,muerte menor de 5 anos por otras causas,2017-11-01,2,2,0,1,0,2,0,0,1,1,0,0,0,0,0,0,0,0,0,0,0,0,0,0,0,0,0,0,0,0,0,0,0,0,0,0,0,0,0,0,3,6,9
COLQUECHACA,mortalidad,muerte menor de 5 anos por otras causas,2017-11-01,0,0,2,0,0,0,0,0,0,0,0,0,0,0,0,0,0,0,0,0,0,0,0,0,0,0,0,0,0,0,0,0,0,0,0,0,0,0,0,0,2,0,2
COLQUENCHA,mortalidad,muerte menor de 5 anos por otras causas,2017-11-01,0,0,0,0,0,0,0,0,0,0,1,0,0,0,0,0,0,0,0,0,0,0,0,0,0,0,0,0,0,0,0,0,0,0,0,0,0,0,0,0,1,0,1
CORO CORO,mortalidad,muerte menor de 5 anos por otras causas,2017-11-01,0,0,1,0,0,0,0,0,0,0,0,0,0,0,0,0,0,0,0,0,0,0,0,0,0,0,0,0,0,0,0,0,0,0,0,0,0,0,0,0,1,0,1
EL ALTO,mortalidad,muerte menor de 5 anos por otras causas,2017-11-01,9,4,2,2,0,0,0,0,0,0,0,0,0,0,0,0,0,0,0,0,0,0,0,0,0,0,0,0,0,0,0,0,0,0,0,0,0,0,0,0,11,6,17
IXIAMAS,mortalidad,muerte menor de 5 anos por otras causas,2017-11-01,1,0,0,0,0,0,0,0,0,0,0,0,0,0,0,0,0,0,0,0,0,0,0,0,0,0,0,0,0,0,0,0,0,0,0,0,0,0,0,0,1,0,1
LA PAZ,mortalidad,muerte menor de 5 anos por otras causas,2017-11-01,1,7,0,1,0,0,0,0,1,1,1,0,0,0,0,0,0,0,0,0,0,0,0,0,0,0,0,0,0,0,0,0,0,0,0,0,0,0,0,0,3,9,12
LAJA,mortalidad,muerte menor de 5 anos por otras causas,2017-11-01,0,0,0,0,0,0,0,0,0,0,1,0,0,0,0,0,0,0,0,0,0,0,0,0,0,0,0,0,0,0,0,0,0,0,0,0,0,0,0,0,1,0,1
MAPIRI,mortalidad,muerte menor de 5 anos por otras causas,2017-11-01,0,0,0,0,0,0,0,0,0,0,1,0,0,0,0,0,0,0,0,0,0,0,0,0,0,0,0,0,0,0,0,0,0,0,0,0,0,0,0,0,1,0,1
OCURI,mortalidad,muerte menor de 5 anos por otras causas,2017-11-01,0,0,0,1,0,0,0,0,0,0,0,0,0,0,0,0,0,0,0,0,0,0,0,0,0,0,0,0,0,0,0,0,0,0,0,0,0,0,0,0,0,1,1
ORURO,mortalidad,muerte menor de 5 anos por otras causas,2017-11-01,0,1,0,0,0,0,0,0,0,1,0,0,0,0,0,0,0,0,0,0,0,0,0,0,0,0,0,0,0,0,0,0,0,0,0,0,0,0,0,0,0,2,2
PADILLA,mortalidad,muerte menor de 5 anos por otras causas,2017-11-01,0,0,0,0,0,0,0,0,0,0,0,1,0,0,0,0,0,0,0,0,0,0,0,0,0,0,0,0,0,0,0,0,0,0,0,0,0,0,0,0,0,1,1
POCOATA,mortalidad,muerte menor de 5 anos por otras causas,2017-11-01,0,0,0,1,0,0,0,0,0,0,0,0,0,0,0,0,0,0,0,0,0,0,0,0,0,0,0,0,0,0,0,0,0,0,0,0,0,0,0,0,0,1,1
POTOSI,mortalidad,muerte menor de 5 anos por otras causas,2017-11-01,0,0,0,0,2,0,0,0,1,0,0,0,0,0,0,0,0,0,0,0,0,0,0,0,0,0,0,0,0,0,0,0,0,0,0,0,0,0,0,0,3,0,3
PUCARANI,mortalidad,muerte menor de 5 anos por otras causas,2017-11-01,0,0,0,1,0,0,0,0,0,0,0,0,0,0,0,0,0,0,0,0,0,0,0,0,0,0,0,0,0,0,0,0,0,0,0,0,0,0,0,0,0,1,1
PUNATA,mortalidad,muerte menor de 5 anos por otras causas,2017-11-01,0,0,0,1,0,0,0,0,0,0,0,0,0,0,0,0,0,0,0,0,0,0,0,0,0,0,0,0,0,0,0,0,0,0,0,0,0,0,0,0,0,1,1
RIBERALTA,mortalidad,muerte menor de 5 anos por otras causas,2017-11-01,0,0,0,0,1,0,0,0,1,1,0,0,0,0,0,0,0,0,0,0,0,0,0,0,0,0,0,0,0,0,0,0,0,0,0,0,0,0,0,0,2,1,3
SAN BORJA,mortalidad,muerte menor de 5 anos por otras causas,2017-11-01,0,0,0,0,0,0,0,0,0,1,1,0,0,0,0,0,0,0,0,0,0,0,0,0,0,0,0,0,0,0,0,0,0,0,0,0,0,0,0,0,1,1,2
SAN BUENA VENTURA,mortalidad,muerte menor de 5 anos por otras causas,2017-11-01,1,1,0,0,0,0,0,0,0,0,0,0,0,0,0,0,0,0,0,0,0,0,0,0,0,0,0,0,0,0,0,0,0,0,0,0,0,0,0,0,1,1,2
SAN IGNACIO DE VELASCO,mortalidad,muerte menor de 5 anos por otras causas,2017-11-01,0,0,0,0,1,0,0,1,0,0,0,0,0,0,0,0,0,0,0,0,0,0,0,0,0,0,0,0,0,0,0,0,0,0,0,0,0,0,0,0,1,1,2
SAN LUCAS,mortalidad,muerte menor de 5 anos por otras causas,2017-11-01,0,0,1,0,0,0,0,0,0,0,0,0,0,0,0,0,0,0,0,0,0,0,0,0,0,0,0,0,0,0,0,0,0,0,0,0,0,0,0,0,1,0,1
SAN PEDRO DE CURAHUARA,mortalidad,muerte menor de 5 anos por otras causas,2017-11-01,0,0,0,0,0,0,0,0,0,0,1,0,0,0,0,0,0,0,0,0,0,0,0,0,0,0,0,0,0,0,0,0,0,0,0,0,0,0,0,0,1,0,1
SANTA CRUZ DE LA SIERRA,mortalidad,muerte menor de 5 anos por otras causas,2017-11-01,3,4,1,0,2,0,0,0,1,0,0,2,0,0,0,0,0,0,0,0,0,0,0,0,0,0,0,0,0,0,0,0,0,0,0,0,0,0,0,0,7,6,13
SOPACHUY,mortalidad,muerte menor de 5 anos por otras causas,2017-11-01,0,0,0,0,0,0,0,0,0,0,1,0,0,0,0,0,0,0,0,0,0,0,0,0,0,0,0,0,0,0,0,0,0,0,0,0,0,0,0,0,1,0,1
SUCRE,mortalidad,muerte menor de 5 anos por otras causas,2017-11-01,0,0,0,0,0,0,0,0,0,1,0,0,0,0,0,0,0,0,0,0,0,0,0,0,0,0,0,0,0,0,0,0,0,0,0,0,0,0,0,0,0,1,1
TARABUCO,mortalidad,muerte menor de 5 anos por otras causas,2017-11-01,0,0,0,1,0,0,0,0,0,0,0,0,0,0,0,0,0,0,0,0,0,0,0,0,0,0,0,0,0,0,0,0,0,0,0,0,0,0,0,0,0,1,1
TARIJA,mortalidad,muerte menor de 5 anos por otras causas,2017-11-01,0,3,0,0,0,0,0,0,0,0,0,0,0,0,0,0,0,0,0,0,0,0,0,0,0,0,0,0,0,0,0,0,0,0,0,0,0,0,0,0,0,3,3
TORO TORO,mortalidad,muerte menor de 5 anos por otras causas,2017-11-01,0,0,0,2,0,0,0,0,0,0,0,0,0,0,0,0,0,0,0,0,0,0,0,0,0,0,0,0,0,0,0,0,0,0,0,0,0,0,0,0,0,2,2
VILA VILA,mortalidad,muerte menor de 5 anos por otras causas,2017-11-01,0,0,0,1,0,0,0,0,0,0,0,0,0,0,0,0,0,0,0,0,0,0,0,0,0,0,0,0,0,0,0,0,0,0,0,0,0,0,0,0,0,1,1
VILLAZON,mortalidad,muerte menor de 5 anos por otras causas,2017-11-01,0,0,0,0,1,0,0,0,0,0,0,0,0,0,0,0,0,0,0,0,0,0,0,0,0,0,0,0,0,0,0,0,0,0,0,0,0,0,0,0,1,0,1
YAPACANI,mortalidad,muerte menor de 5 anos por otras causas,2017-11-01,0,0,0,0,0,0,0,0,1,0,1,0,0,0,0,0,0,0,0,0,0,0,0,0,0,0,0,0,0,0,0,0,0,0,0,0,0,0,0,0,2,0,2
CABEZAS,mortalidad,muerte menor de 5 anos por otras causas,2017-12-01,0,0,1,0,0,0,0,0,0,0,0,0,0,0,0,0,0,0,0,0,0,0,0,0,0,0,0,0,0,0,0,0,0,0,0,0,0,0,0,0,1,0,1
CARANAVI,mortalidad,muerte menor de 5 anos por otras causas,2017-12-01,0,0,0,0,0,0,0,0,0,0,1,0,0,0,0,0,0,0,0,0,0,0,0,0,0,0,0,0,0,0,0,0,0,0,0,0,0,0,0,0,1,0,1
CHAYANTA,mortalidad,muerte menor de 5 anos por otras causas,2017-12-01,0,0,0,1,0,0,0,0,0,0,0,0,0,0,0,0,0,0,0,0,0,0,0,0,0,0,0,0,0,0,0,0,0,0,0,0,0,0,0,0,0,1,1
CHUMA,mortalidad,muerte menor de 5 anos por otras causas,2017-12-01,0,0,0,0,0,0,0,0,0,0,2,0,0,0,0,0,0,0,0,0,0,0,0,0,0,0,0,0,0,0,0,0,0,0,0,0,0,0,0,0,2,0,2
COCHABAMBA,mortalidad,muerte menor de 5 anos por otras causas,2017-12-01,1,0,0,0,0,3,0,0,2,1,0,0,0,0,0,0,0,0,0,0,0,0,0,0,0,0,0,0,0,0,0,0,0,0,0,0,0,0,0,0,3,4,7
EL ALTO,mortalidad,muerte menor de 5 anos por otras causas,2017-12-01,13,12,0,1,0,0,1,0,0,0,0,0,0,0,0,0,0,0,0,0,0,0,0,0,0,0,0,0,0,0,0,0,0,0,0,0,0,0,0,0,14,13,27
LA PAZ,mortalidad,muerte menor de 5 anos por otras causas,2017-12-01,4,4,0,1,0,0,0,0,0,0,0,0,0,0,0,0,0,0,0,0,0,0,0,0,0,0,0,0,0,0,0,0,0,0,0,0,0,0,0,0,4,5,9
ORURO,mortalidad,muerte menor de 5 anos por otras causas,2017-12-01,2,0,0,0,0,0,0,1,0,0,0,0,0,0,0,0,0,0,0,0,0,0,0,0,0,0,0,0,0,0,0,0,0,0,0,0,0,0,0,0,2,1,3
POTOSI,mortalidad,muerte menor de 5 anos por otras causas,2017-12-01,0,1,0,0,0,0,0,0,1,0,0,0,0,0,0,0,0,0,0,0,0,0,0,0,0,0,0,0,0,0,0,0,0,0,0,0,0,0,0,0,1,1,2
PUERTO VILLARROEL,mortalidad,muerte menor de 5 anos por otras causas,2017-12-01,0,0,0,1,0,0,0,0,0,0,0,0,0,0,0,0,0,0,0,0,0,0,0,0,0,0,0,0,0,0,0,0,0,0,0,0,0,0,0,0,0,1,1
PUNATA,mortalidad,muerte menor de 5 anos por otras causas,2017-12-01,0,1,0,0,0,0,0,0,0,0,0,0,0,0,0,0,0,0,0,0,0,0,0,0,0,0,0,0,0,0,0,0,0,0,0,0,0,0,0,0,0,1,1
QUIME,mortalidad,muerte menor de 5 anos por otras causas,2017-12-01,0,0,0,0,0,0,0,0,0,0,1,0,0,0,0,0,0,0,0,0,0,0,0,0,0,0,0,0,0,0,0,0,0,0,0,0,0,0,0,0,1,0,1
RIBERALTA,mortalidad,muerte menor de 5 anos por otras causas,2017-12-01,0,1,0,0,0,0,1,0,2,1,0,0,0,0,0,0,0,0,0,0,0,0,0,0,0,0,0,0,0,0,0,0,0,0,0,0,0,0,0,0,3,2,5
SACACA,mortalidad,muerte menor de 5 anos por otras causas,2017-12-01,0,0,0,1,0,0,0,0,0,0,0,0,0,0,0,0,0,0,0,0,0,0,0,0,0,0,0,0,0,0,0,0,0,0,0,0,0,0,0,0,0,1,1
SALINAS DE GARCI MENDOZA,mortalidad,muerte menor de 5 anos por otras causas,2017-12-01,0,0,1,0,0,0,0,0,0,1,0,0,0,0,0,0,0,0,0,0,0,0,0,0,0,0,0,0,0,0,0,0,0,0,0,0,0,0,0,0,1,1,2
SAN BORJA,mortalidad,muerte menor de 5 anos por otras causas,2017-12-01,0,0,0,0,0,1,0,0,0,0,0,0,0,0,0,0,0,0,0,0,0,0,0,0,0,0,0,0,0,0,0,0,0,0,0,0,0,0,0,0,0,1,1
SAN BUENA VENTURA,mortalidad,muerte menor de 5 anos por otras causas,2017-12-01,1,0,0,0,0,0,0,0,0,0,0,0,0,0,0,0,0,0,0,0,0,0,0,0,0,0,0,0,0,0,0,0,0,0,0,0,0,0,0,0,1,0,1
SANTA CRUZ DE LA SIERRA,mortalidad,muerte menor de 5 anos por otras causas,2017-12-01,0,3,0,1,1,0,1,0,1,0,0,0,0,0,0,0,0,0,0,0,0,0,0,0,0,0,0,0,0,0,0,0,0,0,0,0,0,0,0,0,3,4,7
SUCRE,mortalidad,muerte menor de 5 anos por otras causas,2017-12-01,1,0,0,0,1,0,0,0,0,0,0,0,0,0,0,0,0,0,0,0,0,0,0,0,0,0,0,0,0,0,0,0,0,0,0,0,0,0,0,0,2,0,2
TARIJA,mortalidad,muerte menor de 5 anos por otras causas,2017-12-01,5,1,0,0,0,0,0,0,0,1,0,0,0,0,0,0,0,0,0,0,0,0,0,0,0,0,0,0,0,0,0,0,0,0,0,0,0,0,0,0,5,2,7
VIACHA,mortalidad,muerte menor de 5 anos por otras causas,2017-12-01,0,0,0,1,0,0,0,0,0,0,0,0,0,0,0,0,0,0,0,0,0,0,0,0,0,0,0,0,0,0,0,0,0,0,0,0,0,0,0,0,0,1,1
