,group,variable,month,a. Menor de 6 meses,a. Menor de 6 meses,b. 6 meses a menor de 1 año,b. 6 meses a menor de 1 año,c. 1 - 4 años,c. 1 - 4 años,d. 5 - 9 años,d. 5 - 9 años,e. 10 - 14 años,e. 10 - 14 años,f. 15 - 19 años,f. 15 - 19 años,g. 20 - 39 años,g. 20 - 39 años,h. 40 - 49 años,h. 40 - 49 años,i. 50 - 59 años,i. 50 - 59 años,j. 60 años y más,j. 60 años y más,TOTALES,TOTALES,TOTALES
,,,,MASCULINO,FEMENINO,MASCULINO,FEMENINO,MASCULINO,FEMENINO,MASCULINO,FEMENINO,MASCULINO,FEMENINO,MASCULINO,FEMENINO,MASCULINO,FEMENINO,MASCULINO,FEMENINO,MASCULINO,FEMENINO,MASCULINO,FEMENINO,DENTRO,FUERA,TOTAL
municipality,,,,,,,,,,,,,,,,,,,,,,,,,,
CABEZAS,sospecha diagnostica,"influenza  (irag ,iragi y eti)",2023-01-01,0,0,0,0,0,0,0,0,0,0,0,0,0,1,0,0,0,0,0,0,0,1,1
EL ALTO,sospecha diagnostica,"influenza  (irag ,iragi y eti)",2023-01-01,0,0,1,0,0,1,0,0,0,0,0,0,0,0,0,0,0,0,0,0,1,1,2
IXIAMAS,sospecha diagnostica,"influenza  (irag ,iragi y eti)",2023-01-01,0,0,0,0,0,0,0,1,0,0,0,0,0,0,0,0,0,0,0,0,0,1,1
LA PAZ,sospecha diagnostica,"influenza  (irag ,iragi y eti)",2023-01-01,0,0,0,0,0,0,0,0,0,0,0,0,0,0,0,0,0,2,0,0,0,2,2
ORURO,sospecha diagnostica,"influenza  (irag ,iragi y eti)",2023-01-01,0,0,0,0,0,0,0,0,0,0,0,0,0,0,1,0,0,1,0,0,1,1,2
PALOS BLANCOS,sospecha diagnostica,"influenza  (irag ,iragi y eti)",2023-01-01,0,0,0,0,0,0,0,0,0,0,0,0,0,0,0,0,0,0,1,0,1,0,1
POSTRER VALLE,sospecha diagnostica,"influenza  (irag ,iragi y eti)",2023-01-01,0,0,0,0,0,0,1,0,2,0,0,0,0,3,1,1,0,0,1,0,5,4,9
SAN IGNACIO DE VELASCO,sospecha diagnostica,"influenza  (irag ,iragi y eti)",2023-01-01,0,0,0,0,0,0,0,0,0,0,0,0,0,0,0,0,1,0,0,0,1,0,1
SAN JAVIER(BNI),sospecha diagnostica,"influenza  (irag ,iragi y eti)",2023-01-01,0,0,0,0,0,0,0,0,1,0,0,0,0,0,0,0,0,0,0,0,1,0,1
SAN RAFAEL,sospecha diagnostica,"influenza  (irag ,iragi y eti)",2023-01-01,0,0,0,0,0,0,0,1,0,0,0,0,0,0,0,0,0,0,0,0,0,1,1
SANTA CRUZ DE LA SIERRA,sospecha diagnostica,"influenza  (irag ,iragi y eti)",2023-01-01,3,2,1,0,9,4,1,5,2,1,1,2,9,12,2,1,0,1,1,3,29,31,60
SANTA ROSA DEL SARA,sospecha diagnostica,"influenza  (irag ,iragi y eti)",2023-01-01,0,0,0,0,0,0,0,1,0,0,0,0,0,0,0,0,0,0,0,0,0,1,1
SUCRE,sospecha diagnostica,"influenza  (irag ,iragi y eti)",2023-01-01,0,0,0,0,0,0,0,0,0,0,0,0,3,1,1,0,1,0,2,0,7,1,8
TRINIDAD,sospecha diagnostica,"influenza  (irag ,iragi y eti)",2023-01-01,0,0,0,0,1,1,0,0,1,1,0,0,0,1,0,1,0,1,0,0,2,5,7
YACUIBA,sospecha diagnostica,"influenza  (irag ,iragi y eti)",2023-01-01,0,0,0,0,0,0,0,0,0,0,0,0,0,2,0,0,0,1,0,0,0,3,3
CABEZAS,sospecha diagnostica,"influenza  (irag ,iragi y eti)",2023-02-01,0,0,0,0,0,0,0,1,0,0,0,0,0,0,0,0,0,0,0,0,0,1,1
CARAPARI,sospecha diagnostica,"influenza  (irag ,iragi y eti)",2023-02-01,0,1,0,0,0,1,1,2,0,0,0,0,0,0,0,0,0,0,0,0,1,4,5
CARMEN RIVERO TORREZ,sospecha diagnostica,"influenza  (irag ,iragi y eti)",2023-02-01,0,0,0,0,4,1,3,1,4,4,0,1,2,1,1,0,0,0,0,1,14,9,23
COMARAPA,sospecha diagnostica,"influenza  (irag ,iragi y eti)",2023-02-01,0,0,0,0,0,0,0,0,0,0,0,0,1,2,0,0,0,0,0,0,1,2,3
COTOCA,sospecha diagnostica,"influenza  (irag ,iragi y eti)",2023-02-01,0,1,0,0,0,0,0,0,0,0,0,0,0,0,0,0,0,0,0,0,0,1,1
EL ALTO,sospecha diagnostica,"influenza  (irag ,iragi y eti)",2023-02-01,1,0,0,0,1,0,1,1,0,0,0,0,0,0,0,0,0,0,0,0,3,1,4
LA GUARDIA,sospecha diagnostica,"influenza  (irag ,iragi y eti)",2023-02-01,0,0,0,0,0,0,0,0,0,0,0,0,1,0,0,0,0,0,0,0,1,0,1
LA PAZ,sospecha diagnostica,"influenza  (irag ,iragi y eti)",2023-02-01,0,0,0,0,0,0,0,0,0,0,0,0,0,1,0,1,0,0,0,0,0,2,2
ORURO,sospecha diagnostica,"influenza  (irag ,iragi y eti)",2023-02-01,0,0,0,0,0,1,0,1,0,0,0,0,0,0,0,0,0,0,0,0,0,2,2
SAN RAFAEL,sospecha diagnostica,"influenza  (irag ,iragi y eti)",2023-02-01,0,0,0,0,0,1,0,0,4,0,0,0,0,5,1,2,0,0,0,0,5,8,13
SANTA CRUZ DE LA SIERRA,sospecha diagnostica,"influenza  (irag ,iragi y eti)",2023-02-01,2,2,4,1,20,15,25,21,13,13,15,11,79,81,27,36,12,5,9,9,206,194,400
SANTA ROSA DEL SARA,sospecha diagnostica,"influenza  (irag ,iragi y eti)",2023-02-01,0,0,0,0,0,0,0,0,0,1,0,0,0,0,0,0,0,0,0,0,0,1,1
SUCRE,sospecha diagnostica,"influenza  (irag ,iragi y eti)",2023-02-01,0,0,0,0,0,0,0,0,0,1,0,0,0,0,0,0,0,0,0,0,0,1,1
TARIJA,sospecha diagnostica,"influenza  (irag ,iragi y eti)",2023-02-01,0,0,0,0,0,0,0,0,0,0,0,0,0,1,0,0,0,0,0,0,0,1,1
TIRAQUE (CBBA),sospecha diagnostica,"influenza  (irag ,iragi y eti)",2023-02-01,0,0,0,0,0,0,0,0,0,0,0,0,0,0,0,0,0,0,1,0,1,0,1
TRINIDAD,sospecha diagnostica,"influenza  (irag ,iragi y eti)",2023-02-01,0,0,0,0,0,1,2,1,2,2,0,2,3,1,2,3,0,3,0,1,9,14,23
VALLEGRANDE,sospecha diagnostica,"influenza  (irag ,iragi y eti)",2023-02-01,0,0,0,0,0,0,3,2,1,0,0,0,0,0,0,0,0,0,0,0,4,2,6
YACUIBA,sospecha diagnostica,"influenza  (irag ,iragi y eti)",2023-02-01,0,0,0,0,0,0,0,0,0,0,0,0,0,0,0,0,0,1,0,0,0,1,1
BOYUIBE,sospecha diagnostica,"influenza  (irag ,iragi y eti)",2023-03-01,0,0,0,0,0,1,0,0,0,0,0,0,0,0,0,0,0,0,0,0,0,1,1
CARAPARI,sospecha diagnostica,"influenza  (irag ,iragi y eti)",2023-03-01,0,0,0,0,1,0,0,0,0,0,0,1,0,0,0,0,0,0,0,0,1,1,2
CARMEN RIVERO TORREZ,sospecha diagnostica,"influenza  (irag ,iragi y eti)",2023-03-01,0,0,0,0,2,1,0,1,0,0,0,1,0,1,0,0,0,0,0,0,2,4,6
COCHABAMBA,sospecha diagnostica,"influenza  (irag ,iragi y eti)",2023-03-01,0,0,1,0,1,0,0,1,0,0,0,0,0,0,0,0,0,0,0,0,2,1,3
COMARAPA,sospecha diagnostica,"influenza  (irag ,iragi y eti)",2023-03-01,0,0,0,0,0,0,2,0,0,2,0,1,0,2,1,3,1,1,0,0,4,9,13
COTAGAITA,sospecha diagnostica,"influenza  (irag ,iragi y eti)",2023-03-01,0,0,0,0,0,0,0,0,0,0,0,0,0,0,0,0,0,3,0,1,0,4,4
EL ALTO,sospecha diagnostica,"influenza  (irag ,iragi y eti)",2023-03-01,0,3,1,0,4,3,2,1,0,1,0,0,0,0,1,0,0,0,0,0,8,8,16
EL TORNO,sospecha diagnostica,"influenza  (irag ,iragi y eti)",2023-03-01,0,2,1,1,1,2,3,0,0,0,0,0,1,2,0,2,0,0,0,0,6,9,15
LA GUARDIA,sospecha diagnostica,"influenza  (irag ,iragi y eti)",2023-03-01,1,0,0,1,1,0,1,0,0,0,0,0,0,1,0,0,0,0,0,0,3,2,5
LA PAZ,sospecha diagnostica,"influenza  (irag ,iragi y eti)",2023-03-01,1,1,2,0,3,0,6,2,0,0,0,0,0,0,1,0,0,0,0,0,13,3,16
MONTERO,sospecha diagnostica,"influenza  (irag ,iragi y eti)",2023-03-01,0,0,0,0,0,0,1,0,0,0,0,0,0,1,0,0,0,0,0,0,1,1,2
ORURO,sospecha diagnostica,"influenza  (irag ,iragi y eti)",2023-03-01,1,0,0,1,0,0,0,0,0,0,0,0,1,1,0,0,1,0,1,0,4,2,6
PORTACHUELO,sospecha diagnostica,"influenza  (irag ,iragi y eti)",2023-03-01,0,0,0,1,0,0,0,0,0,0,0,0,0,0,0,0,0,0,0,0,0,1,1
PUERTO QUIJARRO,sospecha diagnostica,"influenza  (irag ,iragi y eti)",2023-03-01,0,0,0,0,0,0,0,0,0,0,0,0,2,3,3,0,0,0,0,0,5,3,8
RIBERALTA,sospecha diagnostica,"influenza  (irag ,iragi y eti)",2023-03-01,0,0,0,1,0,1,0,1,1,0,0,0,0,0,1,0,0,0,0,1,2,4,6
SACABA,sospecha diagnostica,"influenza  (irag ,iragi y eti)",2023-03-01,0,0,0,0,0,0,0,0,0,0,0,1,0,2,0,0,0,1,0,0,0,4,4
SAN IGNACIO DE VELASCO,sospecha diagnostica,"influenza  (irag ,iragi y eti)",2023-03-01,0,0,0,0,0,0,0,0,0,0,0,0,1,0,0,0,0,0,0,0,1,0,1
SAN JOSE DE CHIQUITOS,sospecha diagnostica,"influenza  (irag ,iragi y eti)",2023-03-01,0,0,0,0,1,1,2,2,0,0,0,0,1,1,0,0,0,0,0,0,4,4,8
SAN RAFAEL,sospecha diagnostica,"influenza  (irag ,iragi y eti)",2023-03-01,1,0,2,0,6,6,6,15,5,2,4,2,3,14,3,4,0,7,0,1,30,51,81
SANTA CRUZ DE LA SIERRA,sospecha diagnostica,"influenza  (irag ,iragi y eti)",2023-03-01,32,37,25,22,106,81,85,81,43,38,25,25,79,106,24,46,12,9,11,12,442,457,899
SUCRE,sospecha diagnostica,"influenza  (irag ,iragi y eti)",2023-03-01,3,0,0,1,1,0,0,1,0,0,0,0,0,0,0,0,0,0,0,0,4,2,6
TARIJA,sospecha diagnostica,"influenza  (irag ,iragi y eti)",2023-03-01,0,0,0,0,3,0,0,0,0,0,0,0,0,0,0,0,0,0,0,0,3,0,3
TRINIDAD,sospecha diagnostica,"influenza  (irag ,iragi y eti)",2023-03-01,0,0,0,0,0,0,0,0,0,0,0,0,1,0,0,1,0,0,0,0,1,1,2
VALLEGRANDE,sospecha diagnostica,"influenza  (irag ,iragi y eti)",2023-03-01,0,0,0,0,0,1,0,1,1,0,0,0,2,0,0,1,2,0,1,2,6,5,11
WARNES,sospecha diagnostica,"influenza  (irag ,iragi y eti)",2023-03-01,1,0,0,0,0,0,0,0,1,0,0,0,0,0,0,0,0,0,0,0,2,0,2
CARAPARI,sospecha diagnostica,"influenza  (irag ,iragi y eti)",2023-04-01,2,0,1,0,0,1,2,1,1,0,0,0,0,1,0,0,0,0,0,0,6,3,9
CARMEN RIVERO TORREZ,sospecha diagnostica,"influenza  (irag ,iragi y eti)",2023-04-01,0,0,0,0,2,2,0,0,0,1,1,0,1,1,1,0,0,0,0,0,5,4,9
COCHABAMBA,sospecha diagnostica,"influenza  (irag ,iragi y eti)",2023-04-01,0,0,0,0,3,1,1,0,1,0,0,1,1,2,0,0,2,0,3,4,11,8,19
COMARAPA,sospecha diagnostica,"influenza  (irag ,iragi y eti)",2023-04-01,0,0,0,0,0,0,0,0,1,0,0,0,0,0,0,0,0,0,0,0,1,0,1
EL ALTO,sospecha diagnostica,"influenza  (irag ,iragi y eti)",2023-04-01,1,3,0,3,4,7,5,10,6,4,1,0,0,0,2,0,0,2,3,1,22,30,52
EL TORNO,sospecha diagnostica,"influenza  (irag ,iragi y eti)",2023-04-01,1,3,2,0,1,3,0,1,0,1,0,0,2,1,0,0,0,0,1,1,7,10,17
LA GUARDIA,sospecha diagnostica,"influenza  (irag ,iragi y eti)",2023-04-01,0,0,0,0,0,0,2,1,1,1,1,0,0,2,0,4,0,1,0,1,4,10,14
LA PAZ,sospecha diagnostica,"influenza  (irag ,iragi y eti)",2023-04-01,3,1,3,1,17,16,18,13,2,1,1,1,2,3,6,4,2,6,4,4,58,50,108
MONTERO,sospecha diagnostica,"influenza  (irag ,iragi y eti)",2023-04-01,1,1,1,0,0,1,0,0,1,1,0,0,0,0,0,0,0,1,0,0,3,4,7
ORURO,sospecha diagnostica,"influenza  (irag ,iragi y eti)",2023-04-01,4,3,1,2,4,2,5,3,0,1,1,0,2,1,0,0,1,0,0,0,18,12,30
PAILON,sospecha diagnostica,"influenza  (irag ,iragi y eti)",2023-04-01,0,0,0,0,1,0,1,0,0,0,0,0,0,0,0,0,0,0,0,0,2,0,2
PORTACHUELO,sospecha diagnostica,"influenza  (irag ,iragi y eti)",2023-04-01,0,0,1,0,1,0,0,0,0,0,0,0,0,0,0,0,0,0,0,0,2,0,2
POTOSI,sospecha diagnostica,"influenza  (irag ,iragi y eti)",2023-04-01,0,0,0,0,0,2,0,0,0,0,0,0,0,0,0,2,0,0,0,0,0,4,4
PUNATA,sospecha diagnostica,"influenza  (irag ,iragi y eti)",2023-04-01,0,1,1,0,1,2,2,0,0,0,0,0,0,0,0,0,0,0,0,0,4,3,7
QUILLACOLLO,sospecha diagnostica,"influenza  (irag ,iragi y eti)",2023-04-01,0,0,0,0,0,0,0,0,0,0,0,0,0,4,0,0,0,0,0,0,0,4,4
RIBERALTA,sospecha diagnostica,"influenza  (irag ,iragi y eti)",2023-04-01,0,0,0,0,0,0,0,0,0,0,0,2,2,5,1,0,0,0,0,0,3,7,10
SACABA,sospecha diagnostica,"influenza  (irag ,iragi y eti)",2023-04-01,0,1,0,0,0,0,0,1,0,0,0,1,0,0,0,0,0,0,0,0,0,3,3
SALINAS DE GARCI MENDOZA,sospecha diagnostica,"influenza  (irag ,iragi y eti)",2023-04-01,0,0,0,0,0,0,0,1,0,0,0,4,0,0,0,0,0,0,0,0,0,5,5
SAN ANDRES,sospecha diagnostica,"influenza  (irag ,iragi y eti)",2023-04-01,0,0,0,0,0,0,0,0,0,0,1,0,0,0,0,0,0,0,0,0,1,0,1
SAN BENITO,sospecha diagnostica,"influenza  (irag ,iragi y eti)",2023-04-01,0,0,0,0,0,3,1,1,1,0,0,0,1,11,0,1,0,1,0,0,3,17,20
SAN JOSE DE CHIQUITOS,sospecha diagnostica,"influenza  (irag ,iragi y eti)",2023-04-01,0,0,0,0,0,0,0,0,0,0,0,0,0,0,0,0,0,0,1,0,1,0,1
SAN RAFAEL,sospecha diagnostica,"influenza  (irag ,iragi y eti)",2023-04-01,0,0,0,0,1,0,0,0,3,0,2,0,0,2,1,1,0,1,0,1,7,5,12
SANTA CRUZ DE LA SIERRA,sospecha diagnostica,"influenza  (irag ,iragi y eti)",2023-04-01,62,50,16,24,120,102,114,110,74,52,42,40,112,165,72,102,52,50,41,71,705,766,1471
SUCRE,sospecha diagnostica,"influenza  (irag ,iragi y eti)",2023-04-01,0,0,0,0,0,0,0,0,0,0,0,1,0,0,0,1,0,0,1,0,1,2,3
TARIJA,sospecha diagnostica,"influenza  (irag ,iragi y eti)",2023-04-01,0,0,0,0,0,0,0,0,0,0,1,0,0,0,0,1,0,0,0,0,1,1,2
TRINIDAD,sospecha diagnostica,"influenza  (irag ,iragi y eti)",2023-04-01,0,0,0,0,0,0,0,0,0,0,0,0,0,2,2,1,0,0,0,0,2,3,5
VALLEGRANDE,sospecha diagnostica,"influenza  (irag ,iragi y eti)",2023-04-01,0,1,0,1,1,1,0,0,0,0,0,1,0,0,0,0,1,0,0,0,2,4,6
VINTO,sospecha diagnostica,"influenza  (irag ,iragi y eti)",2023-04-01,2,0,2,1,2,3,0,1,0,0,0,0,0,0,0,0,0,0,0,0,6,5,11
YACUIBA,sospecha diagnostica,"influenza  (irag ,iragi y eti)",2023-04-01,0,0,0,0,0,1,0,0,0,0,0,0,1,0,0,0,2,0,1,1,4,2,6
CAMIRI,sospecha diagnostica,"influenza  (irag ,iragi y eti)",2023-05-01,0,0,0,0,0,0,0,0,0,0,0,0,0,0,0,0,0,0,2,2,2,2,4
CARAPARI,sospecha diagnostica,"influenza  (irag ,iragi y eti)",2023-05-01,0,0,0,0,0,4,4,2,8,2,1,2,3,3,2,1,2,1,0,1,20,16,36
CARMEN RIVERO TORREZ,sospecha diagnostica,"influenza  (irag ,iragi y eti)",2023-05-01,0,0,0,0,0,1,0,2,3,1,0,0,0,3,0,0,0,1,0,2,3,10,13
COBIJA,sospecha diagnostica,"influenza  (irag ,iragi y eti)",2023-05-01,0,0,0,0,0,0,0,0,0,0,0,0,0,0,0,0,0,0,0,1,0,1,1
COCHABAMBA,sospecha diagnostica,"influenza  (irag ,iragi y eti)",2023-05-01,1,1,3,0,7,4,4,5,5,3,0,0,5,8,4,1,2,2,7,16,38,40,78
COLCAPIRHUA,sospecha diagnostica,"influenza  (irag ,iragi y eti)",2023-05-01,0,0,0,0,0,0,0,0,0,0,0,0,1,0,0,0,0,1,0,0,1,1,2
COMARAPA,sospecha diagnostica,"influenza  (irag ,iragi y eti)",2023-05-01,0,0,0,0,0,0,0,1,0,0,0,0,0,0,0,0,0,1,0,0,0,2,2
CONCEPCION,sospecha diagnostica,"influenza  (irag ,iragi y eti)",2023-05-01,0,0,0,0,0,0,0,0,0,0,0,0,0,0,0,0,0,1,0,0,0,1,1
COPACABANA,sospecha diagnostica,"influenza  (irag ,iragi y eti)",2023-05-01,0,0,0,0,0,0,0,0,1,0,0,0,0,0,0,0,0,0,0,0,1,0,1
COTOCA,sospecha diagnostica,"influenza  (irag ,iragi y eti)",2023-05-01,0,0,0,0,2,2,3,0,0,0,0,0,2,4,1,0,2,0,0,0,10,6,16
EL ALTO,sospecha diagnostica,"influenza  (irag ,iragi y eti)",2023-05-01,11,3,5,4,18,17,3,2,1,1,0,0,0,1,0,1,1,0,2,4,41,33,74
EL TORNO,sospecha diagnostica,"influenza  (irag ,iragi y eti)",2023-05-01,0,0,2,1,7,13,10,8,6,6,6,5,11,24,5,9,9,9,13,14,69,89,158
GENERAL SAAVEDRA,sospecha diagnostica,"influenza  (irag ,iragi y eti)",2023-05-01,0,0,0,0,0,1,0,0,0,0,0,0,0,0,0,0,0,0,0,0,0,1,1
HUANUNI,sospecha diagnostica,"influenza  (irag ,iragi y eti)",2023-05-01,1,0,0,0,0,1,0,0,0,0,0,0,0,0,0,0,0,0,0,0,1,1,2
LA GUARDIA,sospecha diagnostica,"influenza  (irag ,iragi y eti)",2023-05-01,0,0,0,0,19,9,19,12,6,8,5,6,24,27,7,13,12,14,13,13,105,102,207
LA PAZ,sospecha diagnostica,"influenza  (irag ,iragi y eti)",2023-05-01,2,5,5,0,15,14,5,5,1,0,1,1,6,1,3,4,1,4,8,10,47,44,91
LAGUNILLAS,sospecha diagnostica,"influenza  (irag ,iragi y eti)",2023-05-01,0,0,0,0,3,0,1,0,1,3,1,0,0,1,2,1,0,1,3,3,11,9,20
MACHARETI,sospecha diagnostica,"influenza  (irag ,iragi y eti)",2023-05-01,0,0,0,0,0,1,1,1,0,0,0,0,2,4,1,0,0,0,0,2,4,8,12
MAIRANA,sospecha diagnostica,"influenza  (irag ,iragi y eti)",2023-05-01,0,0,0,0,0,0,0,0,0,0,0,0,2,0,0,2,0,0,0,0,2,2,4
MONTEAGUDO,sospecha diagnostica,"influenza  (irag ,iragi y eti)",2023-05-01,0,0,0,0,0,0,0,1,0,0,0,1,1,2,2,2,0,1,4,4,7,11,18
MONTERO,sospecha diagnostica,"influenza  (irag ,iragi y eti)",2023-05-01,1,1,3,1,2,8,7,3,1,4,0,1,1,7,1,8,7,8,4,6,27,47,74
ORURO,sospecha diagnostica,"influenza  (irag ,iragi y eti)",2023-05-01,3,2,0,2,10,1,9,6,6,1,0,0,2,6,1,3,0,0,1,3,32,24,56
PAILON,sospecha diagnostica,"influenza  (irag ,iragi y eti)",2023-05-01,0,1,0,0,1,0,2,0,1,0,1,0,0,0,2,0,0,0,0,0,7,1,8
PALOS BLANCOS,sospecha diagnostica,"influenza  (irag ,iragi y eti)",2023-05-01,0,0,0,0,1,0,0,0,0,0,0,0,0,1,0,0,0,0,1,1,2,2,4
PORONGO,sospecha diagnostica,"influenza  (irag ,iragi y eti)",2023-05-01,0,0,0,0,8,10,19,19,5,7,7,5,15,10,3,2,1,5,8,4,66,62,128
POSTRER VALLE,sospecha diagnostica,"influenza  (irag ,iragi y eti)",2023-05-01,0,0,0,0,0,0,0,0,0,0,0,0,1,0,0,0,1,0,0,0,2,0,2
PUNATA,sospecha diagnostica,"influenza  (irag ,iragi y eti)",2023-05-01,1,0,0,0,0,1,0,0,0,0,0,0,0,0,0,0,0,0,0,0,1,1,2
QUIRUSILLAS,sospecha diagnostica,"influenza  (irag ,iragi y eti)",2023-05-01,0,0,0,1,0,0,0,0,0,0,1,0,0,0,0,0,0,0,0,0,1,1,2
RURRENABAQUE,sospecha diagnostica,"influenza  (irag ,iragi y eti)",2023-05-01,0,0,0,0,0,0,0,0,0,0,0,0,0,1,0,0,0,0,0,0,0,1,1
SACABA,sospecha diagnostica,"influenza  (irag ,iragi y eti)",2023-05-01,0,0,2,0,0,1,1,0,0,1,0,1,1,1,0,1,0,2,2,4,6,11,17
SAIPINA,sospecha diagnostica,"influenza  (irag ,iragi y eti)",2023-05-01,0,0,0,0,0,0,3,0,0,0,0,0,0,0,1,0,0,0,1,1,5,1,6
SALINAS DE GARCI MENDOZA,sospecha diagnostica,"influenza  (irag ,iragi y eti)",2023-05-01,0,0,0,0,0,0,0,0,0,0,0,0,0,0,0,0,0,0,1,0,1,0,1
SAN CARLOS,sospecha diagnostica,"influenza  (irag ,iragi y eti)",2023-05-01,0,0,0,0,0,0,0,0,0,0,0,0,0,0,0,0,0,1,1,1,1,2,3
SAN IGNACIO DE VELASCO,sospecha diagnostica,"influenza  (irag ,iragi y eti)",2023-05-01,0,0,0,0,0,0,0,0,0,0,0,0,0,0,0,1,0,0,0,0,0,1,1
SAN JULIAN,sospecha diagnostica,"influenza  (irag ,iragi y eti)",2023-05-01,0,0,0,0,0,1,0,0,0,0,0,0,0,0,0,0,0,0,0,0,0,1,1
SAN PEDRO,sospecha diagnostica,"influenza  (irag ,iragi y eti)",2023-05-01,0,0,0,0,0,0,0,0,0,0,0,1,0,0,0,0,0,0,0,0,0,1,1
SAN RAFAEL,sospecha diagnostica,"influenza  (irag ,iragi y eti)",2023-05-01,0,0,0,0,0,0,0,1,1,0,0,0,0,2,0,0,0,0,0,1,1,4,5
SAN RAMON BENI,sospecha diagnostica,"influenza  (irag ,iragi y eti)",2023-05-01,0,0,0,0,0,1,0,0,2,0,0,0,1,1,0,0,0,0,0,0,3,2,5
SANTA ANA,sospecha diagnostica,"influenza  (irag ,iragi y eti)",2023-05-01,0,0,0,0,0,0,0,0,0,0,0,0,0,1,0,0,0,0,0,0,0,1,1
SANTA CRUZ DE LA SIERRA,sospecha diagnostica,"influenza  (irag ,iragi y eti)",2023-05-01,52,42,39,26,227,220,270,233,176,145,117,125,373,526,173,273,143,223,198,256,1768,2069,3837
SANTA ROSA DEL SARA,sospecha diagnostica,"influenza  (irag ,iragi y eti)",2023-05-01,0,0,0,0,0,0,0,0,0,0,0,0,0,0,0,0,0,0,0,1,0,1,1
SUCRE,sospecha diagnostica,"influenza  (irag ,iragi y eti)",2023-05-01,1,0,3,1,0,1,3,2,1,0,0,0,4,12,6,4,3,5,5,18,26,43,69
TARATA,sospecha diagnostica,"influenza  (irag ,iragi y eti)",2023-05-01,0,0,0,0,1,0,0,0,0,0,0,0,0,0,0,0,0,0,0,0,1,0,1
TARIJA,sospecha diagnostica,"influenza  (irag ,iragi y eti)",2023-05-01,0,0,0,0,1,2,0,0,2,2,0,1,3,2,2,3,0,0,4,2,12,12,24
TIQUIPAYA,sospecha diagnostica,"influenza  (irag ,iragi y eti)",2023-05-01,0,0,0,0,0,0,0,1,1,0,0,0,0,0,0,0,0,0,0,1,1,2,3
TRINIDAD,sospecha diagnostica,"influenza  (irag ,iragi y eti)",2023-05-01,0,0,0,0,1,0,2,3,0,1,1,1,2,1,0,5,2,4,2,3,10,18,28
URIONDO (A. CONCEPCION),sospecha diagnostica,"influenza  (irag ,iragi y eti)",2023-05-01,0,0,0,0,0,0,1,0,0,0,0,0,0,0,0,0,0,0,0,0,1,0,1
VALLEGRANDE,sospecha diagnostica,"influenza  (irag ,iragi y eti)",2023-05-01,0,0,0,0,4,1,4,2,2,5,0,1,5,7,5,2,0,1,2,3,22,22,44
VILLA MONTES,sospecha diagnostica,"influenza  (irag ,iragi y eti)",2023-05-01,0,0,0,0,0,0,0,0,0,0,0,0,0,0,0,0,0,0,1,2,1,2,3
VINTO,sospecha diagnostica,"influenza  (irag ,iragi y eti)",2023-05-01,1,0,0,0,1,2,2,1,0,0,0,0,0,0,0,0,0,0,0,2,4,5,9
WARNES,sospecha diagnostica,"influenza  (irag ,iragi y eti)",2023-05-01,0,1,0,1,4,1,3,2,1,3,2,1,3,10,0,3,0,0,2,3,15,25,40
YACUIBA,sospecha diagnostica,"influenza  (irag ,iragi y eti)",2023-05-01,0,0,0,0,0,0,1,0,2,1,0,2,4,2,1,5,2,3,2,4,12,17,29
YAPACANI,sospecha diagnostica,"influenza  (irag ,iragi y eti)",2023-05-01,1,0,0,0,0,1,0,2,0,0,0,0,0,0,1,0,0,0,2,1,4,4,8
CABEZAS,sospecha diagnostica,"influenza  (irag ,iragi y eti)",2023-06-01,0,0,0,0,1,0,0,1,0,0,0,0,0,2,0,0,0,0,0,0,1,3,4
CAMIRI,sospecha diagnostica,"influenza  (irag ,iragi y eti)",2023-06-01,0,0,0,0,0,0,2,0,0,0,0,0,0,0,0,0,0,0,0,0,2,0,2
CARAPARI,sospecha diagnostica,"influenza  (irag ,iragi y eti)",2023-06-01,0,0,0,0,0,0,0,0,0,1,0,0,1,1,0,1,1,0,1,1,3,4,7
CARMEN RIVERO TORREZ,sospecha diagnostica,"influenza  (irag ,iragi y eti)",2023-06-01,0,0,0,1,0,0,0,0,0,0,0,2,0,1,0,0,0,2,0,0,0,6,6
COCHABAMBA,sospecha diagnostica,"influenza  (irag ,iragi y eti)",2023-06-01,2,0,0,0,2,1,1,1,1,0,0,0,2,0,2,0,1,4,5,8,16,14,30
COTOCA,sospecha diagnostica,"influenza  (irag ,iragi y eti)",2023-06-01,2,1,1,0,5,3,2,1,0,0,0,0,1,1,0,0,0,0,4,0,15,6,21
CURAHUARA DE CARANGAS,sospecha diagnostica,"influenza  (irag ,iragi y eti)",2023-06-01,0,0,0,0,0,0,0,0,0,0,0,0,1,0,0,0,0,0,0,0,1,0,1
EL ALTO,sospecha diagnostica,"influenza  (irag ,iragi y eti)",2023-06-01,2,4,5,1,13,5,3,4,0,1,0,0,0,0,0,0,0,0,0,0,23,15,38
EL TORNO,sospecha diagnostica,"influenza  (irag ,iragi y eti)",2023-06-01,0,1,0,1,2,1,3,2,0,0,0,1,11,10,4,1,5,2,4,7,29,26,55
GENERAL SAAVEDRA,sospecha diagnostica,"influenza  (irag ,iragi y eti)",2023-06-01,0,0,0,0,0,1,0,0,0,0,0,0,0,0,0,0,0,0,0,0,0,1,1
HUACARAJE,sospecha diagnostica,"influenza  (irag ,iragi y eti)",2023-06-01,0,0,0,0,0,0,0,0,0,0,0,0,0,1,0,0,0,0,0,0,0,1,1
HUANUNI,sospecha diagnostica,"influenza  (irag ,iragi y eti)",2023-06-01,0,0,0,0,1,0,0,0,0,0,0,0,0,0,0,0,0,0,0,0,1,0,1
LA GUARDIA,sospecha diagnostica,"influenza  (irag ,iragi y eti)",2023-06-01,0,2,0,0,4,1,3,1,0,1,1,3,7,8,0,1,2,7,3,6,20,30,50
LA PAZ,sospecha diagnostica,"influenza  (irag ,iragi y eti)",2023-06-01,5,2,0,2,0,2,1,1,2,2,0,0,0,3,0,1,0,0,3,2,11,15,26
MACHARETI,sospecha diagnostica,"influenza  (irag ,iragi y eti)",2023-06-01,0,0,0,0,1,0,1,1,1,3,0,1,3,2,1,0,1,0,1,2,9,9,18
MAIRANA,sospecha diagnostica,"influenza  (irag ,iragi y eti)",2023-06-01,0,0,0,0,0,0,0,0,0,0,0,0,0,1,0,0,0,0,0,0,0,1,1
MONTEAGUDO,sospecha diagnostica,"influenza  (irag ,iragi y eti)",2023-06-01,0,1,0,1,1,1,2,0,0,0,0,1,1,0,1,0,1,2,3,3,9,9,18
MONTERO,sospecha diagnostica,"influenza  (irag ,iragi y eti)",2023-06-01,1,1,2,2,8,8,12,5,3,0,1,0,3,3,1,3,2,2,4,4,37,28,65
ORURO,sospecha diagnostica,"influenza  (irag ,iragi y eti)",2023-06-01,1,0,2,0,1,1,0,0,0,0,0,0,1,1,0,0,0,0,0,0,5,2,7
PAILON,sospecha diagnostica,"influenza  (irag ,iragi y eti)",2023-06-01,0,0,0,0,0,0,0,1,0,0,0,0,0,0,0,0,0,0,0,0,0,1,1
PORONGO,sospecha diagnostica,"influenza  (irag ,iragi y eti)",2023-06-01,0,0,0,0,3,7,8,8,2,3,5,1,4,12,2,7,1,4,4,2,29,44,73
PORTACHUELO,sospecha diagnostica,"influenza  (irag ,iragi y eti)",2023-06-01,1,0,0,0,0,0,0,0,0,0,0,0,0,0,0,0,0,0,0,0,1,0,1
PUERTO SUAREZ,sospecha diagnostica,"influenza  (irag ,iragi y eti)",2023-06-01,1,0,0,0,0,0,0,0,0,0,0,0,0,0,0,0,0,0,0,0,1,0,1
RIBERALTA,sospecha diagnostica,"influenza  (irag ,iragi y eti)",2023-06-01,0,0,0,0,0,0,0,0,0,0,0,0,0,0,0,0,0,0,1,0,1,0,1
SACABA,sospecha diagnostica,"influenza  (irag ,iragi y eti)",2023-06-01,0,0,0,0,0,0,0,0,0,0,0,0,0,1,0,0,0,0,2,0,2,1,3
SAIPINA,sospecha diagnostica,"influenza  (irag ,iragi y eti)",2023-06-01,0,0,0,0,0,0,0,0,0,0,0,0,0,0,0,0,0,0,1,0,1,0,1
SALINAS DE GARCI MENDOZA,sospecha diagnostica,"influenza  (irag ,iragi y eti)",2023-06-01,0,0,0,0,0,0,5,5,2,0,0,0,0,0,0,0,0,0,0,0,7,5,12
SAN BORJA,sospecha diagnostica,"influenza  (irag ,iragi y eti)",2023-06-01,2,0,0,0,0,0,0,0,0,0,0,0,0,0,0,0,0,0,0,0,2,0,2
SAN CARLOS,sospecha diagnostica,"influenza  (irag ,iragi y eti)",2023-06-01,0,0,0,0,0,0,0,0,0,0,0,0,0,0,0,0,0,0,1,0,1,0,1
SAN IGNACIO DE VELASCO,sospecha diagnostica,"influenza  (irag ,iragi y eti)",2023-06-01,0,0,0,0,0,0,0,1,0,0,0,0,0,0,0,0,0,0,0,0,0,1,1
SAN RAFAEL,sospecha diagnostica,"influenza  (irag ,iragi y eti)",2023-06-01,0,0,0,0,0,1,0,0,0,0,1,0,0,0,0,0,0,0,0,0,1,1,2
SANTA ANA,sospecha diagnostica,"influenza  (irag ,iragi y eti)",2023-06-01,0,0,0,0,0,0,0,0,0,0,0,0,2,1,0,0,1,0,0,0,3,1,4
SANTA CRUZ DE LA SIERRA,sospecha diagnostica,"influenza  (irag ,iragi y eti)",2023-06-01,40,24,15,24,117,108,93,101,55,34,28,31,124,225,69,92,43,69,85,103,669,811,1480
SUCRE,sospecha diagnostica,"influenza  (irag ,iragi y eti)",2023-06-01,4,3,3,4,4,2,1,0,1,1,0,3,6,12,2,0,4,6,4,6,29,37,66
TARIJA,sospecha diagnostica,"influenza  (irag ,iragi y eti)",2023-06-01,0,0,0,0,2,2,0,0,0,1,0,0,0,1,0,0,0,0,0,0,2,4,6
TRIGAL,sospecha diagnostica,"influenza  (irag ,iragi y eti)",2023-06-01,0,0,0,0,0,0,0,0,1,0,0,0,0,0,0,0,0,0,0,0,1,0,1
TRINIDAD,sospecha diagnostica,"influenza  (irag ,iragi y eti)",2023-06-01,0,0,0,0,0,0,1,0,0,0,0,1,2,1,0,0,0,1,0,0,3,3,6
VALLEGRANDE,sospecha diagnostica,"influenza  (irag ,iragi y eti)",2023-06-01,0,0,0,0,0,0,0,0,0,0,0,0,0,1,0,1,0,1,1,0,1,3,4
VILLA MONTES,sospecha diagnostica,"influenza  (irag ,iragi y eti)",2023-06-01,0,0,0,0,0,0,0,0,0,0,0,0,0,0,0,1,0,0,2,2,2,3,5
VINTO,sospecha diagnostica,"influenza  (irag ,iragi y eti)",2023-06-01,0,0,0,0,0,1,0,0,0,0,0,0,0,0,0,0,0,1,3,4,3,6,9
WARNES,sospecha diagnostica,"influenza  (irag ,iragi y eti)",2023-06-01,0,0,0,0,1,0,1,1,0,0,0,0,0,1,2,0,0,0,0,0,4,2,6
YACUIBA,sospecha diagnostica,"influenza  (irag ,iragi y eti)",2023-06-01,0,0,1,0,1,0,5,2,0,0,0,0,0,2,1,1,1,1,5,6,14,12,26
YAPACANI,sospecha diagnostica,"influenza  (irag ,iragi y eti)",2023-06-01,1,0,0,0,0,0,0,0,0,0,0,0,1,0,1,0,0,0,1,1,4,1,5
CABEZAS,sospecha diagnostica,"influenza  (irag ,iragi y eti)",2023-07-01,0,0,0,0,0,1,0,0,0,0,0,0,0,0,0,0,0,0,0,0,0,1,1
CAMIRI,sospecha diagnostica,"influenza  (irag ,iragi y eti)",2023-07-01,1,0,0,0,0,0,0,1,1,0,0,0,0,0,0,0,0,0,0,0,2,1,3
CARAPARI,sospecha diagnostica,"influenza  (irag ,iragi y eti)",2023-07-01,0,0,0,0,0,0,0,0,0,1,0,0,0,0,0,0,1,0,0,0,1,1,2
CARMEN RIVERO TORREZ,sospecha diagnostica,"influenza  (irag ,iragi y eti)",2023-07-01,0,0,0,0,0,0,0,0,0,0,0,0,0,1,0,0,0,0,0,0,0,1,1
COCHABAMBA,sospecha diagnostica,"influenza  (irag ,iragi y eti)",2023-07-01,0,0,0,0,2,2,2,0,0,0,0,0,2,2,0,1,1,1,6,9,13,15,28
COTOCA,sospecha diagnostica,"influenza  (irag ,iragi y eti)",2023-07-01,1,1,0,0,3,2,0,1,0,0,0,0,0,4,0,0,0,0,2,1,6,9,15
EL ALTO,sospecha diagnostica,"influenza  (irag ,iragi y eti)",2023-07-01,0,0,0,0,0,0,0,0,0,0,0,0,0,0,0,0,0,0,0,1,0,1,1
EL TORNO,sospecha diagnostica,"influenza  (irag ,iragi y eti)",2023-07-01,0,0,0,0,0,0,0,0,1,0,0,2,2,4,0,1,2,2,2,14,7,23,30
LA GUARDIA,sospecha diagnostica,"influenza  (irag ,iragi y eti)",2023-07-01,0,1,1,0,4,9,2,1,1,1,0,1,1,8,0,0,1,2,0,2,10,25,35
LA PAZ,sospecha diagnostica,"influenza  (irag ,iragi y eti)",2023-07-01,3,2,1,1,2,3,0,3,2,0,0,0,1,0,0,0,0,1,0,0,9,10,19
MONTEAGUDO,sospecha diagnostica,"influenza  (irag ,iragi y eti)",2023-07-01,0,0,0,0,1,2,0,0,0,0,0,0,1,1,0,0,0,1,0,1,2,5,7
MONTERO,sospecha diagnostica,"influenza  (irag ,iragi y eti)",2023-07-01,2,0,3,0,7,2,3,2,0,0,0,0,0,3,1,0,1,0,0,2,17,9,26
ORURO,sospecha diagnostica,"influenza  (irag ,iragi y eti)",2023-07-01,0,0,0,0,4,0,3,0,0,1,0,1,2,1,3,1,1,2,5,3,18,9,27
PAILON,sospecha diagnostica,"influenza  (irag ,iragi y eti)",2023-07-01,0,0,0,0,0,0,0,0,0,0,0,0,0,0,0,0,0,1,0,0,0,1,1
PORONGO,sospecha diagnostica,"influenza  (irag ,iragi y eti)",2023-07-01,0,0,0,0,0,0,1,1,1,0,1,1,0,1,3,2,0,2,1,1,7,8,15
PUERTO QUIJARRO,sospecha diagnostica,"influenza  (irag ,iragi y eti)",2023-07-01,0,0,0,0,1,0,0,0,0,0,0,0,0,0,0,0,0,0,0,0,1,0,1
PUERTO SUAREZ,sospecha diagnostica,"influenza  (irag ,iragi y eti)",2023-07-01,1,1,1,1,2,1,0,0,0,0,0,0,0,0,0,0,0,0,0,0,4,3,7
QUIRUSILLAS,sospecha diagnostica,"influenza  (irag ,iragi y eti)",2023-07-01,0,0,0,0,0,0,0,0,0,0,0,0,1,0,0,0,0,1,0,1,1,2,3
SACABA,sospecha diagnostica,"influenza  (irag ,iragi y eti)",2023-07-01,0,0,0,0,0,0,0,1,0,0,0,0,1,0,1,0,2,0,0,0,4,1,5
SAN RAFAEL,sospecha diagnostica,"influenza  (irag ,iragi y eti)",2023-07-01,1,0,0,0,0,0,0,0,0,0,0,0,0,0,0,0,0,0,0,0,1,0,1
SANTA CRUZ DE LA SIERRA,sospecha diagnostica,"influenza  (irag ,iragi y eti)",2023-07-01,20,22,17,11,38,43,23,26,13,16,12,16,80,114,34,54,24,44,63,69,324,415,739
SUCRE,sospecha diagnostica,"influenza  (irag ,iragi y eti)",2023-07-01,5,1,3,1,13,3,2,2,0,0,0,0,2,3,0,4,1,1,2,3,28,18,46
TARIJA,sospecha diagnostica,"influenza  (irag ,iragi y eti)",2023-07-01,0,0,0,0,1,0,0,0,0,0,0,0,1,0,0,0,0,0,1,0,3,0,3
VALLEGRANDE,sospecha diagnostica,"influenza  (irag ,iragi y eti)",2023-07-01,0,0,0,0,0,0,0,0,0,0,0,0,1,0,0,1,0,0,0,1,1,2,3
VINTO,sospecha diagnostica,"influenza  (irag ,iragi y eti)",2023-07-01,0,0,0,0,0,0,0,0,0,0,0,0,0,0,0,0,0,0,1,1,1,1,2
YACUIBA,sospecha diagnostica,"influenza  (irag ,iragi y eti)",2023-07-01,0,0,0,0,2,0,0,0,0,0,0,0,0,0,0,0,0,0,1,1,3,1,4
CABEZAS,sospecha diagnostica,"influenza  (irag ,iragi y eti)",2023-08-01,0,0,0,0,0,0,0,0,0,0,0,0,0,0,0,0,0,0,1,0,1,0,1
CAMIRI,sospecha diagnostica,"influenza  (irag ,iragi y eti)",2023-08-01,1,0,0,0,0,0,2,1,1,0,0,0,1,0,0,0,0,0,0,0,5,1,6
CARAPARI,sospecha diagnostica,"influenza  (irag ,iragi y eti)",2023-08-01,0,0,0,0,1,0,0,0,0,0,0,0,0,1,0,0,2,1,0,1,3,3,6
CARMEN RIVERO TORREZ,sospecha diagnostica,"influenza  (irag ,iragi y eti)",2023-08-01,0,0,0,1,0,0,1,0,0,0,0,1,0,0,0,0,0,0,0,0,1,2,3
COBIJA,sospecha diagnostica,"influenza  (irag ,iragi y eti)",2023-08-01,0,0,0,0,0,1,0,0,0,0,0,1,0,0,0,0,0,0,0,0,0,2,2
COCHABAMBA,sospecha diagnostica,"influenza  (irag ,iragi y eti)",2023-08-01,0,0,0,0,2,0,1,0,0,0,1,0,2,2,1,1,0,0,6,10,13,13,26
COTOCA,sospecha diagnostica,"influenza  (irag ,iragi y eti)",2023-08-01,0,0,0,0,0,2,0,2,1,0,0,0,2,0,0,0,0,0,2,0,5,4,9
CURAHUARA DE CARANGAS,sospecha diagnostica,"influenza  (irag ,iragi y eti)",2023-08-01,0,0,0,0,0,0,0,0,0,0,0,0,0,1,0,0,0,0,0,0,0,1,1
EL TORNO,sospecha diagnostica,"influenza  (irag ,iragi y eti)",2023-08-01,1,0,0,0,1,2,0,0,0,0,1,0,2,3,1,0,0,1,1,2,7,8,15
GUAYARAMERIN,sospecha diagnostica,"influenza  (irag ,iragi y eti)",2023-08-01,0,1,2,0,3,7,3,2,0,1,0,0,0,0,0,0,0,0,0,0,8,11,19
LA GUARDIA,sospecha diagnostica,"influenza  (irag ,iragi y eti)",2023-08-01,9,3,5,7,16,11,19,4,4,8,3,3,3,15,1,2,1,0,3,1,64,54,118
LA PAZ,sospecha diagnostica,"influenza  (irag ,iragi y eti)",2023-08-01,0,0,1,0,0,0,0,0,0,0,0,0,0,0,1,1,0,1,1,0,3,2,5
LAGUNILLAS,sospecha diagnostica,"influenza  (irag ,iragi y eti)",2023-08-01,0,1,0,0,2,2,0,1,0,2,0,0,1,2,1,0,0,1,0,1,4,10,14
MONTEAGUDO,sospecha diagnostica,"influenza  (irag ,iragi y eti)",2023-08-01,0,0,0,0,0,0,1,0,0,1,0,0,2,0,1,1,0,0,1,0,5,2,7
MONTERO,sospecha diagnostica,"influenza  (irag ,iragi y eti)",2023-08-01,3,1,3,0,9,6,6,2,2,2,1,0,4,0,1,3,0,3,1,4,30,21,51
ORURO,sospecha diagnostica,"influenza  (irag ,iragi y eti)",2023-08-01,1,0,2,0,0,3,1,0,2,0,0,0,3,0,0,0,0,2,1,1,10,6,16
PAILON,sospecha diagnostica,"influenza  (irag ,iragi y eti)",2023-08-01,0,1,0,1,0,0,0,0,1,0,0,0,0,0,0,0,0,0,0,0,1,2,3
PORONGO,sospecha diagnostica,"influenza  (irag ,iragi y eti)",2023-08-01,0,0,0,0,0,0,0,0,0,0,0,0,1,1,0,0,0,1,0,0,1,2,3
PUCARANI,sospecha diagnostica,"influenza  (irag ,iragi y eti)",2023-08-01,0,0,0,0,0,0,0,0,0,0,0,0,0,1,0,0,0,0,0,0,0,1,1
SACABA,sospecha diagnostica,"influenza  (irag ,iragi y eti)",2023-08-01,0,0,0,0,0,0,0,0,0,0,0,0,0,1,0,0,1,0,1,1,2,2,4
SAN BORJA,sospecha diagnostica,"influenza  (irag ,iragi y eti)",2023-08-01,0,0,1,1,0,0,0,0,0,0,0,0,0,0,0,0,0,0,0,0,1,1,2
SAN IGNACIO DE VELASCO,sospecha diagnostica,"influenza  (irag ,iragi y eti)",2023-08-01,0,0,0,0,0,0,0,0,0,0,0,0,0,1,0,0,0,0,0,0,0,1,1
SAN MIGUEL DE VELASCO,sospecha diagnostica,"influenza  (irag ,iragi y eti)",2023-08-01,1,0,0,0,0,0,0,0,0,0,0,0,0,0,0,0,0,0,1,0,2,0,2
SAN PEDRO,sospecha diagnostica,"influenza  (irag ,iragi y eti)",2023-08-01,0,0,0,0,0,0,1,0,0,0,0,0,0,0,0,0,0,0,0,0,1,0,1
SAN RAFAEL,sospecha diagnostica,"influenza  (irag ,iragi y eti)",2023-08-01,0,0,0,0,1,0,0,0,0,0,0,0,0,0,0,0,0,0,0,0,1,0,1
SANTA CRUZ DE LA SIERRA,sospecha diagnostica,"influenza  (irag ,iragi y eti)",2023-08-01,22,26,18,11,71,65,39,32,26,11,20,21,89,88,36,60,25,34,43,62,389,410,799
SUCRE,sospecha diagnostica,"influenza  (irag ,iragi y eti)",2023-08-01,6,1,1,4,6,1,3,2,0,0,0,0,2,2,0,0,1,1,3,2,22,13,35
TARIJA,sospecha diagnostica,"influenza  (irag ,iragi y eti)",2023-08-01,0,0,1,0,0,0,1,0,0,0,0,0,0,0,0,0,0,0,0,0,2,0,2
TITO YUPANQUI (PARQUIPUJIO),sospecha diagnostica,"influenza  (irag ,iragi y eti)",2023-08-01,0,0,0,0,0,0,0,0,0,0,0,0,0,0,0,0,0,0,1,0,1,0,1
TRINIDAD,sospecha diagnostica,"influenza  (irag ,iragi y eti)",2023-08-01,0,0,0,0,0,0,0,0,0,0,0,0,0,0,0,0,0,0,0,1,0,1,1
VALLEGRANDE,sospecha diagnostica,"influenza  (irag ,iragi y eti)",2023-08-01,0,0,0,0,0,0,0,0,0,0,0,0,0,1,2,2,0,1,0,0,2,4,6
VINTO,sospecha diagnostica,"influenza  (irag ,iragi y eti)",2023-08-01,0,0,0,0,0,0,0,0,0,0,0,0,0,0,0,0,0,0,2,0,2,0,2
YACUIBA,sospecha diagnostica,"influenza  (irag ,iragi y eti)",2023-08-01,1,2,0,0,0,0,0,1,1,0,0,0,0,1,0,1,0,0,2,1,4,6,10
BERMEJO,sospecha diagnostica,"influenza  (irag ,iragi y eti)",2023-09-01,0,0,0,0,0,1,0,0,0,0,0,0,0,0,0,0,0,0,0,0,0,1,1
CAMIRI,sospecha diagnostica,"influenza  (irag ,iragi y eti)",2023-09-01,0,1,0,0,3,0,1,0,0,0,0,0,0,0,0,0,0,0,0,0,4,1,5
CARAPARI,sospecha diagnostica,"influenza  (irag ,iragi y eti)",2023-09-01,0,0,0,0,1,0,0,0,0,0,0,1,0,1,0,0,0,0,2,0,3,2,5
COCHABAMBA,sospecha diagnostica,"influenza  (irag ,iragi y eti)",2023-09-01,0,0,0,0,2,0,0,0,0,0,0,0,1,1,0,2,1,0,2,4,6,7,13
CONCEPCION,sospecha diagnostica,"influenza  (irag ,iragi y eti)",2023-09-01,0,1,0,0,0,0,0,0,0,0,0,0,0,0,0,0,0,0,0,0,0,1,1
COPACABANA,sospecha diagnostica,"influenza  (irag ,iragi y eti)",2023-09-01,0,0,0,0,0,1,0,0,0,0,0,0,0,0,0,0,0,0,0,0,0,1,1
COTOCA,sospecha diagnostica,"influenza  (irag ,iragi y eti)",2023-09-01,0,0,0,0,0,0,1,0,0,0,0,0,0,0,0,0,0,0,2,1,3,1,4
EL ALTO,sospecha diagnostica,"influenza  (irag ,iragi y eti)",2023-09-01,0,0,1,1,1,0,2,2,0,1,0,0,0,0,0,0,0,0,0,0,4,4,8
EL TORNO,sospecha diagnostica,"influenza  (irag ,iragi y eti)",2023-09-01,0,0,0,0,1,0,0,0,0,0,0,0,0,0,0,0,0,0,1,0,2,0,2
GUAYARAMERIN,sospecha diagnostica,"influenza  (irag ,iragi y eti)",2023-09-01,0,0,0,0,2,0,2,1,0,0,0,0,0,0,0,0,0,0,0,0,4,1,5
LA GUARDIA,sospecha diagnostica,"influenza  (irag ,iragi y eti)",2023-09-01,1,1,1,2,2,3,1,1,0,0,0,0,2,0,0,0,1,0,1,0,9,7,16
LA PAZ,sospecha diagnostica,"influenza  (irag ,iragi y eti)",2023-09-01,0,0,0,1,1,2,0,0,0,0,0,0,0,0,0,1,0,0,0,0,1,4,5
MONTEAGUDO,sospecha diagnostica,"influenza  (irag ,iragi y eti)",2023-09-01,0,0,0,0,0,0,0,0,0,0,0,0,1,0,0,0,0,2,2,1,3,3,6
MONTERO,sospecha diagnostica,"influenza  (irag ,iragi y eti)",2023-09-01,0,1,3,2,2,1,2,3,0,0,0,0,1,1,1,1,0,3,1,0,10,12,22
ORURO,sospecha diagnostica,"influenza  (irag ,iragi y eti)",2023-09-01,1,0,0,0,1,1,0,0,0,0,0,1,0,0,0,0,0,0,0,2,2,4,6
QUILLACOLLO,sospecha diagnostica,"influenza  (irag ,iragi y eti)",2023-09-01,0,0,0,0,1,0,0,0,0,0,0,0,0,0,0,0,0,0,0,0,1,0,1
RIBERALTA,sospecha diagnostica,"influenza  (irag ,iragi y eti)",2023-09-01,1,0,0,0,0,0,0,0,0,0,0,0,0,0,0,0,0,0,0,0,1,0,1
SAN RAFAEL,sospecha diagnostica,"influenza  (irag ,iragi y eti)",2023-09-01,0,0,0,0,0,0,0,0,0,0,0,0,0,1,0,0,0,0,0,0,0,1,1
SANTA CRUZ DE LA SIERRA,sospecha diagnostica,"influenza  (irag ,iragi y eti)",2023-09-01,12,9,9,10,25,22,10,23,5,8,1,7,27,38,9,22,11,8,24,28,133,175,308
SUCRE,sospecha diagnostica,"influenza  (irag ,iragi y eti)",2023-09-01,1,0,0,0,5,0,0,3,0,0,0,0,0,0,0,0,0,0,1,1,7,4,11
TARIJA,sospecha diagnostica,"influenza  (irag ,iragi y eti)",2023-09-01,0,0,0,0,0,1,1,0,0,0,0,0,0,0,0,0,0,0,0,0,1,1,2
TRINIDAD,sospecha diagnostica,"influenza  (irag ,iragi y eti)",2023-09-01,1,0,0,0,0,0,0,0,0,0,0,0,1,0,0,0,0,0,0,0,2,0,2
VALLEGRANDE,sospecha diagnostica,"influenza  (irag ,iragi y eti)",2023-09-01,0,0,0,0,0,0,2,0,0,0,0,0,0,1,0,0,0,0,0,0,2,1,3
YACUIBA,sospecha diagnostica,"influenza  (irag ,iragi y eti)",2023-09-01,0,0,0,0,0,0,1,0,0,0,0,0,0,0,0,0,0,0,1,0,2,0,2
YUNCHARA,sospecha diagnostica,"influenza  (irag ,iragi y eti)",2023-09-01,0,0,0,0,0,0,0,0,0,0,0,0,0,0,0,0,0,0,1,0,1,0,1
ACACIO,sospecha diagnostica,"influenza  (irag ,iragi y eti)",2023-10-01,0,0,0,0,0,0,0,1,0,0,0,0,0,0,0,0,0,0,0,0,0,1,1
CAMIRI,sospecha diagnostica,"influenza  (irag ,iragi y eti)",2023-10-01,1,0,0,0,0,0,0,0,0,0,0,0,0,0,0,0,0,0,0,0,1,0,1
COCHABAMBA,sospecha diagnostica,"influenza  (irag ,iragi y eti)",2023-10-01,0,0,0,0,0,1,2,0,0,1,0,1,0,1,1,0,1,0,0,3,4,7,11
COTOCA,sospecha diagnostica,"influenza  (irag ,iragi y eti)",2023-10-01,0,0,0,0,0,0,1,0,0,0,0,0,0,0,0,0,0,0,2,1,3,1,4
EL ALTO,sospecha diagnostica,"influenza  (irag ,iragi y eti)",2023-10-01,0,1,1,0,1,0,0,0,0,0,0,0,0,0,0,0,0,0,0,0,2,1,3
EL TORNO,sospecha diagnostica,"influenza  (irag ,iragi y eti)",2023-10-01,0,0,0,1,2,0,3,1,1,0,0,1,2,1,0,0,0,0,1,1,9,5,14
LA GUARDIA,sospecha diagnostica,"influenza  (irag ,iragi y eti)",2023-10-01,2,1,1,0,1,2,5,0,0,1,0,0,0,0,0,0,0,0,0,0,9,4,13
LA PAZ,sospecha diagnostica,"influenza  (irag ,iragi y eti)",2023-10-01,1,0,0,0,0,0,0,0,0,0,0,0,1,1,0,1,0,0,0,1,2,3,5
MONTEAGUDO,sospecha diagnostica,"influenza  (irag ,iragi y eti)",2023-10-01,0,1,0,0,0,0,0,0,0,0,0,0,0,0,0,0,0,0,0,0,0,1,1
MONTERO,sospecha diagnostica,"influenza  (irag ,iragi y eti)",2023-10-01,0,1,1,1,5,1,3,2,1,1,0,0,0,0,1,1,1,0,0,1,12,8,20
ORURO,sospecha diagnostica,"influenza  (irag ,iragi y eti)",2023-10-01,0,1,1,1,5,1,0,0,0,0,0,0,0,1,0,1,0,0,3,2,9,7,16
PAILON,sospecha diagnostica,"influenza  (irag ,iragi y eti)",2023-10-01,0,2,0,0,1,2,0,0,0,0,0,0,0,0,0,0,0,0,0,0,1,4,5
PORONGO,sospecha diagnostica,"influenza  (irag ,iragi y eti)",2023-10-01,0,0,0,0,0,0,0,0,0,0,0,0,0,1,0,0,0,0,0,0,0,1,1
RIBERALTA,sospecha diagnostica,"influenza  (irag ,iragi y eti)",2023-10-01,0,0,0,0,0,0,0,0,0,0,1,0,0,0,0,0,0,0,0,0,1,0,1
SAN RAFAEL,sospecha diagnostica,"influenza  (irag ,iragi y eti)",2023-10-01,0,0,0,0,0,0,0,0,0,0,0,0,1,0,0,0,0,0,0,0,1,0,1
SANTA CRUZ DE LA SIERRA,sospecha diagnostica,"influenza  (irag ,iragi y eti)",2023-10-01,10,5,10,7,21,23,21,14,10,2,8,7,29,29,4,10,11,7,23,23,147,127,274
TARIJA,sospecha diagnostica,"influenza  (irag ,iragi y eti)",2023-10-01,0,0,0,0,1,1,0,0,0,0,0,0,0,0,0,0,0,0,0,0,1,1,2
TRINIDAD,sospecha diagnostica,"influenza  (irag ,iragi y eti)",2023-10-01,0,0,0,0,0,0,0,1,0,0,0,0,1,1,0,0,0,0,0,0,1,2,3
YACUIBA,sospecha diagnostica,"influenza  (irag ,iragi y eti)",2023-10-01,1,0,1,1,0,0,0,0,0,0,0,0,0,0,0,0,0,0,0,0,2,1,3
ACACIO,sospecha diagnostica,"influenza  (irag ,iragi y eti)",2023-11-01,0,0,0,0,0,0,0,0,0,0,0,0,0,0,0,0,0,0,1,0,1,0,1
CARMEN RIVERO TORREZ,sospecha diagnostica,"influenza  (irag ,iragi y eti)",2023-11-01,0,0,0,0,0,0,0,1,0,0,0,0,0,0,0,0,0,0,0,0,0,1,1
COCHABAMBA,sospecha diagnostica,"influenza  (irag ,iragi y eti)",2023-11-01,0,0,0,0,2,0,1,1,0,0,0,0,2,1,1,0,1,0,3,3,10,5,15
CONCEPCION,sospecha diagnostica,"influenza  (irag ,iragi y eti)",2023-11-01,0,0,1,0,0,0,0,0,0,0,0,0,0,0,0,0,0,0,0,0,1,0,1
COPACABANA,sospecha diagnostica,"influenza  (irag ,iragi y eti)",2023-11-01,0,0,0,0,0,0,1,0,0,0,0,0,0,0,0,0,0,0,0,0,1,0,1
COTOCA,sospecha diagnostica,"influenza  (irag ,iragi y eti)",2023-11-01,0,0,0,0,0,0,0,0,0,0,0,0,0,0,1,0,1,0,0,1,2,1,3
EL ALTO,sospecha diagnostica,"influenza  (irag ,iragi y eti)",2023-11-01,0,2,2,1,5,2,3,1,2,1,0,0,0,0,0,0,0,0,0,0,12,7,19
GUAYARAMERIN,sospecha diagnostica,"influenza  (irag ,iragi y eti)",2023-11-01,0,0,0,1,0,0,1,0,0,0,0,0,0,0,0,0,0,0,0,0,1,1,2
LA GUARDIA,sospecha diagnostica,"influenza  (irag ,iragi y eti)",2023-11-01,0,0,0,0,5,1,0,1,0,0,0,0,2,3,0,0,0,2,0,0,7,7,14
LA PAZ,sospecha diagnostica,"influenza  (irag ,iragi y eti)",2023-11-01,0,0,0,0,0,0,0,0,0,0,0,0,0,0,0,1,0,0,0,1,0,2,2
MONTERO,sospecha diagnostica,"influenza  (irag ,iragi y eti)",2023-11-01,2,1,1,1,2,1,0,1,0,0,0,0,0,1,0,0,0,0,0,2,5,7,12
ORURO,sospecha diagnostica,"influenza  (irag ,iragi y eti)",2023-11-01,1,1,4,0,1,2,1,1,0,0,0,1,2,3,1,0,2,1,0,0,12,9,21
PAMPA GRANDE,sospecha diagnostica,"influenza  (irag ,iragi y eti)",2023-11-01,0,0,0,0,0,0,0,0,1,0,0,0,0,0,0,0,0,0,0,0,1,0,1
RIBERALTA,sospecha diagnostica,"influenza  (irag ,iragi y eti)",2023-11-01,0,0,0,0,0,0,0,0,0,0,0,0,2,1,0,0,1,0,0,0,3,1,4
SAN ANDRES,sospecha diagnostica,"influenza  (irag ,iragi y eti)",2023-11-01,0,0,0,0,0,0,0,0,0,0,0,0,0,0,0,0,0,0,0,1,0,1,1
SANTA CRUZ DE LA SIERRA,sospecha diagnostica,"influenza  (irag ,iragi y eti)",2023-11-01,8,6,11,8,25,19,7,14,1,3,3,4,20,35,13,16,10,12,15,17,113,134,247
COCHABAMBA,sospecha diagnostica,"influenza  (irag ,iragi y eti)",2023-12-01,0,0,0,0,0,0,1,0,0,0,0,0,1,1,0,0,1,0,2,7,5,8,13
CONCEPCION,sospecha diagnostica,"influenza  (irag ,iragi y eti)",2023-12-01,0,0,1,0,0,0,0,0,0,0,0,0,0,0,0,0,0,0,0,0,1,0,1
EL ALTO,sospecha diagnostica,"influenza  (irag ,iragi y eti)",2023-12-01,3,1,3,3,3,2,1,2,1,0,0,0,0,0,0,0,1,0,0,0,12,8,20
GUAYARAMERIN,sospecha diagnostica,"influenza  (irag ,iragi y eti)",2023-12-01,0,0,0,0,1,0,0,0,0,0,0,0,0,0,0,0,0,0,0,0,1,0,1
LA GUARDIA,sospecha diagnostica,"influenza  (irag ,iragi y eti)",2023-12-01,0,0,0,0,1,0,0,0,0,1,0,1,0,0,0,0,0,0,0,0,1,2,3
LA PAZ,sospecha diagnostica,"influenza  (irag ,iragi y eti)",2023-12-01,0,0,0,0,0,0,0,0,0,0,0,0,0,1,0,2,0,1,1,0,1,4,5
MONTERO,sospecha diagnostica,"influenza  (irag ,iragi y eti)",2023-12-01,0,0,0,1,0,0,0,0,0,0,0,0,0,0,0,0,0,0,0,0,0,1,1
ORURO,sospecha diagnostica,"influenza  (irag ,iragi y eti)",2023-12-01,0,0,0,0,2,0,2,1,1,1,0,0,0,3,0,0,0,0,1,1,6,6,12
SACABA,sospecha diagnostica,"influenza  (irag ,iragi y eti)",2023-12-01,0,0,0,0,1,0,0,0,1,0,0,0,0,0,0,0,0,0,1,0,3,0,3
SAN ANDRES DE MACHACA,sospecha diagnostica,"influenza  (irag ,iragi y eti)",2023-12-01,0,0,0,0,0,0,0,0,0,0,0,0,0,0,0,0,0,0,1,0,1,0,1
SANTA CRUZ DE LA SIERRA,sospecha diagnostica,"influenza  (irag ,iragi y eti)",2023-12-01,0,2,7,4,7,3,1,4,1,1,2,0,16,16,4,5,1,1,8,9,47,45,92
TARIJA,sospecha diagnostica,"influenza  (irag ,iragi y eti)",2023-12-01,0,0,0,0,2,0,0,0,0,0,0,0,0,0,0,0,0,0,0,0,2,0,2
VILLA CHARCAS,sospecha diagnostica,"influenza  (irag ,iragi y eti)",2023-12-01,0,0,0,0,0,0,0,0,0,0,0,0,0,0,0,0,0,0,0,1,0,1,1
