,group,variable,month,a. 10 - 14 años,a. 10 - 14 años,b. 15 - 19 años,b. 15 - 19 años,c. 20 - 39 años,c. 20 - 39 años,d. 40 - 49 años,d. 40 - 49 años,e. 50 - 59 años,e. 50 - 59 años,TOTALES,TOTALES,TOTALES
,,,,MASCULINO,FEMENINO,MASCULINO,FEMENINO,MASCULINO,FEMENINO,MASCULINO,FEMENINO,MASCULINO,FEMENINO,DENTRO,FUERA,TOTAL
municipality,,,,,,,,,,,,,,,,
ASCENCION DE GUARAYOS,salud sexual y reproductiva,hemorragia de la primera mitad del embarazo (< 22 sem) termino en aborto,2024-01-01,0,0,1,0,1,3,0,0,0,0,2,3,5
COBIJA,salud sexual y reproductiva,hemorragia de la primera mitad del embarazo (< 22 sem) termino en aborto,2024-01-01,0,0,0,0,5,1,0,0,0,0,5,1,6
COCHABAMBA,salud sexual y reproductiva,hemorragia de la primera mitad del embarazo (< 22 sem) termino en aborto,2024-01-01,0,0,10,1,4,4,1,0,0,0,15,5,20
COMARAPA,salud sexual y reproductiva,hemorragia de la primera mitad del embarazo (< 22 sem) termino en aborto,2024-01-01,0,0,1,0,7,0,0,0,0,0,8,0,8
CONCEPCION,salud sexual y reproductiva,hemorragia de la primera mitad del embarazo (< 22 sem) termino en aborto,2024-01-01,0,0,0,0,5,0,0,0,0,0,5,0,5
EL ALTO,salud sexual y reproductiva,hemorragia de la primera mitad del embarazo (< 22 sem) termino en aborto,2024-01-01,0,0,2,0,39,0,5,0,0,0,46,0,46
ENTRE RIOS TRJ,salud sexual y reproductiva,hemorragia de la primera mitad del embarazo (< 22 sem) termino en aborto,2024-01-01,0,0,0,0,1,0,0,0,0,0,1,0,1
GUAYARAMERIN,salud sexual y reproductiva,hemorragia de la primera mitad del embarazo (< 22 sem) termino en aborto,2024-01-01,0,0,0,0,1,0,0,0,0,0,1,0,1
HUANUNI,salud sexual y reproductiva,hemorragia de la primera mitad del embarazo (< 22 sem) termino en aborto,2024-01-01,0,0,0,0,2,0,0,0,0,0,2,0,2
INCAHUASI,salud sexual y reproductiva,hemorragia de la primera mitad del embarazo (< 22 sem) termino en aborto,2024-01-01,0,0,0,0,1,0,0,0,0,0,1,0,1
LA PAZ,salud sexual y reproductiva,hemorragia de la primera mitad del embarazo (< 22 sem) termino en aborto,2024-01-01,0,0,0,0,29,0,2,0,0,0,31,0,31
LLALLAGUA,salud sexual y reproductiva,hemorragia de la primera mitad del embarazo (< 22 sem) termino en aborto,2024-01-01,0,0,2,0,15,0,3,0,0,0,20,0,20
MAIRANA,salud sexual y reproductiva,hemorragia de la primera mitad del embarazo (< 22 sem) termino en aborto,2024-01-01,0,0,0,0,5,0,0,0,0,0,5,0,5
ORURO,salud sexual y reproductiva,hemorragia de la primera mitad del embarazo (< 22 sem) termino en aborto,2024-01-01,0,0,6,0,55,0,12,0,0,0,73,0,73
PADILLA,salud sexual y reproductiva,hemorragia de la primera mitad del embarazo (< 22 sem) termino en aborto,2024-01-01,0,0,2,0,2,0,0,0,0,0,4,0,4
POTOSI,salud sexual y reproductiva,hemorragia de la primera mitad del embarazo (< 22 sem) termino en aborto,2024-01-01,0,0,0,0,13,2,1,1,0,0,14,3,17
PUERTO VILLARROEL,salud sexual y reproductiva,hemorragia de la primera mitad del embarazo (< 22 sem) termino en aborto,2024-01-01,0,0,0,2,1,1,0,0,0,0,1,3,4
PUNATA,salud sexual y reproductiva,hemorragia de la primera mitad del embarazo (< 22 sem) termino en aborto,2024-01-01,0,0,0,0,1,0,0,0,0,0,1,0,1
ROBORE,salud sexual y reproductiva,hemorragia de la primera mitad del embarazo (< 22 sem) termino en aborto,2024-01-01,0,0,0,0,4,0,0,0,0,0,4,0,4
SAN BORJA,salud sexual y reproductiva,hemorragia de la primera mitad del embarazo (< 22 sem) termino en aborto,2024-01-01,0,0,0,0,5,0,0,0,0,0,5,0,5
SAN JAVIER(STC),salud sexual y reproductiva,hemorragia de la primera mitad del embarazo (< 22 sem) termino en aborto,2024-01-01,0,0,0,1,0,0,0,1,0,0,0,2,2
SAN LUCAS,salud sexual y reproductiva,hemorragia de la primera mitad del embarazo (< 22 sem) termino en aborto,2024-01-01,0,0,0,0,0,3,0,3,0,0,0,6,6
SAN RAMON BENI,salud sexual y reproductiva,hemorragia de la primera mitad del embarazo (< 22 sem) termino en aborto,2024-01-01,0,0,0,0,0,0,1,0,0,0,1,0,1
SANTA CRUZ DE LA SIERRA,salud sexual y reproductiva,hemorragia de la primera mitad del embarazo (< 22 sem) termino en aborto,2024-01-01,0,0,10,0,37,25,3,0,0,0,50,25,75
SUCRE,salud sexual y reproductiva,hemorragia de la primera mitad del embarazo (< 22 sem) termino en aborto,2024-01-01,0,1,4,1,18,6,3,0,0,0,25,8,33
TARIJA,salud sexual y reproductiva,hemorragia de la primera mitad del embarazo (< 22 sem) termino en aborto,2024-01-01,0,0,3,0,28,0,1,0,0,0,32,0,32
TRINIDAD,salud sexual y reproductiva,hemorragia de la primera mitad del embarazo (< 22 sem) termino en aborto,2024-01-01,0,0,1,0,0,0,0,0,0,0,1,0,1
VIACHA,salud sexual y reproductiva,hemorragia de la primera mitad del embarazo (< 22 sem) termino en aborto,2024-01-01,0,0,0,0,1,0,0,0,0,0,1,0,1
VILLA MONTES,salud sexual y reproductiva,hemorragia de la primera mitad del embarazo (< 22 sem) termino en aborto,2024-01-01,0,0,2,0,6,0,0,0,0,0,8,0,8
VILLAZON,salud sexual y reproductiva,hemorragia de la primera mitad del embarazo (< 22 sem) termino en aborto,2024-01-01,0,0,2,1,3,2,0,0,0,0,5,3,8
WARNES,salud sexual y reproductiva,hemorragia de la primera mitad del embarazo (< 22 sem) termino en aborto,2024-01-01,0,0,0,0,3,1,0,0,0,0,3,1,4
ASCENCION DE GUARAYOS,salud sexual y reproductiva,hemorragia de la primera mitad del embarazo (< 22 sem) termino en aborto,2024-02-01,0,0,0,0,1,0,1,0,0,0,2,0,2
COCHABAMBA,salud sexual y reproductiva,hemorragia de la primera mitad del embarazo (< 22 sem) termino en aborto,2024-02-01,0,0,4,0,18,8,1,0,0,0,23,8,31
COLQUECHACA,salud sexual y reproductiva,hemorragia de la primera mitad del embarazo (< 22 sem) termino en aborto,2024-02-01,0,0,0,0,0,1,0,0,0,0,0,1,1
COMARAPA,salud sexual y reproductiva,hemorragia de la primera mitad del embarazo (< 22 sem) termino en aborto,2024-02-01,0,0,0,0,3,0,0,0,0,0,3,0,3
CONCEPCION,salud sexual y reproductiva,hemorragia de la primera mitad del embarazo (< 22 sem) termino en aborto,2024-02-01,0,0,0,0,2,0,0,0,0,0,2,0,2
EL ALTO,salud sexual y reproductiva,hemorragia de la primera mitad del embarazo (< 22 sem) termino en aborto,2024-02-01,0,0,4,0,35,1,6,0,0,0,45,1,46
EL TORNO,salud sexual y reproductiva,hemorragia de la primera mitad del embarazo (< 22 sem) termino en aborto,2024-02-01,0,0,0,0,4,0,0,0,0,0,4,0,4
ENTRE RIOS TRJ,salud sexual y reproductiva,hemorragia de la primera mitad del embarazo (< 22 sem) termino en aborto,2024-02-01,0,0,0,0,1,0,0,0,0,0,1,0,1
GUAYARAMERIN,salud sexual y reproductiva,hemorragia de la primera mitad del embarazo (< 22 sem) termino en aborto,2024-02-01,0,0,0,0,1,0,0,0,0,0,1,0,1
LA PAZ,salud sexual y reproductiva,hemorragia de la primera mitad del embarazo (< 22 sem) termino en aborto,2024-02-01,0,0,0,0,6,0,0,0,0,0,6,0,6
LLALLAGUA,salud sexual y reproductiva,hemorragia de la primera mitad del embarazo (< 22 sem) termino en aborto,2024-02-01,0,0,1,0,9,0,1,0,0,0,11,0,11
MAIRANA,salud sexual y reproductiva,hemorragia de la primera mitad del embarazo (< 22 sem) termino en aborto,2024-02-01,0,0,1,0,3,0,0,0,0,0,4,0,4
MONTEAGUDO,salud sexual y reproductiva,hemorragia de la primera mitad del embarazo (< 22 sem) termino en aborto,2024-02-01,0,0,0,0,5,0,0,0,0,0,5,0,5
ORURO,salud sexual y reproductiva,hemorragia de la primera mitad del embarazo (< 22 sem) termino en aborto,2024-02-01,0,0,0,0,36,0,8,0,0,0,44,0,44
POTOSI,salud sexual y reproductiva,hemorragia de la primera mitad del embarazo (< 22 sem) termino en aborto,2024-02-01,0,0,0,0,26,1,0,2,0,0,26,3,29
PUERTO VILLARROEL,salud sexual y reproductiva,hemorragia de la primera mitad del embarazo (< 22 sem) termino en aborto,2024-02-01,0,0,5,0,25,2,0,1,0,0,30,3,33
PUNATA,salud sexual y reproductiva,hemorragia de la primera mitad del embarazo (< 22 sem) termino en aborto,2024-02-01,0,0,0,0,1,0,0,0,0,0,1,0,1
ROBORE,salud sexual y reproductiva,hemorragia de la primera mitad del embarazo (< 22 sem) termino en aborto,2024-02-01,0,0,1,0,3,0,0,0,0,0,4,0,4
SAN BORJA,salud sexual y reproductiva,hemorragia de la primera mitad del embarazo (< 22 sem) termino en aborto,2024-02-01,0,0,0,0,2,0,1,0,0,0,3,0,3
SAN IGNACIO,salud sexual y reproductiva,hemorragia de la primera mitad del embarazo (< 22 sem) termino en aborto,2024-02-01,0,0,0,0,1,0,0,0,0,0,1,0,1
SAN IGNACIO DE VELASCO,salud sexual y reproductiva,hemorragia de la primera mitad del embarazo (< 22 sem) termino en aborto,2024-02-01,0,0,0,0,0,0,1,0,0,0,1,0,1
SAN LUCAS,salud sexual y reproductiva,hemorragia de la primera mitad del embarazo (< 22 sem) termino en aborto,2024-02-01,0,0,0,0,0,2,0,0,0,0,0,2,2
SANTA CRUZ DE LA SIERRA,salud sexual y reproductiva,hemorragia de la primera mitad del embarazo (< 22 sem) termino en aborto,2024-02-01,0,0,7,0,44,12,0,1,0,1,51,14,65
SANTA ROSA,salud sexual y reproductiva,hemorragia de la primera mitad del embarazo (< 22 sem) termino en aborto,2024-02-01,0,0,0,0,1,0,0,0,0,0,1,0,1
SANTA ROSA DEL SARA,salud sexual y reproductiva,hemorragia de la primera mitad del embarazo (< 22 sem) termino en aborto,2024-02-01,0,0,0,0,0,1,0,0,0,0,0,1,1
SUCRE,salud sexual y reproductiva,hemorragia de la primera mitad del embarazo (< 22 sem) termino en aborto,2024-02-01,0,0,5,0,39,0,0,0,0,0,44,0,44
TARIJA,salud sexual y reproductiva,hemorragia de la primera mitad del embarazo (< 22 sem) termino en aborto,2024-02-01,0,0,0,0,23,0,3,0,0,0,26,0,26
TRINIDAD,salud sexual y reproductiva,hemorragia de la primera mitad del embarazo (< 22 sem) termino en aborto,2024-02-01,0,0,2,0,2,0,1,0,0,0,5,0,5
VALLEGRANDE,salud sexual y reproductiva,hemorragia de la primera mitad del embarazo (< 22 sem) termino en aborto,2024-02-01,0,0,0,0,3,0,0,0,0,0,3,0,3
VIACHA,salud sexual y reproductiva,hemorragia de la primera mitad del embarazo (< 22 sem) termino en aborto,2024-02-01,0,0,0,0,1,0,0,0,0,0,1,0,1
VILLA MONTES,salud sexual y reproductiva,hemorragia de la primera mitad del embarazo (< 22 sem) termino en aborto,2024-02-01,0,0,1,0,7,0,0,0,0,0,8,0,8
VILLAZON,salud sexual y reproductiva,hemorragia de la primera mitad del embarazo (< 22 sem) termino en aborto,2024-02-01,0,0,6,0,6,0,3,0,0,0,15,0,15
WARNES,salud sexual y reproductiva,hemorragia de la primera mitad del embarazo (< 22 sem) termino en aborto,2024-02-01,0,0,0,0,4,1,0,0,0,0,4,1,5
ASCENCION DE GUARAYOS,salud sexual y reproductiva,hemorragia de la primera mitad del embarazo (< 22 sem) termino en aborto,2024-03-01,0,0,1,0,0,0,0,0,0,0,1,0,1
CAMIRI,salud sexual y reproductiva,hemorragia de la primera mitad del embarazo (< 22 sem) termino en aborto,2024-03-01,0,0,0,0,1,0,1,0,0,0,2,0,2
CARACOLLO,salud sexual y reproductiva,hemorragia de la primera mitad del embarazo (< 22 sem) termino en aborto,2024-03-01,0,0,1,0,2,0,0,0,0,0,3,0,3
COBIJA,salud sexual y reproductiva,hemorragia de la primera mitad del embarazo (< 22 sem) termino en aborto,2024-03-01,1,0,2,0,10,0,0,0,0,0,13,0,13
COCHABAMBA,salud sexual y reproductiva,hemorragia de la primera mitad del embarazo (< 22 sem) termino en aborto,2024-03-01,0,0,0,1,10,2,0,0,0,0,10,3,13
CONCEPCION,salud sexual y reproductiva,hemorragia de la primera mitad del embarazo (< 22 sem) termino en aborto,2024-03-01,0,0,1,0,1,0,0,0,0,0,2,0,2
EL ALTO,salud sexual y reproductiva,hemorragia de la primera mitad del embarazo (< 22 sem) termino en aborto,2024-03-01,0,0,1,1,29,0,2,0,0,0,32,1,33
GUAYARAMERIN,salud sexual y reproductiva,hemorragia de la primera mitad del embarazo (< 22 sem) termino en aborto,2024-03-01,0,0,0,0,9,0,0,0,0,0,9,0,9
GUTIERREZ,salud sexual y reproductiva,hemorragia de la primera mitad del embarazo (< 22 sem) termino en aborto,2024-03-01,0,0,3,0,1,0,0,0,0,0,4,0,4
LA PAZ,salud sexual y reproductiva,hemorragia de la primera mitad del embarazo (< 22 sem) termino en aborto,2024-03-01,0,0,0,0,22,0,2,0,0,0,24,0,24
MAIRANA,salud sexual y reproductiva,hemorragia de la primera mitad del embarazo (< 22 sem) termino en aborto,2024-03-01,0,0,0,0,1,0,1,0,0,0,2,0,2
MONTEAGUDO,salud sexual y reproductiva,hemorragia de la primera mitad del embarazo (< 22 sem) termino en aborto,2024-03-01,2,0,0,0,1,0,0,0,0,0,3,0,3
ORURO,salud sexual y reproductiva,hemorragia de la primera mitad del embarazo (< 22 sem) termino en aborto,2024-03-01,0,0,4,0,32,1,9,0,0,0,45,1,46
PADILLA,salud sexual y reproductiva,hemorragia de la primera mitad del embarazo (< 22 sem) termino en aborto,2024-03-01,1,0,0,0,1,0,1,0,0,0,3,0,3
POTOSI,salud sexual y reproductiva,hemorragia de la primera mitad del embarazo (< 22 sem) termino en aborto,2024-03-01,0,0,0,0,4,4,2,3,0,0,6,7,13
PUNATA,salud sexual y reproductiva,hemorragia de la primera mitad del embarazo (< 22 sem) termino en aborto,2024-03-01,0,0,0,0,1,0,0,0,0,0,1,0,1
ROBORE,salud sexual y reproductiva,hemorragia de la primera mitad del embarazo (< 22 sem) termino en aborto,2024-03-01,0,0,3,0,2,0,0,0,0,0,5,0,5
SAN BORJA,salud sexual y reproductiva,hemorragia de la primera mitad del embarazo (< 22 sem) termino en aborto,2024-03-01,1,0,1,0,1,0,0,0,1,0,4,0,4
SAN IGNACIO,salud sexual y reproductiva,hemorragia de la primera mitad del embarazo (< 22 sem) termino en aborto,2024-03-01,0,0,1,0,2,0,0,0,0,0,3,0,3
SAN IGNACIO DE VELASCO,salud sexual y reproductiva,hemorragia de la primera mitad del embarazo (< 22 sem) termino en aborto,2024-03-01,0,0,0,0,5,0,1,0,0,0,6,0,6
SAN JAVIER(STC),salud sexual y reproductiva,hemorragia de la primera mitad del embarazo (< 22 sem) termino en aborto,2024-03-01,0,0,0,0,0,1,0,0,0,0,0,1,1
SAN LUCAS,salud sexual y reproductiva,hemorragia de la primera mitad del embarazo (< 22 sem) termino en aborto,2024-03-01,0,0,0,0,0,1,0,0,0,0,0,1,1
SAN PEDRO DE MACHA,salud sexual y reproductiva,hemorragia de la primera mitad del embarazo (< 22 sem) termino en aborto,2024-03-01,0,0,0,0,0,1,0,0,0,0,0,1,1
SANTA CRUZ DE LA SIERRA,salud sexual y reproductiva,hemorragia de la primera mitad del embarazo (< 22 sem) termino en aborto,2024-03-01,0,0,6,1,52,16,5,3,0,0,63,20,83
SUCRE,salud sexual y reproductiva,hemorragia de la primera mitad del embarazo (< 22 sem) termino en aborto,2024-03-01,0,0,6,0,32,1,5,0,0,0,43,1,44
TARIJA,salud sexual y reproductiva,hemorragia de la primera mitad del embarazo (< 22 sem) termino en aborto,2024-03-01,0,0,5,0,14,0,1,0,1,0,21,0,21
TRINIDAD,salud sexual y reproductiva,hemorragia de la primera mitad del embarazo (< 22 sem) termino en aborto,2024-03-01,0,0,1,0,5,0,0,0,0,0,6,0,6
UYUNI,salud sexual y reproductiva,hemorragia de la primera mitad del embarazo (< 22 sem) termino en aborto,2024-03-01,0,0,1,0,2,0,0,0,0,0,3,0,3
VALLEGRANDE,salud sexual y reproductiva,hemorragia de la primera mitad del embarazo (< 22 sem) termino en aborto,2024-03-01,0,0,0,0,1,0,0,0,0,0,1,0,1
VILLA CHARCAS,salud sexual y reproductiva,hemorragia de la primera mitad del embarazo (< 22 sem) termino en aborto,2024-03-01,0,0,0,0,0,2,0,0,0,0,0,2,2
VILLA MONTES,salud sexual y reproductiva,hemorragia de la primera mitad del embarazo (< 22 sem) termino en aborto,2024-03-01,0,0,1,0,3,0,0,0,0,0,4,0,4
VILLAZON,salud sexual y reproductiva,hemorragia de la primera mitad del embarazo (< 22 sem) termino en aborto,2024-03-01,0,0,0,0,5,0,3,0,0,0,8,0,8
WARNES,salud sexual y reproductiva,hemorragia de la primera mitad del embarazo (< 22 sem) termino en aborto,2024-03-01,0,0,2,0,8,2,0,0,0,0,10,2,12
YACUIBA,salud sexual y reproductiva,hemorragia de la primera mitad del embarazo (< 22 sem) termino en aborto,2024-03-01,0,0,0,0,0,2,0,0,0,0,0,2,2
YOTALA,salud sexual y reproductiva,hemorragia de la primera mitad del embarazo (< 22 sem) termino en aborto,2024-03-01,0,0,0,0,1,0,0,0,0,0,1,0,1
ASCENCION DE GUARAYOS,salud sexual y reproductiva,hemorragia de la primera mitad del embarazo (< 22 sem) termino en aborto,2024-04-01,0,0,0,0,1,1,0,0,0,0,1,1,2
CAMARGO,salud sexual y reproductiva,hemorragia de la primera mitad del embarazo (< 22 sem) termino en aborto,2024-04-01,0,0,1,0,0,0,0,0,0,0,1,0,1
CAMIRI,salud sexual y reproductiva,hemorragia de la primera mitad del embarazo (< 22 sem) termino en aborto,2024-04-01,0,0,1,0,4,0,1,0,0,0,6,0,6
CARACOLLO,salud sexual y reproductiva,hemorragia de la primera mitad del embarazo (< 22 sem) termino en aborto,2024-04-01,0,0,0,0,2,2,0,0,0,0,2,2,4
CARMEN RIVERO TORREZ,salud sexual y reproductiva,hemorragia de la primera mitad del embarazo (< 22 sem) termino en aborto,2024-04-01,0,0,0,0,1,0,0,0,0,0,1,0,1
COBIJA,salud sexual y reproductiva,hemorragia de la primera mitad del embarazo (< 22 sem) termino en aborto,2024-04-01,1,0,0,0,10,0,0,0,0,0,11,0,11
COCHABAMBA,salud sexual y reproductiva,hemorragia de la primera mitad del embarazo (< 22 sem) termino en aborto,2024-04-01,0,0,1,0,9,3,6,0,0,0,16,3,19
COMARAPA,salud sexual y reproductiva,hemorragia de la primera mitad del embarazo (< 22 sem) termino en aborto,2024-04-01,0,0,0,0,1,0,0,0,0,0,1,0,1
CONCEPCION,salud sexual y reproductiva,hemorragia de la primera mitad del embarazo (< 22 sem) termino en aborto,2024-04-01,0,0,0,0,4,0,0,0,0,0,4,0,4
CULPINA,salud sexual y reproductiva,hemorragia de la primera mitad del embarazo (< 22 sem) termino en aborto,2024-04-01,0,0,0,0,0,0,0,1,0,0,0,1,1
EL ALTO,salud sexual y reproductiva,hemorragia de la primera mitad del embarazo (< 22 sem) termino en aborto,2024-04-01,0,0,1,1,34,0,1,0,0,0,36,1,37
ENTRE RIOS TRJ,salud sexual y reproductiva,hemorragia de la primera mitad del embarazo (< 22 sem) termino en aborto,2024-04-01,0,0,0,0,1,0,0,0,0,0,1,0,1
GUAYARAMERIN,salud sexual y reproductiva,hemorragia de la primera mitad del embarazo (< 22 sem) termino en aborto,2024-04-01,0,0,1,0,7,0,0,0,0,0,8,0,8
LA PAZ,salud sexual y reproductiva,hemorragia de la primera mitad del embarazo (< 22 sem) termino en aborto,2024-04-01,0,0,2,0,28,0,6,0,0,0,36,0,36
MAIRANA,salud sexual y reproductiva,hemorragia de la primera mitad del embarazo (< 22 sem) termino en aborto,2024-04-01,0,0,0,0,3,0,0,0,0,0,3,0,3
MONTERO,salud sexual y reproductiva,hemorragia de la primera mitad del embarazo (< 22 sem) termino en aborto,2024-04-01,0,0,0,0,1,0,0,0,0,0,1,0,1
OCURI,salud sexual y reproductiva,hemorragia de la primera mitad del embarazo (< 22 sem) termino en aborto,2024-04-01,0,0,0,0,0,1,0,0,0,0,0,1,1
ORURO,salud sexual y reproductiva,hemorragia de la primera mitad del embarazo (< 22 sem) termino en aborto,2024-04-01,0,0,4,0,39,1,15,0,0,0,58,1,59
PADILLA,salud sexual y reproductiva,hemorragia de la primera mitad del embarazo (< 22 sem) termino en aborto,2024-04-01,0,0,0,0,4,0,0,0,0,0,4,0,4
POROMA,salud sexual y reproductiva,hemorragia de la primera mitad del embarazo (< 22 sem) termino en aborto,2024-04-01,0,0,0,0,0,1,0,0,0,0,0,1,1
POTOSI,salud sexual y reproductiva,hemorragia de la primera mitad del embarazo (< 22 sem) termino en aborto,2024-04-01,0,0,1,0,3,6,0,1,0,0,4,7,11
PRESTO,salud sexual y reproductiva,hemorragia de la primera mitad del embarazo (< 22 sem) termino en aborto,2024-04-01,0,0,0,0,2,0,0,0,0,0,2,0,2
PUNATA,salud sexual y reproductiva,hemorragia de la primera mitad del embarazo (< 22 sem) termino en aborto,2024-04-01,0,0,3,0,11,3,2,0,0,0,16,3,19
SACABA,salud sexual y reproductiva,hemorragia de la primera mitad del embarazo (< 22 sem) termino en aborto,2024-04-01,0,0,0,0,16,0,1,0,0,0,17,0,17
SAN IGNACIO,salud sexual y reproductiva,hemorragia de la primera mitad del embarazo (< 22 sem) termino en aborto,2024-04-01,0,0,0,0,1,0,1,0,0,0,2,0,2
SAN JULIAN,salud sexual y reproductiva,hemorragia de la primera mitad del embarazo (< 22 sem) termino en aborto,2024-04-01,0,0,1,0,0,1,0,0,0,0,1,1,2
SANTA CRUZ DE LA SIERRA,salud sexual y reproductiva,hemorragia de la primera mitad del embarazo (< 22 sem) termino en aborto,2024-04-01,0,0,2,2,51,14,3,4,0,0,56,20,76
SHINAOTA,salud sexual y reproductiva,hemorragia de la primera mitad del embarazo (< 22 sem) termino en aborto,2024-04-01,0,0,1,0,2,0,0,0,0,0,3,0,3
SUCRE,salud sexual y reproductiva,hemorragia de la primera mitad del embarazo (< 22 sem) termino en aborto,2024-04-01,0,0,1,0,46,2,6,0,0,0,53,2,55
TARIJA,salud sexual y reproductiva,hemorragia de la primera mitad del embarazo (< 22 sem) termino en aborto,2024-04-01,0,0,4,0,25,0,5,0,0,0,34,0,34
TRINIDAD,salud sexual y reproductiva,hemorragia de la primera mitad del embarazo (< 22 sem) termino en aborto,2024-04-01,0,0,6,0,13,0,0,0,0,0,19,0,19
VIACHA,salud sexual y reproductiva,hemorragia de la primera mitad del embarazo (< 22 sem) termino en aborto,2024-04-01,0,0,0,0,3,0,0,0,0,0,3,0,3
VILLAZON,salud sexual y reproductiva,hemorragia de la primera mitad del embarazo (< 22 sem) termino en aborto,2024-04-01,0,0,0,0,5,0,0,0,0,0,5,0,5
WARNES,salud sexual y reproductiva,hemorragia de la primera mitad del embarazo (< 22 sem) termino en aborto,2024-04-01,0,0,0,1,17,9,0,0,0,0,17,10,27
ASCENCION DE GUARAYOS,salud sexual y reproductiva,hemorragia de la primera mitad del embarazo (< 22 sem) termino en aborto,2024-05-01,0,0,0,0,3,0,0,0,0,0,3,0,3
AYOPAYA (V. DE INDEPENDENCIA),salud sexual y reproductiva,hemorragia de la primera mitad del embarazo (< 22 sem) termino en aborto,2024-05-01,0,0,0,0,1,0,1,0,0,0,2,0,2
CAMIRI,salud sexual y reproductiva,hemorragia de la primera mitad del embarazo (< 22 sem) termino en aborto,2024-05-01,0,0,3,0,5,0,0,0,0,0,8,0,8
CARACOLLO,salud sexual y reproductiva,hemorragia de la primera mitad del embarazo (< 22 sem) termino en aborto,2024-05-01,0,0,2,0,3,1,0,0,0,0,5,1,6
COBIJA,salud sexual y reproductiva,hemorragia de la primera mitad del embarazo (< 22 sem) termino en aborto,2024-05-01,0,0,3,0,7,1,1,0,0,0,11,1,12
COCHABAMBA,salud sexual y reproductiva,hemorragia de la primera mitad del embarazo (< 22 sem) termino en aborto,2024-05-01,0,0,2,0,5,3,3,0,0,0,10,3,13
COLQUECHACA,salud sexual y reproductiva,hemorragia de la primera mitad del embarazo (< 22 sem) termino en aborto,2024-05-01,0,0,1,0,1,2,0,0,0,0,2,2,4
COMARAPA,salud sexual y reproductiva,hemorragia de la primera mitad del embarazo (< 22 sem) termino en aborto,2024-05-01,0,0,1,0,3,0,1,0,0,0,5,0,5
CONCEPCION,salud sexual y reproductiva,hemorragia de la primera mitad del embarazo (< 22 sem) termino en aborto,2024-05-01,0,0,0,2,1,0,0,0,0,0,1,2,3
EL ALTO,salud sexual y reproductiva,hemorragia de la primera mitad del embarazo (< 22 sem) termino en aborto,2024-05-01,0,0,1,0,26,3,5,0,0,0,32,3,35
ESCOMA,salud sexual y reproductiva,hemorragia de la primera mitad del embarazo (< 22 sem) termino en aborto,2024-05-01,0,0,1,0,0,0,0,0,0,0,1,0,1
GUAYARAMERIN,salud sexual y reproductiva,hemorragia de la primera mitad del embarazo (< 22 sem) termino en aborto,2024-05-01,0,0,3,0,2,0,0,0,0,0,5,0,5
HUANUNI,salud sexual y reproductiva,hemorragia de la primera mitad del embarazo (< 22 sem) termino en aborto,2024-05-01,0,0,0,0,3,0,0,0,0,0,3,0,3
INCAHUASI,salud sexual y reproductiva,hemorragia de la primera mitad del embarazo (< 22 sem) termino en aborto,2024-05-01,0,0,0,0,3,0,0,0,0,0,3,0,3
LA GUARDIA,salud sexual y reproductiva,hemorragia de la primera mitad del embarazo (< 22 sem) termino en aborto,2024-05-01,0,0,0,0,1,0,0,0,0,0,1,0,1
LA PAZ,salud sexual y reproductiva,hemorragia de la primera mitad del embarazo (< 22 sem) termino en aborto,2024-05-01,0,0,1,0,84,0,6,0,0,0,91,0,91
MONTEAGUDO,salud sexual y reproductiva,hemorragia de la primera mitad del embarazo (< 22 sem) termino en aborto,2024-05-01,0,0,0,0,2,0,0,0,0,0,2,0,2
MONTERO,salud sexual y reproductiva,hemorragia de la primera mitad del embarazo (< 22 sem) termino en aborto,2024-05-01,0,0,0,0,1,0,0,0,0,0,1,0,1
ORURO,salud sexual y reproductiva,hemorragia de la primera mitad del embarazo (< 22 sem) termino en aborto,2024-05-01,1,0,5,0,77,0,11,0,0,0,94,0,94
PADILLA,salud sexual y reproductiva,hemorragia de la primera mitad del embarazo (< 22 sem) termino en aborto,2024-05-01,0,0,1,0,1,0,1,0,0,0,3,0,3
POROMA,salud sexual y reproductiva,hemorragia de la primera mitad del embarazo (< 22 sem) termino en aborto,2024-05-01,0,0,0,1,0,0,0,0,0,0,0,1,1
POTOSI,salud sexual y reproductiva,hemorragia de la primera mitad del embarazo (< 22 sem) termino en aborto,2024-05-01,0,0,1,0,13,10,0,0,0,0,14,10,24
PRESTO,salud sexual y reproductiva,hemorragia de la primera mitad del embarazo (< 22 sem) termino en aborto,2024-05-01,0,0,0,0,1,0,0,0,0,0,1,0,1
PUERTO VILLARROEL,salud sexual y reproductiva,hemorragia de la primera mitad del embarazo (< 22 sem) termino en aborto,2024-05-01,0,0,0,0,5,0,3,0,0,0,8,0,8
PUNATA,salud sexual y reproductiva,hemorragia de la primera mitad del embarazo (< 22 sem) termino en aborto,2024-05-01,0,0,2,0,17,0,2,0,0,0,21,0,21
ROBORE,salud sexual y reproductiva,hemorragia de la primera mitad del embarazo (< 22 sem) termino en aborto,2024-05-01,0,0,0,0,2,0,0,0,0,0,2,0,2
SACABA,salud sexual y reproductiva,hemorragia de la primera mitad del embarazo (< 22 sem) termino en aborto,2024-05-01,0,0,7,0,41,0,9,0,0,0,57,0,57
SAN IGNACIO,salud sexual y reproductiva,hemorragia de la primera mitad del embarazo (< 22 sem) termino en aborto,2024-05-01,0,0,0,0,1,0,0,0,0,0,1,0,1
SAN IGNACIO DE VELASCO,salud sexual y reproductiva,hemorragia de la primera mitad del embarazo (< 22 sem) termino en aborto,2024-05-01,0,0,0,0,5,0,0,0,0,0,5,0,5
SAN JAVIER(STC),salud sexual y reproductiva,hemorragia de la primera mitad del embarazo (< 22 sem) termino en aborto,2024-05-01,0,0,0,0,0,1,0,0,0,0,0,1,1
SAN JULIAN,salud sexual y reproductiva,hemorragia de la primera mitad del embarazo (< 22 sem) termino en aborto,2024-05-01,0,0,0,0,1,0,0,0,0,0,1,0,1
SAN LUCAS,salud sexual y reproductiva,hemorragia de la primera mitad del embarazo (< 22 sem) termino en aborto,2024-05-01,0,0,0,0,0,6,0,0,0,0,0,6,6
SAN MATIAS,salud sexual y reproductiva,hemorragia de la primera mitad del embarazo (< 22 sem) termino en aborto,2024-05-01,0,0,0,0,0,1,0,0,0,0,0,1,1
SANTA CRUZ DE LA SIERRA,salud sexual y reproductiva,hemorragia de la primera mitad del embarazo (< 22 sem) termino en aborto,2024-05-01,0,0,7,0,83,30,3,3,0,0,93,33,126
SANTA ROSA,salud sexual y reproductiva,hemorragia de la primera mitad del embarazo (< 22 sem) termino en aborto,2024-05-01,0,0,0,1,0,0,0,0,0,0,0,1,1
SUCRE,salud sexual y reproductiva,hemorragia de la primera mitad del embarazo (< 22 sem) termino en aborto,2024-05-01,0,0,5,0,53,1,4,0,0,0,62,1,63
TARIJA,salud sexual y reproductiva,hemorragia de la primera mitad del embarazo (< 22 sem) termino en aborto,2024-05-01,1,0,6,0,28,0,2,0,1,0,38,0,38
TOMINA,salud sexual y reproductiva,hemorragia de la primera mitad del embarazo (< 22 sem) termino en aborto,2024-05-01,0,0,0,0,1,0,0,0,0,0,1,0,1
TRINIDAD,salud sexual y reproductiva,hemorragia de la primera mitad del embarazo (< 22 sem) termino en aborto,2024-05-01,0,0,2,0,20,0,0,0,0,0,22,0,22
UYUNI,salud sexual y reproductiva,hemorragia de la primera mitad del embarazo (< 22 sem) termino en aborto,2024-05-01,0,0,1,0,2,0,0,0,0,0,3,0,3
VIACHA,salud sexual y reproductiva,hemorragia de la primera mitad del embarazo (< 22 sem) termino en aborto,2024-05-01,0,0,1,0,3,0,0,0,0,0,4,0,4
VILLA CHARCAS,salud sexual y reproductiva,hemorragia de la primera mitad del embarazo (< 22 sem) termino en aborto,2024-05-01,0,0,0,1,0,1,0,0,0,0,0,2,2
VILLAZON,salud sexual y reproductiva,hemorragia de la primera mitad del embarazo (< 22 sem) termino en aborto,2024-05-01,0,0,0,0,14,0,1,0,0,0,15,0,15
WARNES,salud sexual y reproductiva,hemorragia de la primera mitad del embarazo (< 22 sem) termino en aborto,2024-05-01,0,0,1,1,8,5,0,1,0,0,9,7,16
YACUIBA,salud sexual y reproductiva,hemorragia de la primera mitad del embarazo (< 22 sem) termino en aborto,2024-05-01,0,0,0,1,0,1,0,0,0,0,0,2,2
YAPACANI,salud sexual y reproductiva,hemorragia de la primera mitad del embarazo (< 22 sem) termino en aborto,2024-05-01,0,0,0,0,1,0,0,0,0,0,1,0,1
AIQUILE,salud sexual y reproductiva,hemorragia de la primera mitad del embarazo (< 22 sem) termino en aborto,2024-06-01,0,0,0,0,3,0,0,0,0,0,3,0,3
ASCENCION DE GUARAYOS,salud sexual y reproductiva,hemorragia de la primera mitad del embarazo (< 22 sem) termino en aborto,2024-06-01,0,0,1,0,2,1,0,0,0,0,3,1,4
CAMIRI,salud sexual y reproductiva,hemorragia de la primera mitad del embarazo (< 22 sem) termino en aborto,2024-06-01,0,0,0,0,2,0,0,0,0,0,2,0,2
CARACOLLO,salud sexual y reproductiva,hemorragia de la primera mitad del embarazo (< 22 sem) termino en aborto,2024-06-01,0,0,0,0,1,0,0,0,0,0,1,0,1
CARAPARI,salud sexual y reproductiva,hemorragia de la primera mitad del embarazo (< 22 sem) termino en aborto,2024-06-01,0,0,0,0,1,0,0,0,0,0,1,0,1
COBIJA,salud sexual y reproductiva,hemorragia de la primera mitad del embarazo (< 22 sem) termino en aborto,2024-06-01,0,0,2,0,9,0,0,0,0,0,11,0,11
COCHABAMBA,salud sexual y reproductiva,hemorragia de la primera mitad del embarazo (< 22 sem) termino en aborto,2024-06-01,0,0,0,0,6,4,3,1,0,0,9,5,14
COLOMI,salud sexual y reproductiva,hemorragia de la primera mitad del embarazo (< 22 sem) termino en aborto,2024-06-01,0,0,0,0,2,0,0,0,0,0,2,0,2
COLQUECHACA,salud sexual y reproductiva,hemorragia de la primera mitad del embarazo (< 22 sem) termino en aborto,2024-06-01,0,0,0,0,1,0,0,0,0,0,1,0,1
COMARAPA,salud sexual y reproductiva,hemorragia de la primera mitad del embarazo (< 22 sem) termino en aborto,2024-06-01,0,0,1,0,2,2,0,0,0,0,3,2,5
CONCEPCION,salud sexual y reproductiva,hemorragia de la primera mitad del embarazo (< 22 sem) termino en aborto,2024-06-01,0,0,1,0,3,2,0,0,0,0,4,2,6
EL ALTO,salud sexual y reproductiva,hemorragia de la primera mitad del embarazo (< 22 sem) termino en aborto,2024-06-01,0,0,4,0,23,0,2,0,0,0,29,0,29
EL TORNO,salud sexual y reproductiva,hemorragia de la primera mitad del embarazo (< 22 sem) termino en aborto,2024-06-01,0,0,0,0,3,0,0,0,0,0,3,0,3
GUAYARAMERIN,salud sexual y reproductiva,hemorragia de la primera mitad del embarazo (< 22 sem) termino en aborto,2024-06-01,0,0,4,0,10,0,0,0,0,0,14,0,14
HUANUNI,salud sexual y reproductiva,hemorragia de la primera mitad del embarazo (< 22 sem) termino en aborto,2024-06-01,0,0,0,0,2,0,0,0,0,0,2,0,2
INCAHUASI,salud sexual y reproductiva,hemorragia de la primera mitad del embarazo (< 22 sem) termino en aborto,2024-06-01,0,0,0,0,1,0,0,0,0,0,1,0,1
LA PAZ,salud sexual y reproductiva,hemorragia de la primera mitad del embarazo (< 22 sem) termino en aborto,2024-06-01,0,0,1,0,56,0,4,0,0,0,61,0,61
MONTEAGUDO,salud sexual y reproductiva,hemorragia de la primera mitad del embarazo (< 22 sem) termino en aborto,2024-06-01,0,0,0,0,1,0,0,0,0,0,1,0,1
ORURO,salud sexual y reproductiva,hemorragia de la primera mitad del embarazo (< 22 sem) termino en aborto,2024-06-01,0,0,8,0,48,0,5,0,0,0,61,0,61
PADILLA,salud sexual y reproductiva,hemorragia de la primera mitad del embarazo (< 22 sem) termino en aborto,2024-06-01,0,0,0,0,2,0,0,0,0,0,2,0,2
POCOATA,salud sexual y reproductiva,hemorragia de la primera mitad del embarazo (< 22 sem) termino en aborto,2024-06-01,0,0,0,0,0,1,0,0,0,0,0,1,1
POTOSI,salud sexual y reproductiva,hemorragia de la primera mitad del embarazo (< 22 sem) termino en aborto,2024-06-01,0,0,0,0,13,7,0,0,0,0,13,7,20
PUERTO VILLARROEL,salud sexual y reproductiva,hemorragia de la primera mitad del embarazo (< 22 sem) termino en aborto,2024-06-01,0,0,1,0,12,1,0,0,0,0,13,1,14
PUNATA,salud sexual y reproductiva,hemorragia de la primera mitad del embarazo (< 22 sem) termino en aborto,2024-06-01,0,0,20,0,23,0,2,0,0,0,45,0,45
ROBORE,salud sexual y reproductiva,hemorragia de la primera mitad del embarazo (< 22 sem) termino en aborto,2024-06-01,0,0,0,0,1,0,0,0,0,0,1,0,1
SACABA,salud sexual y reproductiva,hemorragia de la primera mitad del embarazo (< 22 sem) termino en aborto,2024-06-01,0,0,5,0,27,0,3,0,0,0,35,0,35
SAN BORJA,salud sexual y reproductiva,hemorragia de la primera mitad del embarazo (< 22 sem) termino en aborto,2024-06-01,0,0,0,0,3,0,1,0,0,0,4,0,4
SAN IGNACIO DE VELASCO,salud sexual y reproductiva,hemorragia de la primera mitad del embarazo (< 22 sem) termino en aborto,2024-06-01,0,0,1,0,3,0,0,0,0,0,4,0,4
SAN JAVIER(STC),salud sexual y reproductiva,hemorragia de la primera mitad del embarazo (< 22 sem) termino en aborto,2024-06-01,0,0,0,0,0,0,0,1,0,0,0,1,1
SAN LUCAS,salud sexual y reproductiva,hemorragia de la primera mitad del embarazo (< 22 sem) termino en aborto,2024-06-01,0,0,0,1,0,2,0,1,0,0,0,4,4
SANTA CRUZ DE LA SIERRA,salud sexual y reproductiva,hemorragia de la primera mitad del embarazo (< 22 sem) termino en aborto,2024-06-01,0,0,15,0,72,22,3,1,0,0,90,23,113
SUCRE,salud sexual y reproductiva,hemorragia de la primera mitad del embarazo (< 22 sem) termino en aborto,2024-06-01,0,0,1,0,35,9,7,0,0,0,43,9,52
TARIJA,salud sexual y reproductiva,hemorragia de la primera mitad del embarazo (< 22 sem) termino en aborto,2024-06-01,0,0,6,0,18,2,2,0,0,0,26,2,28
TRINIDAD,salud sexual y reproductiva,hemorragia de la primera mitad del embarazo (< 22 sem) termino en aborto,2024-06-01,0,0,4,0,14,0,2,0,0,0,20,0,20
VIACHA,salud sexual y reproductiva,hemorragia de la primera mitad del embarazo (< 22 sem) termino en aborto,2024-06-01,0,0,0,0,3,0,0,0,0,0,3,0,3
VILLA MONTES,salud sexual y reproductiva,hemorragia de la primera mitad del embarazo (< 22 sem) termino en aborto,2024-06-01,0,0,0,0,1,0,0,0,0,0,1,0,1
VILLA TUNARI,salud sexual y reproductiva,hemorragia de la primera mitad del embarazo (< 22 sem) termino en aborto,2024-06-01,0,0,0,0,2,0,0,0,0,0,2,0,2
VILLAZON,salud sexual y reproductiva,hemorragia de la primera mitad del embarazo (< 22 sem) termino en aborto,2024-06-01,0,0,0,0,7,0,0,0,0,0,7,0,7
VITICHI,salud sexual y reproductiva,hemorragia de la primera mitad del embarazo (< 22 sem) termino en aborto,2024-06-01,0,0,0,0,0,1,0,0,0,0,0,1,1
WARNES,salud sexual y reproductiva,hemorragia de la primera mitad del embarazo (< 22 sem) termino en aborto,2024-06-01,0,0,6,3,13,1,0,0,0,0,19,4,23
ASCENCION DE GUARAYOS,salud sexual y reproductiva,hemorragia de la primera mitad del embarazo (< 22 sem) termino en aborto,2024-07-01,0,0,2,2,9,4,1,0,0,0,12,6,18
CAMIRI,salud sexual y reproductiva,hemorragia de la primera mitad del embarazo (< 22 sem) termino en aborto,2024-07-01,0,0,2,0,9,0,0,0,0,0,11,0,11
CARACOLLO,salud sexual y reproductiva,hemorragia de la primera mitad del embarazo (< 22 sem) termino en aborto,2024-07-01,0,0,0,0,8,0,0,0,0,0,8,0,8
COBIJA,salud sexual y reproductiva,hemorragia de la primera mitad del embarazo (< 22 sem) termino en aborto,2024-07-01,0,0,1,0,20,4,1,0,0,0,22,4,26
COCHABAMBA,salud sexual y reproductiva,hemorragia de la primera mitad del embarazo (< 22 sem) termino en aborto,2024-07-01,0,0,0,0,6,0,4,0,0,0,10,0,10
COMARAPA,salud sexual y reproductiva,hemorragia de la primera mitad del embarazo (< 22 sem) termino en aborto,2024-07-01,0,0,0,0,3,0,0,0,0,0,3,0,3
CONCEPCION,salud sexual y reproductiva,hemorragia de la primera mitad del embarazo (< 22 sem) termino en aborto,2024-07-01,0,0,0,0,7,0,1,0,0,0,8,0,8
COTOCA,salud sexual y reproductiva,hemorragia de la primera mitad del embarazo (< 22 sem) termino en aborto,2024-07-01,1,0,3,0,9,0,3,0,0,0,16,0,16
EL ALTO,salud sexual y reproductiva,hemorragia de la primera mitad del embarazo (< 22 sem) termino en aborto,2024-07-01,0,0,3,0,28,0,3,0,0,0,34,0,34
ENTRE RIOS TRJ,salud sexual y reproductiva,hemorragia de la primera mitad del embarazo (< 22 sem) termino en aborto,2024-07-01,0,0,0,0,0,0,2,0,0,0,2,0,2
GUAYARAMERIN,salud sexual y reproductiva,hemorragia de la primera mitad del embarazo (< 22 sem) termino en aborto,2024-07-01,0,0,0,0,9,0,1,0,0,0,10,0,10
HUANUNI,salud sexual y reproductiva,hemorragia de la primera mitad del embarazo (< 22 sem) termino en aborto,2024-07-01,0,0,0,0,2,0,0,0,0,0,2,0,2
INCAHUASI,salud sexual y reproductiva,hemorragia de la primera mitad del embarazo (< 22 sem) termino en aborto,2024-07-01,0,0,0,0,1,3,0,0,0,0,1,3,4
LA PAZ,salud sexual y reproductiva,hemorragia de la primera mitad del embarazo (< 22 sem) termino en aborto,2024-07-01,0,0,2,0,79,1,6,0,0,0,87,1,88
MAIRANA,salud sexual y reproductiva,hemorragia de la primera mitad del embarazo (< 22 sem) termino en aborto,2024-07-01,1,0,0,0,3,0,0,0,0,0,4,0,4
MIZQUE,salud sexual y reproductiva,hemorragia de la primera mitad del embarazo (< 22 sem) termino en aborto,2024-07-01,0,0,0,0,1,0,0,0,0,0,1,0,1
MONTEAGUDO,salud sexual y reproductiva,hemorragia de la primera mitad del embarazo (< 22 sem) termino en aborto,2024-07-01,0,0,0,0,4,0,3,0,0,0,7,0,7
ORURO,salud sexual y reproductiva,hemorragia de la primera mitad del embarazo (< 22 sem) termino en aborto,2024-07-01,1,0,9,0,55,1,12,0,0,0,77,1,78
PADILLA,salud sexual y reproductiva,hemorragia de la primera mitad del embarazo (< 22 sem) termino en aborto,2024-07-01,0,0,1,0,4,0,0,0,0,0,5,0,5
POTOSI,salud sexual y reproductiva,hemorragia de la primera mitad del embarazo (< 22 sem) termino en aborto,2024-07-01,0,0,1,0,16,3,0,1,0,0,17,4,21
PUERTO VILLARROEL,salud sexual y reproductiva,hemorragia de la primera mitad del embarazo (< 22 sem) termino en aborto,2024-07-01,0,0,6,0,19,0,2,0,0,0,27,0,27
PUNATA,salud sexual y reproductiva,hemorragia de la primera mitad del embarazo (< 22 sem) termino en aborto,2024-07-01,0,0,0,0,0,1,1,0,0,0,1,1,2
ROBORE,salud sexual y reproductiva,hemorragia de la primera mitad del embarazo (< 22 sem) termino en aborto,2024-07-01,0,0,0,0,2,0,0,0,0,0,2,0,2
SACABA,salud sexual y reproductiva,hemorragia de la primera mitad del embarazo (< 22 sem) termino en aborto,2024-07-01,0,0,6,0,58,0,3,0,0,0,67,0,67
SAN IGNACIO,salud sexual y reproductiva,hemorragia de la primera mitad del embarazo (< 22 sem) termino en aborto,2024-07-01,0,0,0,0,2,0,0,0,0,0,2,0,2
SAN IGNACIO DE VELASCO,salud sexual y reproductiva,hemorragia de la primera mitad del embarazo (< 22 sem) termino en aborto,2024-07-01,0,0,1,0,1,0,0,0,0,0,2,0,2
SAN JAVIER(STC),salud sexual y reproductiva,hemorragia de la primera mitad del embarazo (< 22 sem) termino en aborto,2024-07-01,0,0,0,0,0,3,0,0,0,0,0,3,3
SAN JULIAN,salud sexual y reproductiva,hemorragia de la primera mitad del embarazo (< 22 sem) termino en aborto,2024-07-01,0,0,0,0,0,0,1,0,0,0,1,0,1
SAN LUCAS,salud sexual y reproductiva,hemorragia de la primera mitad del embarazo (< 22 sem) termino en aborto,2024-07-01,0,0,0,0,0,4,0,0,0,0,0,4,4
SANTA CRUZ DE LA SIERRA,salud sexual y reproductiva,hemorragia de la primera mitad del embarazo (< 22 sem) termino en aborto,2024-07-01,0,0,7,1,90,32,8,5,0,0,105,38,143
SHINAOTA,salud sexual y reproductiva,hemorragia de la primera mitad del embarazo (< 22 sem) termino en aborto,2024-07-01,0,0,0,0,2,0,0,0,0,0,2,0,2
SUCRE,salud sexual y reproductiva,hemorragia de la primera mitad del embarazo (< 22 sem) termino en aborto,2024-07-01,0,0,11,0,72,3,3,2,0,0,86,5,91
TARIJA,salud sexual y reproductiva,hemorragia de la primera mitad del embarazo (< 22 sem) termino en aborto,2024-07-01,1,0,6,0,37,1,1,0,0,0,45,1,46
TRINIDAD,salud sexual y reproductiva,hemorragia de la primera mitad del embarazo (< 22 sem) termino en aborto,2024-07-01,0,0,0,0,10,0,0,0,0,0,10,0,10
TUPIZA,salud sexual y reproductiva,hemorragia de la primera mitad del embarazo (< 22 sem) termino en aborto,2024-07-01,0,0,0,0,5,0,0,0,0,0,5,0,5
VIACHA,salud sexual y reproductiva,hemorragia de la primera mitad del embarazo (< 22 sem) termino en aborto,2024-07-01,0,0,0,0,1,0,0,0,0,0,1,0,1
VILLA CHARCAS,salud sexual y reproductiva,hemorragia de la primera mitad del embarazo (< 22 sem) termino en aborto,2024-07-01,0,0,0,1,0,0,0,0,0,0,0,1,1
VILLAZON,salud sexual y reproductiva,hemorragia de la primera mitad del embarazo (< 22 sem) termino en aborto,2024-07-01,0,0,0,0,14,0,0,0,0,0,14,0,14
WARNES,salud sexual y reproductiva,hemorragia de la primera mitad del embarazo (< 22 sem) termino en aborto,2024-07-01,0,0,0,2,16,9,4,0,0,0,20,11,31
ARBIETO,salud sexual y reproductiva,hemorragia de la primera mitad del embarazo (< 22 sem) termino en aborto,2024-08-01,0,0,0,0,3,0,0,0,0,0,3,0,3
ASCENCION DE GUARAYOS,salud sexual y reproductiva,hemorragia de la primera mitad del embarazo (< 22 sem) termino en aborto,2024-08-01,0,0,0,0,2,1,0,0,0,0,2,1,3
CAMARGO,salud sexual y reproductiva,hemorragia de la primera mitad del embarazo (< 22 sem) termino en aborto,2024-08-01,0,0,0,0,3,0,0,0,0,0,3,0,3
CAMIRI,salud sexual y reproductiva,hemorragia de la primera mitad del embarazo (< 22 sem) termino en aborto,2024-08-01,0,0,1,0,7,0,1,0,0,0,9,0,9
CARACOLLO,salud sexual y reproductiva,hemorragia de la primera mitad del embarazo (< 22 sem) termino en aborto,2024-08-01,0,0,0,0,8,0,0,0,0,0,8,0,8
COBIJA,salud sexual y reproductiva,hemorragia de la primera mitad del embarazo (< 22 sem) termino en aborto,2024-08-01,0,0,3,0,14,0,0,0,0,0,17,0,17
COCHABAMBA,salud sexual y reproductiva,hemorragia de la primera mitad del embarazo (< 22 sem) termino en aborto,2024-08-01,0,0,3,1,14,0,6,0,0,0,23,1,24
COMARAPA,salud sexual y reproductiva,hemorragia de la primera mitad del embarazo (< 22 sem) termino en aborto,2024-08-01,0,0,1,0,3,0,0,0,0,0,4,0,4
CONCEPCION,salud sexual y reproductiva,hemorragia de la primera mitad del embarazo (< 22 sem) termino en aborto,2024-08-01,0,0,0,0,4,0,0,0,0,0,4,0,4
COTOCA,salud sexual y reproductiva,hemorragia de la primera mitad del embarazo (< 22 sem) termino en aborto,2024-08-01,0,0,2,0,14,0,3,0,1,0,20,0,20
EL ALTO,salud sexual y reproductiva,hemorragia de la primera mitad del embarazo (< 22 sem) termino en aborto,2024-08-01,0,0,4,0,38,0,4,0,0,0,46,0,46
ENTRE RIOS TRJ,salud sexual y reproductiva,hemorragia de la primera mitad del embarazo (< 22 sem) termino en aborto,2024-08-01,0,0,0,0,3,0,0,0,0,0,3,0,3
GUAYARAMERIN,salud sexual y reproductiva,hemorragia de la primera mitad del embarazo (< 22 sem) termino en aborto,2024-08-01,0,0,0,0,3,0,0,0,0,0,3,0,3
HUANUNI,salud sexual y reproductiva,hemorragia de la primera mitad del embarazo (< 22 sem) termino en aborto,2024-08-01,0,0,0,1,1,0,1,0,0,0,2,1,3
INCAHUASI,salud sexual y reproductiva,hemorragia de la primera mitad del embarazo (< 22 sem) termino en aborto,2024-08-01,0,0,0,0,0,1,0,0,0,0,0,1,1
LA PAZ,salud sexual y reproductiva,hemorragia de la primera mitad del embarazo (< 22 sem) termino en aborto,2024-08-01,0,0,2,0,53,0,8,0,0,0,63,0,63
MAIRANA,salud sexual y reproductiva,hemorragia de la primera mitad del embarazo (< 22 sem) termino en aborto,2024-08-01,0,0,0,0,3,0,0,0,0,0,3,0,3
MIZQUE,salud sexual y reproductiva,hemorragia de la primera mitad del embarazo (< 22 sem) termino en aborto,2024-08-01,0,0,0,0,3,0,1,0,0,0,4,0,4
MONTEAGUDO,salud sexual y reproductiva,hemorragia de la primera mitad del embarazo (< 22 sem) termino en aborto,2024-08-01,0,0,0,0,4,0,0,0,0,0,4,0,4
ORURO,salud sexual y reproductiva,hemorragia de la primera mitad del embarazo (< 22 sem) termino en aborto,2024-08-01,0,0,2,3,52,0,4,0,0,0,58,3,61
PADILLA,salud sexual y reproductiva,hemorragia de la primera mitad del embarazo (< 22 sem) termino en aborto,2024-08-01,0,0,1,0,7,0,1,0,0,0,9,0,9
POCOATA,salud sexual y reproductiva,hemorragia de la primera mitad del embarazo (< 22 sem) termino en aborto,2024-08-01,0,0,0,0,0,1,0,0,0,0,0,1,1
POTOSI,salud sexual y reproductiva,hemorragia de la primera mitad del embarazo (< 22 sem) termino en aborto,2024-08-01,0,0,1,0,15,6,2,2,0,0,18,8,26
PUERTO VILLARROEL,salud sexual y reproductiva,hemorragia de la primera mitad del embarazo (< 22 sem) termino en aborto,2024-08-01,0,0,5,0,25,0,0,0,0,0,30,0,30
PUNATA,salud sexual y reproductiva,hemorragia de la primera mitad del embarazo (< 22 sem) termino en aborto,2024-08-01,0,0,0,0,1,4,0,0,0,0,1,4,5
RIBERALTA,salud sexual y reproductiva,hemorragia de la primera mitad del embarazo (< 22 sem) termino en aborto,2024-08-01,1,0,2,0,7,0,0,0,0,0,10,0,10
ROBORE,salud sexual y reproductiva,hemorragia de la primera mitad del embarazo (< 22 sem) termino en aborto,2024-08-01,0,0,1,0,2,0,1,0,0,0,4,0,4
RURRENABAQUE,salud sexual y reproductiva,hemorragia de la primera mitad del embarazo (< 22 sem) termino en aborto,2024-08-01,0,0,0,0,0,0,1,0,0,0,1,0,1
SACABA,salud sexual y reproductiva,hemorragia de la primera mitad del embarazo (< 22 sem) termino en aborto,2024-08-01,0,0,6,0,62,0,8,0,0,0,76,0,76
SAN BORJA,salud sexual y reproductiva,hemorragia de la primera mitad del embarazo (< 22 sem) termino en aborto,2024-08-01,0,0,1,0,6,0,0,0,0,0,7,0,7
SAN IGNACIO DE VELASCO,salud sexual y reproductiva,hemorragia de la primera mitad del embarazo (< 22 sem) termino en aborto,2024-08-01,0,0,0,0,7,0,0,0,0,0,7,0,7
SAN JAVIER(STC),salud sexual y reproductiva,hemorragia de la primera mitad del embarazo (< 22 sem) termino en aborto,2024-08-01,0,0,0,0,0,3,0,0,0,0,0,3,3
SAN JULIAN,salud sexual y reproductiva,hemorragia de la primera mitad del embarazo (< 22 sem) termino en aborto,2024-08-01,0,0,0,0,1,0,0,0,0,0,1,0,1
SAN RAMON BENI,salud sexual y reproductiva,hemorragia de la primera mitad del embarazo (< 22 sem) termino en aborto,2024-08-01,0,0,0,0,1,0,0,0,0,0,1,0,1
SANTA CRUZ DE LA SIERRA,salud sexual y reproductiva,hemorragia de la primera mitad del embarazo (< 22 sem) termino en aborto,2024-08-01,2,0,11,1,128,26,4,3,0,0,145,30,175
SANTA ROSA DEL SARA,salud sexual y reproductiva,hemorragia de la primera mitad del embarazo (< 22 sem) termino en aborto,2024-08-01,0,0,0,0,0,1,0,0,0,0,0,1,1
SUCRE,salud sexual y reproductiva,hemorragia de la primera mitad del embarazo (< 22 sem) termino en aborto,2024-08-01,0,0,4,0,30,0,2,0,0,0,36,0,36
TARIJA,salud sexual y reproductiva,hemorragia de la primera mitad del embarazo (< 22 sem) termino en aborto,2024-08-01,2,0,3,0,29,0,5,0,0,0,39,0,39
TOTORA(CBBA),salud sexual y reproductiva,hemorragia de la primera mitad del embarazo (< 22 sem) termino en aborto,2024-08-01,0,0,0,0,2,0,0,0,0,0,2,0,2
TRINIDAD,salud sexual y reproductiva,hemorragia de la primera mitad del embarazo (< 22 sem) termino en aborto,2024-08-01,0,0,4,0,23,0,1,0,0,0,28,0,28
TUPIZA,salud sexual y reproductiva,hemorragia de la primera mitad del embarazo (< 22 sem) termino en aborto,2024-08-01,0,0,0,0,5,0,0,0,0,0,5,0,5
VIACHA,salud sexual y reproductiva,hemorragia de la primera mitad del embarazo (< 22 sem) termino en aborto,2024-08-01,0,0,0,0,1,0,0,0,0,0,1,0,1
VILLA CHARCAS,salud sexual y reproductiva,hemorragia de la primera mitad del embarazo (< 22 sem) termino en aborto,2024-08-01,0,0,0,0,0,2,0,0,0,0,0,2,2
VILLAZON,salud sexual y reproductiva,hemorragia de la primera mitad del embarazo (< 22 sem) termino en aborto,2024-08-01,0,0,1,0,6,0,1,0,0,0,8,0,8
WARNES,salud sexual y reproductiva,hemorragia de la primera mitad del embarazo (< 22 sem) termino en aborto,2024-08-01,0,0,0,1,12,4,2,0,0,0,14,5,19
YACUIBA,salud sexual y reproductiva,hemorragia de la primera mitad del embarazo (< 22 sem) termino en aborto,2024-08-01,0,0,0,0,0,1,0,0,0,0,0,1,1
ASCENCION DE GUARAYOS,salud sexual y reproductiva,hemorragia de la primera mitad del embarazo (< 22 sem) termino en aborto,2024-09-01,0,0,1,2,2,2,0,0,0,0,3,4,7
AYOPAYA (V. DE INDEPENDENCIA),salud sexual y reproductiva,hemorragia de la primera mitad del embarazo (< 22 sem) termino en aborto,2024-09-01,0,0,0,0,1,0,0,0,0,0,1,0,1
CAMARGO,salud sexual y reproductiva,hemorragia de la primera mitad del embarazo (< 22 sem) termino en aborto,2024-09-01,0,0,0,0,3,0,0,0,0,0,3,0,3
CAMIRI,salud sexual y reproductiva,hemorragia de la primera mitad del embarazo (< 22 sem) termino en aborto,2024-09-01,0,0,1,0,5,0,1,0,0,0,7,0,7
CARACOLLO,salud sexual y reproductiva,hemorragia de la primera mitad del embarazo (< 22 sem) termino en aborto,2024-09-01,0,0,0,0,6,0,0,0,0,0,6,0,6
CARAPARI,salud sexual y reproductiva,hemorragia de la primera mitad del embarazo (< 22 sem) termino en aborto,2024-09-01,0,0,0,0,1,0,0,0,0,0,1,0,1
CARMEN RIVERO TORREZ,salud sexual y reproductiva,hemorragia de la primera mitad del embarazo (< 22 sem) termino en aborto,2024-09-01,0,0,0,0,1,0,0,0,0,0,1,0,1
COBIJA,salud sexual y reproductiva,hemorragia de la primera mitad del embarazo (< 22 sem) termino en aborto,2024-09-01,1,0,2,0,10,0,1,0,0,0,14,0,14
COCHABAMBA,salud sexual y reproductiva,hemorragia de la primera mitad del embarazo (< 22 sem) termino en aborto,2024-09-01,0,0,2,0,48,0,2,0,0,0,52,0,52
COLPA BELGICA,salud sexual y reproductiva,hemorragia de la primera mitad del embarazo (< 22 sem) termino en aborto,2024-09-01,0,0,0,0,0,1,0,0,0,0,0,1,1
CONCEPCION,salud sexual y reproductiva,hemorragia de la primera mitad del embarazo (< 22 sem) termino en aborto,2024-09-01,0,0,1,0,3,0,0,0,0,0,4,0,4
COTOCA,salud sexual y reproductiva,hemorragia de la primera mitad del embarazo (< 22 sem) termino en aborto,2024-09-01,0,0,3,0,16,0,3,0,0,0,22,0,22
CULPINA,salud sexual y reproductiva,hemorragia de la primera mitad del embarazo (< 22 sem) termino en aborto,2024-09-01,0,0,0,0,0,1,0,0,0,0,0,1,1
EL ALTO,salud sexual y reproductiva,hemorragia de la primera mitad del embarazo (< 22 sem) termino en aborto,2024-09-01,0,0,0,0,30,0,2,0,0,0,32,0,32
ENTRE RIOS TRJ,salud sexual y reproductiva,hemorragia de la primera mitad del embarazo (< 22 sem) termino en aborto,2024-09-01,0,0,0,0,2,0,0,0,0,0,2,0,2
GUAYARAMERIN,salud sexual y reproductiva,hemorragia de la primera mitad del embarazo (< 22 sem) termino en aborto,2024-09-01,0,0,5,0,13,0,0,0,0,0,18,0,18
INCAHUASI,salud sexual y reproductiva,hemorragia de la primera mitad del embarazo (< 22 sem) termino en aborto,2024-09-01,0,0,0,0,1,0,0,0,0,0,1,0,1
LA PAZ,salud sexual y reproductiva,hemorragia de la primera mitad del embarazo (< 22 sem) termino en aborto,2024-09-01,0,0,2,0,48,0,3,0,0,0,53,0,53
LLALLAGUA,salud sexual y reproductiva,hemorragia de la primera mitad del embarazo (< 22 sem) termino en aborto,2024-09-01,0,0,0,0,4,0,0,0,0,0,4,0,4
MAIRANA,salud sexual y reproductiva,hemorragia de la primera mitad del embarazo (< 22 sem) termino en aborto,2024-09-01,0,0,1,0,6,0,0,0,0,0,7,0,7
MIZQUE,salud sexual y reproductiva,hemorragia de la primera mitad del embarazo (< 22 sem) termino en aborto,2024-09-01,0,0,0,0,1,0,0,0,0,0,1,0,1
ORURO,salud sexual y reproductiva,hemorragia de la primera mitad del embarazo (< 22 sem) termino en aborto,2024-09-01,0,0,2,0,64,0,2,0,0,0,68,0,68
PADILLA,salud sexual y reproductiva,hemorragia de la primera mitad del embarazo (< 22 sem) termino en aborto,2024-09-01,0,0,1,0,3,0,0,0,0,0,4,0,4
POTOSI,salud sexual y reproductiva,hemorragia de la primera mitad del embarazo (< 22 sem) termino en aborto,2024-09-01,0,0,0,1,10,12,0,1,0,0,10,14,24
PRESTO,salud sexual y reproductiva,hemorragia de la primera mitad del embarazo (< 22 sem) termino en aborto,2024-09-01,0,0,0,1,0,0,0,0,0,0,0,1,1
PUNATA,salud sexual y reproductiva,hemorragia de la primera mitad del embarazo (< 22 sem) termino en aborto,2024-09-01,0,0,4,0,13,0,1,0,0,0,18,0,18
RIBERALTA,salud sexual y reproductiva,hemorragia de la primera mitad del embarazo (< 22 sem) termino en aborto,2024-09-01,0,0,14,0,5,16,0,0,0,0,19,16,35
ROBORE,salud sexual y reproductiva,hemorragia de la primera mitad del embarazo (< 22 sem) termino en aborto,2024-09-01,0,0,0,0,2,0,0,0,0,0,2,0,2
SACABA,salud sexual y reproductiva,hemorragia de la primera mitad del embarazo (< 22 sem) termino en aborto,2024-09-01,0,0,3,0,40,0,3,0,0,0,46,0,46
SAN CARLOS,salud sexual y reproductiva,hemorragia de la primera mitad del embarazo (< 22 sem) termino en aborto,2024-09-01,0,0,0,0,0,1,0,0,0,0,0,1,1
SAN IGNACIO,salud sexual y reproductiva,hemorragia de la primera mitad del embarazo (< 22 sem) termino en aborto,2024-09-01,0,0,1,0,3,0,0,0,0,0,4,0,4
SAN IGNACIO DE VELASCO,salud sexual y reproductiva,hemorragia de la primera mitad del embarazo (< 22 sem) termino en aborto,2024-09-01,0,0,1,0,4,0,0,0,0,0,5,0,5
SAN JAVIER(STC),salud sexual y reproductiva,hemorragia de la primera mitad del embarazo (< 22 sem) termino en aborto,2024-09-01,0,0,0,0,0,1,0,0,0,0,0,1,1
SAN LUCAS,salud sexual y reproductiva,hemorragia de la primera mitad del embarazo (< 22 sem) termino en aborto,2024-09-01,0,0,0,0,0,1,0,0,0,0,0,1,1
SAN MIGUEL DE VELASCO,salud sexual y reproductiva,hemorragia de la primera mitad del embarazo (< 22 sem) termino en aborto,2024-09-01,0,0,0,0,1,0,0,0,0,0,1,0,1
SANTA CRUZ DE LA SIERRA,salud sexual y reproductiva,hemorragia de la primera mitad del embarazo (< 22 sem) termino en aborto,2024-09-01,2,0,20,3,133,24,5,5,0,0,160,32,192
SUCRE,salud sexual y reproductiva,hemorragia de la primera mitad del embarazo (< 22 sem) termino en aborto,2024-09-01,0,0,5,1,28,8,2,5,0,0,35,14,49
TARIJA,salud sexual y reproductiva,hemorragia de la primera mitad del embarazo (< 22 sem) termino en aborto,2024-09-01,1,0,3,0,29,0,1,0,0,0,34,0,34
TRINIDAD,salud sexual y reproductiva,hemorragia de la primera mitad del embarazo (< 22 sem) termino en aborto,2024-09-01,0,0,7,2,13,7,0,0,0,0,20,9,29
VIACHA,salud sexual y reproductiva,hemorragia de la primera mitad del embarazo (< 22 sem) termino en aborto,2024-09-01,0,0,0,0,5,0,0,0,0,0,5,0,5
VILLA CHARCAS,salud sexual y reproductiva,hemorragia de la primera mitad del embarazo (< 22 sem) termino en aborto,2024-09-01,0,0,0,0,0,1,0,0,0,0,0,1,1
VILLA TUNARI,salud sexual y reproductiva,hemorragia de la primera mitad del embarazo (< 22 sem) termino en aborto,2024-09-01,0,0,5,0,18,0,0,0,0,0,23,0,23
VILLAZON,salud sexual y reproductiva,hemorragia de la primera mitad del embarazo (< 22 sem) termino en aborto,2024-09-01,0,0,1,0,11,0,1,0,0,0,13,0,13
WARNES,salud sexual y reproductiva,hemorragia de la primera mitad del embarazo (< 22 sem) termino en aborto,2024-09-01,0,0,0,2,5,7,9,0,0,0,14,9,23
ASCENCION DE GUARAYOS,salud sexual y reproductiva,hemorragia de la primera mitad del embarazo (< 22 sem) termino en aborto,2024-10-01,0,0,0,0,1,1,0,0,0,0,1,1,2
CAMARGO,salud sexual y reproductiva,hemorragia de la primera mitad del embarazo (< 22 sem) termino en aborto,2024-10-01,0,0,0,0,5,0,0,0,0,0,5,0,5
CAMIRI,salud sexual y reproductiva,hemorragia de la primera mitad del embarazo (< 22 sem) termino en aborto,2024-10-01,0,0,5,0,2,0,0,0,0,0,7,0,7
CARACOLLO,salud sexual y reproductiva,hemorragia de la primera mitad del embarazo (< 22 sem) termino en aborto,2024-10-01,0,0,1,0,10,0,0,0,0,0,11,0,11
CARANAVI,salud sexual y reproductiva,hemorragia de la primera mitad del embarazo (< 22 sem) termino en aborto,2024-10-01,0,0,1,0,4,0,0,0,0,0,5,0,5
CARAPARI,salud sexual y reproductiva,hemorragia de la primera mitad del embarazo (< 22 sem) termino en aborto,2024-10-01,0,0,0,0,2,0,0,0,0,0,2,0,2
COBIJA,salud sexual y reproductiva,hemorragia de la primera mitad del embarazo (< 22 sem) termino en aborto,2024-10-01,0,0,2,0,16,0,1,0,0,0,19,0,19
COCHABAMBA,salud sexual y reproductiva,hemorragia de la primera mitad del embarazo (< 22 sem) termino en aborto,2024-10-01,0,0,3,0,41,1,7,1,0,0,51,2,53
COLOMI,salud sexual y reproductiva,hemorragia de la primera mitad del embarazo (< 22 sem) termino en aborto,2024-10-01,0,0,1,0,5,0,0,0,0,0,6,0,6
CONCEPCION,salud sexual y reproductiva,hemorragia de la primera mitad del embarazo (< 22 sem) termino en aborto,2024-10-01,0,0,1,0,1,0,0,0,0,0,2,0,2
COTOCA,salud sexual y reproductiva,hemorragia de la primera mitad del embarazo (< 22 sem) termino en aborto,2024-10-01,0,0,2,0,19,0,1,0,0,0,22,0,22
EL ALTO,salud sexual y reproductiva,hemorragia de la primera mitad del embarazo (< 22 sem) termino en aborto,2024-10-01,0,0,3,0,63,0,5,0,0,0,71,0,71
ENTRE RIOS TRJ,salud sexual y reproductiva,hemorragia de la primera mitad del embarazo (< 22 sem) termino en aborto,2024-10-01,0,0,0,0,1,0,1,0,0,0,2,0,2
GUAYARAMERIN,salud sexual y reproductiva,hemorragia de la primera mitad del embarazo (< 22 sem) termino en aborto,2024-10-01,0,0,0,0,4,4,0,0,0,0,4,4,8
HUANUNI,salud sexual y reproductiva,hemorragia de la primera mitad del embarazo (< 22 sem) termino en aborto,2024-10-01,0,0,0,0,4,0,0,0,0,0,4,0,4
INCAHUASI,salud sexual y reproductiva,hemorragia de la primera mitad del embarazo (< 22 sem) termino en aborto,2024-10-01,0,0,0,0,1,0,0,0,0,0,1,0,1
LA GUARDIA,salud sexual y reproductiva,hemorragia de la primera mitad del embarazo (< 22 sem) termino en aborto,2024-10-01,0,0,0,0,1,1,0,0,0,0,1,1,2
LA PAZ,salud sexual y reproductiva,hemorragia de la primera mitad del embarazo (< 22 sem) termino en aborto,2024-10-01,0,0,3,0,79,0,10,0,0,0,92,0,92
LLALLAGUA,salud sexual y reproductiva,hemorragia de la primera mitad del embarazo (< 22 sem) termino en aborto,2024-10-01,1,0,6,0,16,0,3,0,0,0,26,0,26
MAIRANA,salud sexual y reproductiva,hemorragia de la primera mitad del embarazo (< 22 sem) termino en aborto,2024-10-01,0,0,1,0,4,0,0,0,0,0,5,0,5
MIZQUE,salud sexual y reproductiva,hemorragia de la primera mitad del embarazo (< 22 sem) termino en aborto,2024-10-01,0,0,0,0,3,0,0,0,0,0,3,0,3
MONTEAGUDO,salud sexual y reproductiva,hemorragia de la primera mitad del embarazo (< 22 sem) termino en aborto,2024-10-01,0,0,0,0,3,0,0,0,0,0,3,0,3
MONTERO,salud sexual y reproductiva,hemorragia de la primera mitad del embarazo (< 22 sem) termino en aborto,2024-10-01,0,0,0,0,0,0,1,0,0,0,1,0,1
OCURI,salud sexual y reproductiva,hemorragia de la primera mitad del embarazo (< 22 sem) termino en aborto,2024-10-01,0,0,0,0,1,0,0,0,0,0,1,0,1
ORURO,salud sexual y reproductiva,hemorragia de la primera mitad del embarazo (< 22 sem) termino en aborto,2024-10-01,0,0,8,0,52,0,8,0,0,0,68,0,68
PADILLA,salud sexual y reproductiva,hemorragia de la primera mitad del embarazo (< 22 sem) termino en aborto,2024-10-01,2,0,2,0,5,0,0,0,0,0,9,0,9
POROMA,salud sexual y reproductiva,hemorragia de la primera mitad del embarazo (< 22 sem) termino en aborto,2024-10-01,0,0,0,0,1,0,0,0,0,0,1,0,1
POTOSI,salud sexual y reproductiva,hemorragia de la primera mitad del embarazo (< 22 sem) termino en aborto,2024-10-01,0,0,0,1,14,0,0,0,0,0,14,1,15
PUERTO SUAREZ,salud sexual y reproductiva,hemorragia de la primera mitad del embarazo (< 22 sem) termino en aborto,2024-10-01,0,0,0,0,1,0,0,0,0,0,1,0,1
PUERTO VILLARROEL,salud sexual y reproductiva,hemorragia de la primera mitad del embarazo (< 22 sem) termino en aborto,2024-10-01,0,0,2,0,27,0,4,0,0,0,33,0,33
PUNATA,salud sexual y reproductiva,hemorragia de la primera mitad del embarazo (< 22 sem) termino en aborto,2024-10-01,1,0,4,0,20,0,5,0,0,0,30,0,30
RIBERALTA,salud sexual y reproductiva,hemorragia de la primera mitad del embarazo (< 22 sem) termino en aborto,2024-10-01,0,0,10,0,21,0,1,0,0,0,32,0,32
ROBORE,salud sexual y reproductiva,hemorragia de la primera mitad del embarazo (< 22 sem) termino en aborto,2024-10-01,0,0,2,0,3,0,0,0,0,0,5,0,5
SACABA,salud sexual y reproductiva,hemorragia de la primera mitad del embarazo (< 22 sem) termino en aborto,2024-10-01,2,0,5,0,44,0,6,0,0,0,57,0,57
SAN IGNACIO,salud sexual y reproductiva,hemorragia de la primera mitad del embarazo (< 22 sem) termino en aborto,2024-10-01,0,0,0,0,5,0,0,0,0,0,5,0,5
SAN IGNACIO DE VELASCO,salud sexual y reproductiva,hemorragia de la primera mitad del embarazo (< 22 sem) termino en aborto,2024-10-01,0,0,1,0,5,0,0,0,0,0,6,0,6
SAN JAVIER(STC),salud sexual y reproductiva,hemorragia de la primera mitad del embarazo (< 22 sem) termino en aborto,2024-10-01,0,0,0,1,0,2,0,0,0,0,0,3,3
SAN LUCAS,salud sexual y reproductiva,hemorragia de la primera mitad del embarazo (< 22 sem) termino en aborto,2024-10-01,0,0,0,1,0,3,0,2,0,0,0,6,6
SAN MIGUEL DE VELASCO,salud sexual y reproductiva,hemorragia de la primera mitad del embarazo (< 22 sem) termino en aborto,2024-10-01,0,0,0,0,1,0,0,0,0,0,1,0,1
SAN RAMON BENI,salud sexual y reproductiva,hemorragia de la primera mitad del embarazo (< 22 sem) termino en aborto,2024-10-01,0,0,0,0,1,0,0,0,0,0,1,0,1
SANTA CRUZ DE LA SIERRA,salud sexual y reproductiva,hemorragia de la primera mitad del embarazo (< 22 sem) termino en aborto,2024-10-01,4,0,14,0,153,14,8,3,0,0,179,17,196
SUCRE,salud sexual y reproductiva,hemorragia de la primera mitad del embarazo (< 22 sem) termino en aborto,2024-10-01,0,0,6,0,39,11,3,0,0,0,48,11,59
TARIJA,salud sexual y reproductiva,hemorragia de la primera mitad del embarazo (< 22 sem) termino en aborto,2024-10-01,2,0,6,0,29,0,2,0,0,0,39,0,39
VIACHA,salud sexual y reproductiva,hemorragia de la primera mitad del embarazo (< 22 sem) termino en aborto,2024-10-01,0,0,0,0,2,0,0,0,0,0,2,0,2
VILLA CHARCAS,salud sexual y reproductiva,hemorragia de la primera mitad del embarazo (< 22 sem) termino en aborto,2024-10-01,0,0,0,0,0,2,0,0,0,0,0,2,2
VILLAZON,salud sexual y reproductiva,hemorragia de la primera mitad del embarazo (< 22 sem) termino en aborto,2024-10-01,0,0,1,0,11,0,2,0,0,0,14,0,14
WARNES,salud sexual y reproductiva,hemorragia de la primera mitad del embarazo (< 22 sem) termino en aborto,2024-10-01,0,0,0,3,14,17,3,0,0,0,17,20,37
YACUIBA,salud sexual y reproductiva,hemorragia de la primera mitad del embarazo (< 22 sem) termino en aborto,2024-10-01,0,0,0,0,0,3,0,0,0,0,0,3,3
ACHACACHI,salud sexual y reproductiva,hemorragia de la primera mitad del embarazo (< 22 sem) termino en aborto,2024-11-01,0,0,0,0,1,0,0,0,0,0,1,0,1
ASCENCION DE GUARAYOS,salud sexual y reproductiva,hemorragia de la primera mitad del embarazo (< 22 sem) termino en aborto,2024-11-01,0,0,0,2,2,2,0,0,0,0,2,4,6
CAMARGO,salud sexual y reproductiva,hemorragia de la primera mitad del embarazo (< 22 sem) termino en aborto,2024-11-01,0,0,1,0,8,1,1,0,0,0,10,1,11
CAMIRI,salud sexual y reproductiva,hemorragia de la primera mitad del embarazo (< 22 sem) termino en aborto,2024-11-01,0,0,1,0,5,0,0,0,0,0,6,0,6
CARACOLLO,salud sexual y reproductiva,hemorragia de la primera mitad del embarazo (< 22 sem) termino en aborto,2024-11-01,2,0,1,0,3,0,0,0,0,0,6,0,6
CARAPARI,salud sexual y reproductiva,hemorragia de la primera mitad del embarazo (< 22 sem) termino en aborto,2024-11-01,0,0,0,0,1,0,0,0,0,0,1,0,1
COBIJA,salud sexual y reproductiva,hemorragia de la primera mitad del embarazo (< 22 sem) termino en aborto,2024-11-01,0,0,1,1,7,2,0,0,0,0,8,3,11
COCHABAMBA,salud sexual y reproductiva,hemorragia de la primera mitad del embarazo (< 22 sem) termino en aborto,2024-11-01,0,0,1,0,32,0,1,0,0,0,34,0,34
COLOMI,salud sexual y reproductiva,hemorragia de la primera mitad del embarazo (< 22 sem) termino en aborto,2024-11-01,0,0,0,0,1,0,0,0,0,0,1,0,1
COMARAPA,salud sexual y reproductiva,hemorragia de la primera mitad del embarazo (< 22 sem) termino en aborto,2024-11-01,0,0,0,1,0,6,0,0,0,0,0,7,7
COTOCA,salud sexual y reproductiva,hemorragia de la primera mitad del embarazo (< 22 sem) termino en aborto,2024-11-01,0,0,5,0,19,0,0,0,0,0,24,0,24
CULPINA,salud sexual y reproductiva,hemorragia de la primera mitad del embarazo (< 22 sem) termino en aborto,2024-11-01,0,0,0,0,0,1,0,1,0,0,0,2,2
EL ALTO,salud sexual y reproductiva,hemorragia de la primera mitad del embarazo (< 22 sem) termino en aborto,2024-11-01,0,0,1,0,32,1,3,0,0,0,36,1,37
ENTRE RIOS TRJ,salud sexual y reproductiva,hemorragia de la primera mitad del embarazo (< 22 sem) termino en aborto,2024-11-01,0,0,0,0,0,0,2,0,0,0,2,0,2
GUAYARAMERIN,salud sexual y reproductiva,hemorragia de la primera mitad del embarazo (< 22 sem) termino en aborto,2024-11-01,0,0,0,0,7,0,0,0,0,0,7,0,7
HUANUNI,salud sexual y reproductiva,hemorragia de la primera mitad del embarazo (< 22 sem) termino en aborto,2024-11-01,0,0,0,0,1,0,0,0,0,0,1,0,1
INCAHUASI,salud sexual y reproductiva,hemorragia de la primera mitad del embarazo (< 22 sem) termino en aborto,2024-11-01,0,0,0,0,0,0,1,1,0,0,1,1,2
LA GUARDIA,salud sexual y reproductiva,hemorragia de la primera mitad del embarazo (< 22 sem) termino en aborto,2024-11-01,0,0,0,0,5,0,0,0,0,0,5,0,5
LA PAZ,salud sexual y reproductiva,hemorragia de la primera mitad del embarazo (< 22 sem) termino en aborto,2024-11-01,0,0,1,0,47,0,2,0,0,0,50,0,50
LLALLAGUA,salud sexual y reproductiva,hemorragia de la primera mitad del embarazo (< 22 sem) termino en aborto,2024-11-01,0,0,1,0,12,0,0,0,0,0,13,0,13
MAIRANA,salud sexual y reproductiva,hemorragia de la primera mitad del embarazo (< 22 sem) termino en aborto,2024-11-01,0,0,1,0,6,0,0,0,0,0,7,0,7
MONTEAGUDO,salud sexual y reproductiva,hemorragia de la primera mitad del embarazo (< 22 sem) termino en aborto,2024-11-01,0,0,0,0,2,0,0,0,0,0,2,0,2
MONTERO,salud sexual y reproductiva,hemorragia de la primera mitad del embarazo (< 22 sem) termino en aborto,2024-11-01,0,0,0,0,1,0,0,0,0,0,1,0,1
OCURI,salud sexual y reproductiva,hemorragia de la primera mitad del embarazo (< 22 sem) termino en aborto,2024-11-01,0,0,0,0,3,0,0,0,0,0,3,0,3
ORURO,salud sexual y reproductiva,hemorragia de la primera mitad del embarazo (< 22 sem) termino en aborto,2024-11-01,0,0,3,0,57,0,5,0,0,0,65,0,65
PADILLA,salud sexual y reproductiva,hemorragia de la primera mitad del embarazo (< 22 sem) termino en aborto,2024-11-01,0,0,1,0,3,0,0,0,0,0,4,0,4
POTOSI,salud sexual y reproductiva,hemorragia de la primera mitad del embarazo (< 22 sem) termino en aborto,2024-11-01,0,0,0,0,11,10,0,0,0,0,11,10,21
PRESTO,salud sexual y reproductiva,hemorragia de la primera mitad del embarazo (< 22 sem) termino en aborto,2024-11-01,0,0,0,0,0,1,0,0,0,0,0,1,1
PUERTO VILLARROEL,salud sexual y reproductiva,hemorragia de la primera mitad del embarazo (< 22 sem) termino en aborto,2024-11-01,0,0,0,0,14,0,2,0,0,0,16,0,16
PUNATA,salud sexual y reproductiva,hemorragia de la primera mitad del embarazo (< 22 sem) termino en aborto,2024-11-01,0,0,1,0,19,0,1,0,0,0,21,0,21
QUILLACOLLO,salud sexual y reproductiva,hemorragia de la primera mitad del embarazo (< 22 sem) termino en aborto,2024-11-01,0,0,1,0,31,0,2,0,0,0,34,0,34
RIBERALTA,salud sexual y reproductiva,hemorragia de la primera mitad del embarazo (< 22 sem) termino en aborto,2024-11-01,1,0,0,0,12,0,0,0,0,0,13,0,13
ROBORE,salud sexual y reproductiva,hemorragia de la primera mitad del embarazo (< 22 sem) termino en aborto,2024-11-01,0,0,0,0,2,3,0,1,0,0,2,4,6
SACABA,salud sexual y reproductiva,hemorragia de la primera mitad del embarazo (< 22 sem) termino en aborto,2024-11-01,0,0,6,0,42,0,4,0,0,0,52,0,52
SAIPINA,salud sexual y reproductiva,hemorragia de la primera mitad del embarazo (< 22 sem) termino en aborto,2024-11-01,0,0,0,1,0,0,0,0,0,0,0,1,1
SAN BORJA,salud sexual y reproductiva,hemorragia de la primera mitad del embarazo (< 22 sem) termino en aborto,2024-11-01,0,0,1,0,2,0,0,0,0,0,3,0,3
SAN IGNACIO DE VELASCO,salud sexual y reproductiva,hemorragia de la primera mitad del embarazo (< 22 sem) termino en aborto,2024-11-01,0,0,1,0,6,0,1,0,0,0,8,0,8
SAN JAVIER(STC),salud sexual y reproductiva,hemorragia de la primera mitad del embarazo (< 22 sem) termino en aborto,2024-11-01,0,0,0,0,1,3,0,0,0,0,1,3,4
SAN JULIAN,salud sexual y reproductiva,hemorragia de la primera mitad del embarazo (< 22 sem) termino en aborto,2024-11-01,0,0,0,0,1,0,1,0,0,0,2,0,2
SAN MIGUEL DE VELASCO,salud sexual y reproductiva,hemorragia de la primera mitad del embarazo (< 22 sem) termino en aborto,2024-11-01,0,0,0,0,2,0,0,0,0,0,2,0,2
SANTA CRUZ DE LA SIERRA,salud sexual y reproductiva,hemorragia de la primera mitad del embarazo (< 22 sem) termino en aborto,2024-11-01,4,0,17,1,113,12,5,2,0,0,139,15,154
SUCRE,salud sexual y reproductiva,hemorragia de la primera mitad del embarazo (< 22 sem) termino en aborto,2024-11-01,0,0,7,1,31,13,4,1,0,0,42,15,57
TARIJA,salud sexual y reproductiva,hemorragia de la primera mitad del embarazo (< 22 sem) termino en aborto,2024-11-01,1,0,8,0,19,0,0,0,0,0,28,0,28
TOTORA(CBBA),salud sexual y reproductiva,hemorragia de la primera mitad del embarazo (< 22 sem) termino en aborto,2024-11-01,0,0,1,0,7,0,0,0,0,0,8,0,8
TRINIDAD,salud sexual y reproductiva,hemorragia de la primera mitad del embarazo (< 22 sem) termino en aborto,2024-11-01,0,0,4,0,12,0,1,0,0,0,17,0,17
VALLEGRANDE,salud sexual y reproductiva,hemorragia de la primera mitad del embarazo (< 22 sem) termino en aborto,2024-11-01,0,0,0,0,2,0,1,0,0,0,3,0,3
VIACHA,salud sexual y reproductiva,hemorragia de la primera mitad del embarazo (< 22 sem) termino en aborto,2024-11-01,0,0,0,0,2,0,1,0,0,0,3,0,3
VILLA CHARCAS,salud sexual y reproductiva,hemorragia de la primera mitad del embarazo (< 22 sem) termino en aborto,2024-11-01,0,0,0,0,0,3,0,0,0,0,0,3,3
VILLAZON,salud sexual y reproductiva,hemorragia de la primera mitad del embarazo (< 22 sem) termino en aborto,2024-11-01,0,0,0,0,5,0,1,0,0,0,6,0,6
WARNES,salud sexual y reproductiva,hemorragia de la primera mitad del embarazo (< 22 sem) termino en aborto,2024-11-01,0,0,0,0,12,8,5,7,0,0,17,15,32
ASCENCION DE GUARAYOS,salud sexual y reproductiva,hemorragia de la primera mitad del embarazo (< 22 sem) termino en aborto,2024-12-01,0,0,0,1,1,1,0,0,0,0,1,2,3
BETANZOS,salud sexual y reproductiva,hemorragia de la primera mitad del embarazo (< 22 sem) termino en aborto,2024-12-01,0,0,1,0,0,0,0,0,0,0,1,0,1
CAMIRI,salud sexual y reproductiva,hemorragia de la primera mitad del embarazo (< 22 sem) termino en aborto,2024-12-01,0,0,0,0,4,0,0,0,0,0,4,0,4
CARACOLLO,salud sexual y reproductiva,hemorragia de la primera mitad del embarazo (< 22 sem) termino en aborto,2024-12-01,0,0,0,0,3,0,0,0,0,0,3,0,3
CARANAVI,salud sexual y reproductiva,hemorragia de la primera mitad del embarazo (< 22 sem) termino en aborto,2024-12-01,0,0,1,0,6,0,1,0,0,0,8,0,8
COBIJA,salud sexual y reproductiva,hemorragia de la primera mitad del embarazo (< 22 sem) termino en aborto,2024-12-01,1,0,3,0,9,0,0,0,0,0,13,0,13
COCHABAMBA,salud sexual y reproductiva,hemorragia de la primera mitad del embarazo (< 22 sem) termino en aborto,2024-12-01,0,0,0,0,31,1,6,3,0,0,37,4,41
COMARAPA,salud sexual y reproductiva,hemorragia de la primera mitad del embarazo (< 22 sem) termino en aborto,2024-12-01,0,0,0,0,0,2,0,0,0,0,0,2,2
CONCEPCION,salud sexual y reproductiva,hemorragia de la primera mitad del embarazo (< 22 sem) termino en aborto,2024-12-01,0,0,1,0,1,0,0,0,0,0,2,0,2
COTOCA,salud sexual y reproductiva,hemorragia de la primera mitad del embarazo (< 22 sem) termino en aborto,2024-12-01,0,0,3,0,17,0,1,0,0,0,21,0,21
CULPINA,salud sexual y reproductiva,hemorragia de la primera mitad del embarazo (< 22 sem) termino en aborto,2024-12-01,0,0,0,0,0,2,0,1,0,0,0,3,3
EL ALTO,salud sexual y reproductiva,hemorragia de la primera mitad del embarazo (< 22 sem) termino en aborto,2024-12-01,0,0,2,0,33,2,1,0,0,0,36,2,38
ENTRE RIOS TRJ,salud sexual y reproductiva,hemorragia de la primera mitad del embarazo (< 22 sem) termino en aborto,2024-12-01,0,0,0,0,3,0,0,0,0,0,3,0,3
GUAYARAMERIN,salud sexual y reproductiva,hemorragia de la primera mitad del embarazo (< 22 sem) termino en aborto,2024-12-01,0,0,0,0,11,0,1,0,0,0,12,0,12
LA GUARDIA,salud sexual y reproductiva,hemorragia de la primera mitad del embarazo (< 22 sem) termino en aborto,2024-12-01,0,0,0,0,4,0,0,0,0,0,4,0,4
LA PAZ,salud sexual y reproductiva,hemorragia de la primera mitad del embarazo (< 22 sem) termino en aborto,2024-12-01,0,0,3,0,51,1,7,0,0,0,61,1,62
LLALLAGUA,salud sexual y reproductiva,hemorragia de la primera mitad del embarazo (< 22 sem) termino en aborto,2024-12-01,0,0,4,0,17,0,2,0,0,0,23,0,23
MAIRANA,salud sexual y reproductiva,hemorragia de la primera mitad del embarazo (< 22 sem) termino en aborto,2024-12-01,0,0,0,0,4,0,0,0,0,0,4,0,4
MONTERO,salud sexual y reproductiva,hemorragia de la primera mitad del embarazo (< 22 sem) termino en aborto,2024-12-01,0,0,0,0,0,2,0,0,0,0,0,2,2
OCURI,salud sexual y reproductiva,hemorragia de la primera mitad del embarazo (< 22 sem) termino en aborto,2024-12-01,0,0,0,0,0,1,0,1,0,0,0,2,2
ORURO,salud sexual y reproductiva,hemorragia de la primera mitad del embarazo (< 22 sem) termino en aborto,2024-12-01,0,0,2,0,37,0,4,0,0,0,43,0,43
PADILLA,salud sexual y reproductiva,hemorragia de la primera mitad del embarazo (< 22 sem) termino en aborto,2024-12-01,0,0,1,0,7,0,0,0,0,0,8,0,8
POTOSI,salud sexual y reproductiva,hemorragia de la primera mitad del embarazo (< 22 sem) termino en aborto,2024-12-01,0,0,1,0,3,0,0,1,0,0,4,1,5
PUNATA,salud sexual y reproductiva,hemorragia de la primera mitad del embarazo (< 22 sem) termino en aborto,2024-12-01,0,0,2,0,8,0,2,0,0,0,12,0,12
RIBERALTA,salud sexual y reproductiva,hemorragia de la primera mitad del embarazo (< 22 sem) termino en aborto,2024-12-01,0,0,2,0,16,0,0,0,0,0,18,0,18
SACABA,salud sexual y reproductiva,hemorragia de la primera mitad del embarazo (< 22 sem) termino en aborto,2024-12-01,1,0,5,0,35,0,6,0,0,0,47,0,47
SAN BORJA,salud sexual y reproductiva,hemorragia de la primera mitad del embarazo (< 22 sem) termino en aborto,2024-12-01,0,0,4,0,4,0,0,0,0,0,8,0,8
SAN IGNACIO,salud sexual y reproductiva,hemorragia de la primera mitad del embarazo (< 22 sem) termino en aborto,2024-12-01,1,0,0,0,1,0,1,0,0,0,3,0,3
SAN IGNACIO DE VELASCO,salud sexual y reproductiva,hemorragia de la primera mitad del embarazo (< 22 sem) termino en aborto,2024-12-01,0,0,0,0,6,0,2,0,0,0,8,0,8
SAN JAVIER(STC),salud sexual y reproductiva,hemorragia de la primera mitad del embarazo (< 22 sem) termino en aborto,2024-12-01,0,0,0,0,0,1,0,0,0,0,0,1,1
SAN JULIAN,salud sexual y reproductiva,hemorragia de la primera mitad del embarazo (< 22 sem) termino en aborto,2024-12-01,0,0,0,0,2,0,0,0,0,0,2,0,2
SAN LUCAS,salud sexual y reproductiva,hemorragia de la primera mitad del embarazo (< 22 sem) termino en aborto,2024-12-01,0,0,0,0,0,0,0,1,0,0,0,1,1
SANTA CRUZ DE LA SIERRA,salud sexual y reproductiva,hemorragia de la primera mitad del embarazo (< 22 sem) termino en aborto,2024-12-01,4,0,21,1,94,32,3,0,0,0,122,33,155
SUCRE,salud sexual y reproductiva,hemorragia de la primera mitad del embarazo (< 22 sem) termino en aborto,2024-12-01,0,0,4,1,42,9,1,0,0,0,47,10,57
TARIJA,salud sexual y reproductiva,hemorragia de la primera mitad del embarazo (< 22 sem) termino en aborto,2024-12-01,0,0,1,0,19,0,2,0,0,0,22,0,22
TORO TORO,salud sexual y reproductiva,hemorragia de la primera mitad del embarazo (< 22 sem) termino en aborto,2024-12-01,0,0,0,0,0,1,0,0,0,0,0,1,1
TRINIDAD,salud sexual y reproductiva,hemorragia de la primera mitad del embarazo (< 22 sem) termino en aborto,2024-12-01,0,0,8,0,23,0,0,0,0,0,31,0,31
VALLEGRANDE,salud sexual y reproductiva,hemorragia de la primera mitad del embarazo (< 22 sem) termino en aborto,2024-12-01,0,0,0,0,4,0,1,0,0,0,5,0,5
VILLA TUNARI,salud sexual y reproductiva,hemorragia de la primera mitad del embarazo (< 22 sem) termino en aborto,2024-12-01,0,0,2,0,12,0,0,0,0,0,14,0,14
VITICHI,salud sexual y reproductiva,hemorragia de la primera mitad del embarazo (< 22 sem) termino en aborto,2024-12-01,0,0,0,0,1,0,1,0,0,0,2,0,2
WARNES,salud sexual y reproductiva,hemorragia de la primera mitad del embarazo (< 22 sem) termino en aborto,2024-12-01,0,0,0,2,5,6,2,1,0,0,7,9,16
