municipality,group,variable,month,Cantidad,TOTAL-M
ACHACACHI,salud sexual y reproductiva,hemorragia del parto o puerperio,2005-01-01,5,5
ARBIETO,salud sexual y reproductiva,hemorragia del parto o puerperio,2005-01-01,1,1
ATOCHA,salud sexual y reproductiva,hemorragia del parto o puerperio,2005-01-01,1,1
AZURDUY,salud sexual y reproductiva,hemorragia del parto o puerperio,2005-01-01,1,1
BETANZOS,salud sexual y reproductiva,hemorragia del parto o puerperio,2005-01-01,4,4
BUENA VISTA,salud sexual y reproductiva,hemorragia del parto o puerperio,2005-01-01,1,1
CAMIRI,salud sexual y reproductiva,hemorragia del parto o puerperio,2005-01-01,2,2
CARANAVI,salud sexual y reproductiva,hemorragia del parto o puerperio,2005-01-01,1,1
CHALLAPATA,salud sexual y reproductiva,hemorragia del parto o puerperio,2005-01-01,2,2
CHAYANTA,salud sexual y reproductiva,hemorragia del parto o puerperio,2005-01-01,1,1
CHUMA,salud sexual y reproductiva,hemorragia del parto o puerperio,2005-01-01,1,1
COBIJA,salud sexual y reproductiva,hemorragia del parto o puerperio,2005-01-01,7,7
COCHABAMBA,salud sexual y reproductiva,hemorragia del parto o puerperio,2005-01-01,3,3
CORIPATA,salud sexual y reproductiva,hemorragia del parto o puerperio,2005-01-01,2,2
COTOCA,salud sexual y reproductiva,hemorragia del parto o puerperio,2005-01-01,1,1
EL ALTO,salud sexual y reproductiva,hemorragia del parto o puerperio,2005-01-01,14,14
EL PUENTE(TJA),salud sexual y reproductiva,hemorragia del parto o puerperio,2005-01-01,1,1
GUANAY,salud sexual y reproductiva,hemorragia del parto o puerperio,2005-01-01,1,1
HUANUNI,salud sexual y reproductiva,hemorragia del parto o puerperio,2005-01-01,1,1
IRUPANA (VILLA DE LANZA),salud sexual y reproductiva,hemorragia del parto o puerperio,2005-01-01,1,1
LA PAZ,salud sexual y reproductiva,hemorragia del parto o puerperio,2005-01-01,5,5
LAJA,salud sexual y reproductiva,hemorragia del parto o puerperio,2005-01-01,1,1
LLALLAGUA,salud sexual y reproductiva,hemorragia del parto o puerperio,2005-01-01,2,2
MINEROS,salud sexual y reproductiva,hemorragia del parto o puerperio,2005-01-01,1,1
MIZQUE,salud sexual y reproductiva,hemorragia del parto o puerperio,2005-01-01,4,4
MONTEAGUDO,salud sexual y reproductiva,hemorragia del parto o puerperio,2005-01-01,2,2
MONTERO,salud sexual y reproductiva,hemorragia del parto o puerperio,2005-01-01,18,18
ORURO,salud sexual y reproductiva,hemorragia del parto o puerperio,2005-01-01,9,9
POROMA,salud sexual y reproductiva,hemorragia del parto o puerperio,2005-01-01,1,1
POTOSI,salud sexual y reproductiva,hemorragia del parto o puerperio,2005-01-01,3,3
PUERTO ACOSTA,salud sexual y reproductiva,hemorragia del parto o puerperio,2005-01-01,2,2
QUILLACOLLO,salud sexual y reproductiva,hemorragia del parto o puerperio,2005-01-01,3,3
RAVELO,salud sexual y reproductiva,hemorragia del parto o puerperio,2005-01-01,2,2
SAN BENITO,salud sexual y reproductiva,hemorragia del parto o puerperio,2005-01-01,1,1
SAN CARLOS,salud sexual y reproductiva,hemorragia del parto o puerperio,2005-01-01,3,3
SAN IGNACIO DE VELASCO,salud sexual y reproductiva,hemorragia del parto o puerperio,2005-01-01,2,2
SAN LUCAS,salud sexual y reproductiva,hemorragia del parto o puerperio,2005-01-01,1,1
SANTA CRUZ DE LA SIERRA,salud sexual y reproductiva,hemorragia del parto o puerperio,2005-01-01,57,57
SUCRE,salud sexual y reproductiva,hemorragia del parto o puerperio,2005-01-01,22,22
TARABUCO,salud sexual y reproductiva,hemorragia del parto o puerperio,2005-01-01,1,1
TARATA,salud sexual y reproductiva,hemorragia del parto o puerperio,2005-01-01,1,1
TARIJA,salud sexual y reproductiva,hemorragia del parto o puerperio,2005-01-01,10,10
TIQUIPAYA,salud sexual y reproductiva,hemorragia del parto o puerperio,2005-01-01,3,3
TRINIDAD,salud sexual y reproductiva,hemorragia del parto o puerperio,2005-01-01,21,21
TUPIZA,salud sexual y reproductiva,hemorragia del parto o puerperio,2005-01-01,1,1
UNCIA,salud sexual y reproductiva,hemorragia del parto o puerperio,2005-01-01,3,3
VIACHA,salud sexual y reproductiva,hemorragia del parto o puerperio,2005-01-01,1,1
VILLA MONTES,salud sexual y reproductiva,hemorragia del parto o puerperio,2005-01-01,2,2
VILLA TUNARI,salud sexual y reproductiva,hemorragia del parto o puerperio,2005-01-01,1,1
ACHACACHI,salud sexual y reproductiva,hemorragia del parto o puerperio,2005-02-01,1,1
ANCORAIMES,salud sexual y reproductiva,hemorragia del parto o puerperio,2005-02-01,1,1
ARQUE,salud sexual y reproductiva,hemorragia del parto o puerperio,2005-02-01,1,1
ATOCHA,salud sexual y reproductiva,hemorragia del parto o puerperio,2005-02-01,2,2
BERMEJO,salud sexual y reproductiva,hemorragia del parto o puerperio,2005-02-01,1,1
BUENA VISTA,salud sexual y reproductiva,hemorragia del parto o puerperio,2005-02-01,1,1
CAJUATA,salud sexual y reproductiva,hemorragia del parto o puerperio,2005-02-01,1,1
CAMARGO,salud sexual y reproductiva,hemorragia del parto o puerperio,2005-02-01,3,3
CAPINOTA,salud sexual y reproductiva,hemorragia del parto o puerperio,2005-02-01,1,1
CHALLAPATA,salud sexual y reproductiva,hemorragia del parto o puerperio,2005-02-01,1,1
CHAQUI,salud sexual y reproductiva,hemorragia del parto o puerperio,2005-02-01,1,1
CHAYANTA,salud sexual y reproductiva,hemorragia del parto o puerperio,2005-02-01,1,1
COCHABAMBA,salud sexual y reproductiva,hemorragia del parto o puerperio,2005-02-01,3,3
COLCAPIRHUA,salud sexual y reproductiva,hemorragia del parto o puerperio,2005-02-01,1,1
"COLCHA ""K""",salud sexual y reproductiva,hemorragia del parto o puerperio,2005-02-01,1,1
CURVA,salud sexual y reproductiva,hemorragia del parto o puerperio,2005-02-01,1,1
EL ALTO,salud sexual y reproductiva,hemorragia del parto o puerperio,2005-02-01,7,7
ICLA,salud sexual y reproductiva,hemorragia del parto o puerperio,2005-02-01,1,1
LA ASUNTA,salud sexual y reproductiva,hemorragia del parto o puerperio,2005-02-01,2,2
LA PAZ,salud sexual y reproductiva,hemorragia del parto o puerperio,2005-02-01,2,2
LLALLAGUA,salud sexual y reproductiva,hemorragia del parto o puerperio,2005-02-01,2,2
MINEROS,salud sexual y reproductiva,hemorragia del parto o puerperio,2005-02-01,1,1
MONTEAGUDO,salud sexual y reproductiva,hemorragia del parto o puerperio,2005-02-01,2,2
MONTERO,salud sexual y reproductiva,hemorragia del parto o puerperio,2005-02-01,16,16
PAILON,salud sexual y reproductiva,hemorragia del parto o puerperio,2005-02-01,1,1
PASORAPA,salud sexual y reproductiva,hemorragia del parto o puerperio,2005-02-01,1,1
POTOSI,salud sexual y reproductiva,hemorragia del parto o puerperio,2005-02-01,1,1
PUCARANI,salud sexual y reproductiva,hemorragia del parto o puerperio,2005-02-01,1,1
PUERTO SILES,salud sexual y reproductiva,hemorragia del parto o puerperio,2005-02-01,1,1
PUERTO VILLARROEL,salud sexual y reproductiva,hemorragia del parto o puerperio,2005-02-01,2,2
QUILLACOLLO,salud sexual y reproductiva,hemorragia del parto o puerperio,2005-02-01,2,2
QUIRUSILLAS,salud sexual y reproductiva,hemorragia del parto o puerperio,2005-02-01,1,1
SAN CARLOS,salud sexual y reproductiva,hemorragia del parto o puerperio,2005-02-01,2,2
SAN IGNACIO,salud sexual y reproductiva,hemorragia del parto o puerperio,2005-02-01,3,3
SAN IGNACIO DE VELASCO,salud sexual y reproductiva,hemorragia del parto o puerperio,2005-02-01,4,4
SAN LUCAS,salud sexual y reproductiva,hemorragia del parto o puerperio,2005-02-01,3,3
SAN PEDRO,salud sexual y reproductiva,hemorragia del parto o puerperio,2005-02-01,1,1
SANTA ANA,salud sexual y reproductiva,hemorragia del parto o puerperio,2005-02-01,1,1
SANTA CRUZ DE LA SIERRA,salud sexual y reproductiva,hemorragia del parto o puerperio,2005-02-01,11,11
SICA SICA (VILLA AROMA),salud sexual y reproductiva,hemorragia del parto o puerperio,2005-02-01,1,1
SUCRE,salud sexual y reproductiva,hemorragia del parto o puerperio,2005-02-01,15,15
TARIJA,salud sexual y reproductiva,hemorragia del parto o puerperio,2005-02-01,14,14
TIQUIPAYA,salud sexual y reproductiva,hemorragia del parto o puerperio,2005-02-01,1,1
TIRAQUE (CBBA),salud sexual y reproductiva,hemorragia del parto o puerperio,2005-02-01,1,1
TORO TORO,salud sexual y reproductiva,hemorragia del parto o puerperio,2005-02-01,1,1
TRINIDAD,salud sexual y reproductiva,hemorragia del parto o puerperio,2005-02-01,15,15
VILLAZON,salud sexual y reproductiva,hemorragia del parto o puerperio,2005-02-01,3,3
ZUDAÑEZ,salud sexual y reproductiva,hemorragia del parto o puerperio,2005-02-01,1,1
ACHACACHI,salud sexual y reproductiva,hemorragia del parto o puerperio,2005-03-01,4,4
AZURDUY,salud sexual y reproductiva,hemorragia del parto o puerperio,2005-03-01,2,2
BERMEJO,salud sexual y reproductiva,hemorragia del parto o puerperio,2005-03-01,2,2
BETANZOS,salud sexual y reproductiva,hemorragia del parto o puerperio,2005-03-01,6,6
BUENA VISTA,salud sexual y reproductiva,hemorragia del parto o puerperio,2005-03-01,6,6
CAPINOTA,salud sexual y reproductiva,hemorragia del parto o puerperio,2005-03-01,3,3
CARACOLLO,salud sexual y reproductiva,hemorragia del parto o puerperio,2005-03-01,1,1
CARANAVI,salud sexual y reproductiva,hemorragia del parto o puerperio,2005-03-01,5,5
CHALLAPATA,salud sexual y reproductiva,hemorragia del parto o puerperio,2005-03-01,3,3
COCHABAMBA,salud sexual y reproductiva,hemorragia del parto o puerperio,2005-03-01,10,10
"COLCHA ""K""",salud sexual y reproductiva,hemorragia del parto o puerperio,2005-03-01,1,1
COLQUECHACA,salud sexual y reproductiva,hemorragia del parto o puerperio,2005-03-01,3,3
CORIPATA,salud sexual y reproductiva,hemorragia del parto o puerperio,2005-03-01,1,1
COTAGAITA,salud sexual y reproductiva,hemorragia del parto o puerperio,2005-03-01,1,1
CUATRO CAÑADAS,salud sexual y reproductiva,hemorragia del parto o puerperio,2005-03-01,1,1
EL ALTO,salud sexual y reproductiva,hemorragia del parto o puerperio,2005-03-01,13,13
EUCALIPTUS,salud sexual y reproductiva,hemorragia del parto o puerperio,2005-03-01,1,1
HUANUNI,salud sexual y reproductiva,hemorragia del parto o puerperio,2005-03-01,5,5
ICHOCA,salud sexual y reproductiva,hemorragia del parto o puerperio,2005-03-01,1,1
LA PAZ,salud sexual y reproductiva,hemorragia del parto o puerperio,2005-03-01,1,1
LAJA,salud sexual y reproductiva,hemorragia del parto o puerperio,2005-03-01,2,2
LLALLAGUA,salud sexual y reproductiva,hemorragia del parto o puerperio,2005-03-01,12,12
LORETO,salud sexual y reproductiva,hemorragia del parto o puerperio,2005-03-01,1,1
MONTEAGUDO,salud sexual y reproductiva,hemorragia del parto o puerperio,2005-03-01,1,1
MONTERO,salud sexual y reproductiva,hemorragia del parto o puerperio,2005-03-01,12,12
ORURO,salud sexual y reproductiva,hemorragia del parto o puerperio,2005-03-01,4,4
PUERTO ACOSTA,salud sexual y reproductiva,hemorragia del parto o puerperio,2005-03-01,2,2
PUERTO RICO,salud sexual y reproductiva,hemorragia del parto o puerperio,2005-03-01,1,1
PUERTO VILLARROEL,salud sexual y reproductiva,hemorragia del parto o puerperio,2005-03-01,2,2
PUNA,salud sexual y reproductiva,hemorragia del parto o puerperio,2005-03-01,1,1
QUIRUSILLAS,salud sexual y reproductiva,hemorragia del parto o puerperio,2005-03-01,1,1
RIBERALTA,salud sexual y reproductiva,hemorragia del parto o puerperio,2005-03-01,1,1
SACABA,salud sexual y reproductiva,hemorragia del parto o puerperio,2005-03-01,1,1
SAN BORJA,salud sexual y reproductiva,hemorragia del parto o puerperio,2005-03-01,1,1
SAN CARLOS,salud sexual y reproductiva,hemorragia del parto o puerperio,2005-03-01,3,3
SAN IGNACIO,salud sexual y reproductiva,hemorragia del parto o puerperio,2005-03-01,4,4
SAN IGNACIO DE VELASCO,salud sexual y reproductiva,hemorragia del parto o puerperio,2005-03-01,2,2
SAN MIGUEL DE VELASCO,salud sexual y reproductiva,hemorragia del parto o puerperio,2005-03-01,1,1
SANTA CRUZ DE LA SIERRA,salud sexual y reproductiva,hemorragia del parto o puerperio,2005-03-01,28,28
SANTA ROSA,salud sexual y reproductiva,hemorragia del parto o puerperio,2005-03-01,1,1
SICA SICA (VILLA AROMA),salud sexual y reproductiva,hemorragia del parto o puerperio,2005-03-01,1,1
SUCRE,salud sexual y reproductiva,hemorragia del parto o puerperio,2005-03-01,14,14
TARABUCO,salud sexual y reproductiva,hemorragia del parto o puerperio,2005-03-01,2,2
TARIJA,salud sexual y reproductiva,hemorragia del parto o puerperio,2005-03-01,12,12
TOCO,salud sexual y reproductiva,hemorragia del parto o puerperio,2005-03-01,1,1
TOMINA,salud sexual y reproductiva,hemorragia del parto o puerperio,2005-03-01,1,1
TOTORA(CBBA),salud sexual y reproductiva,hemorragia del parto o puerperio,2005-03-01,2,2
TRINIDAD,salud sexual y reproductiva,hemorragia del parto o puerperio,2005-03-01,12,12
VILLA MONTES,salud sexual y reproductiva,hemorragia del parto o puerperio,2005-03-01,2,2
VILLA TUNARI,salud sexual y reproductiva,hemorragia del parto o puerperio,2005-03-01,3,3
VILLAZON,salud sexual y reproductiva,hemorragia del parto o puerperio,2005-03-01,1,1
WARNES,salud sexual y reproductiva,hemorragia del parto o puerperio,2005-03-01,1,1
YAPACANI,salud sexual y reproductiva,hemorragia del parto o puerperio,2005-03-01,1,1
ACHACACHI,salud sexual y reproductiva,hemorragia del parto o puerperio,2005-04-01,5,5
APOLO,salud sexual y reproductiva,hemorragia del parto o puerperio,2005-04-01,1,1
ASCENCION DE GUARAYOS,salud sexual y reproductiva,hemorragia del parto o puerperio,2005-04-01,2,2
BUENA VISTA,salud sexual y reproductiva,hemorragia del parto o puerperio,2005-04-01,3,3
CABEZAS,salud sexual y reproductiva,hemorragia del parto o puerperio,2005-04-01,1,1
"CAIZA ""D""",salud sexual y reproductiva,hemorragia del parto o puerperio,2005-04-01,1,1
CAPINOTA,salud sexual y reproductiva,hemorragia del parto o puerperio,2005-04-01,1,1
CARACOLLO,salud sexual y reproductiva,hemorragia del parto o puerperio,2005-04-01,1,1
CARANAVI,salud sexual y reproductiva,hemorragia del parto o puerperio,2005-04-01,1,1
CHALLAPATA,salud sexual y reproductiva,hemorragia del parto o puerperio,2005-04-01,7,7
CHAYANTA,salud sexual y reproductiva,hemorragia del parto o puerperio,2005-04-01,1,1
CHUMA,salud sexual y reproductiva,hemorragia del parto o puerperio,2005-04-01,1,1
COCHABAMBA,salud sexual y reproductiva,hemorragia del parto o puerperio,2005-04-01,3,3
COLOMI,salud sexual y reproductiva,hemorragia del parto o puerperio,2005-04-01,1,1
COLQUIRI,salud sexual y reproductiva,hemorragia del parto o puerperio,2005-04-01,1,1
COMARAPA,salud sexual y reproductiva,hemorragia del parto o puerperio,2005-04-01,1,1
COPACABANA,salud sexual y reproductiva,hemorragia del parto o puerperio,2005-04-01,2,2
COTOCA,salud sexual y reproductiva,hemorragia del parto o puerperio,2005-04-01,1,1
CUEVO,salud sexual y reproductiva,hemorragia del parto o puerperio,2005-04-01,1,1
EL ALTO,salud sexual y reproductiva,hemorragia del parto o puerperio,2005-04-01,7,7
HUANUNI,salud sexual y reproductiva,hemorragia del parto o puerperio,2005-04-01,9,9
JESUS DE MACHACA,salud sexual y reproductiva,hemorragia del parto o puerperio,2005-04-01,1,1
LA PAZ,salud sexual y reproductiva,hemorragia del parto o puerperio,2005-04-01,1,1
LAJA,salud sexual y reproductiva,hemorragia del parto o puerperio,2005-04-01,1,1
LLALLAGUA,salud sexual y reproductiva,hemorragia del parto o puerperio,2005-04-01,6,6
MACHARETI,salud sexual y reproductiva,hemorragia del parto o puerperio,2005-04-01,2,2
MAGDALENA,salud sexual y reproductiva,hemorragia del parto o puerperio,2005-04-01,1,1
MIZQUE,salud sexual y reproductiva,hemorragia del parto o puerperio,2005-04-01,1,1
MONTEAGUDO,salud sexual y reproductiva,hemorragia del parto o puerperio,2005-04-01,2,2
MONTERO,salud sexual y reproductiva,hemorragia del parto o puerperio,2005-04-01,18,18
ORURO,salud sexual y reproductiva,hemorragia del parto o puerperio,2005-04-01,1,1
PALOS BLANCOS,salud sexual y reproductiva,hemorragia del parto o puerperio,2005-04-01,1,1
POTOSI,salud sexual y reproductiva,hemorragia del parto o puerperio,2005-04-01,3,3
PUERTO CARABUCO,salud sexual y reproductiva,hemorragia del parto o puerperio,2005-04-01,1,1
PUERTO GONZALO MORENO,salud sexual y reproductiva,hemorragia del parto o puerperio,2005-04-01,1,1
PUERTO VILLARROEL,salud sexual y reproductiva,hemorragia del parto o puerperio,2005-04-01,1,1
RAVELO,salud sexual y reproductiva,hemorragia del parto o puerperio,2005-04-01,1,1
RURRENABAQUE,salud sexual y reproductiva,hemorragia del parto o puerperio,2005-04-01,1,1
SACABAMBA,salud sexual y reproductiva,hemorragia del parto o puerperio,2005-04-01,2,2
SAN CARLOS,salud sexual y reproductiva,hemorragia del parto o puerperio,2005-04-01,1,1
SAN IGNACIO,salud sexual y reproductiva,hemorragia del parto o puerperio,2005-04-01,2,2
SAN IGNACIO DE VELASCO,salud sexual y reproductiva,hemorragia del parto o puerperio,2005-04-01,3,3
SAN LUCAS,salud sexual y reproductiva,hemorragia del parto o puerperio,2005-04-01,1,1
SANTA CRUZ DE LA SIERRA,salud sexual y reproductiva,hemorragia del parto o puerperio,2005-04-01,36,36
SANTA ROSA,salud sexual y reproductiva,hemorragia del parto o puerperio,2005-04-01,1,1
SORACACHI,salud sexual y reproductiva,hemorragia del parto o puerperio,2005-04-01,1,1
SUCRE,salud sexual y reproductiva,hemorragia del parto o puerperio,2005-04-01,14,14
TAPACARI,salud sexual y reproductiva,hemorragia del parto o puerperio,2005-04-01,1,1
TARIJA,salud sexual y reproductiva,hemorragia del parto o puerperio,2005-04-01,8,8
TRINIDAD,salud sexual y reproductiva,hemorragia del parto o puerperio,2005-04-01,3,3
VALLEGRANDE,salud sexual y reproductiva,hemorragia del parto o puerperio,2005-04-01,1,1
VILLA MONTES,salud sexual y reproductiva,hemorragia del parto o puerperio,2005-04-01,2,2
VILLAZON,salud sexual y reproductiva,hemorragia del parto o puerperio,2005-04-01,1,1
VINTO,salud sexual y reproductiva,hemorragia del parto o puerperio,2005-04-01,1,1
YAPACANI,salud sexual y reproductiva,hemorragia del parto o puerperio,2005-04-01,2,2
ACHACACHI,salud sexual y reproductiva,hemorragia del parto o puerperio,2005-05-01,4,4
ATOCHA,salud sexual y reproductiva,hemorragia del parto o puerperio,2005-05-01,1,1
CALAMARCA,salud sexual y reproductiva,hemorragia del parto o puerperio,2005-05-01,1,1
CAMIRI,salud sexual y reproductiva,hemorragia del parto o puerperio,2005-05-01,2,2
CAPINOTA,salud sexual y reproductiva,hemorragia del parto o puerperio,2005-05-01,1,1
CARACOLLO,salud sexual y reproductiva,hemorragia del parto o puerperio,2005-05-01,2,2
CHALLAPATA,salud sexual y reproductiva,hemorragia del parto o puerperio,2005-05-01,14,14
CHULUMANI (V. DE LA LIBERTAD),salud sexual y reproductiva,hemorragia del parto o puerperio,2005-05-01,1,1
COCHABAMBA,salud sexual y reproductiva,hemorragia del parto o puerperio,2005-05-01,4,4
COLCAPIRHUA,salud sexual y reproductiva,hemorragia del parto o puerperio,2005-05-01,1,1
COLOMI,salud sexual y reproductiva,hemorragia del parto o puerperio,2005-05-01,1,1
COTAGAITA,salud sexual y reproductiva,hemorragia del parto o puerperio,2005-05-01,1,1
EL ALTO,salud sexual y reproductiva,hemorragia del parto o puerperio,2005-05-01,4,4
EUCALIPTUS,salud sexual y reproductiva,hemorragia del parto o puerperio,2005-05-01,1,1
FERNANDEZ ALONSO,salud sexual y reproductiva,hemorragia del parto o puerperio,2005-05-01,2,2
HUACARETA,salud sexual y reproductiva,hemorragia del parto o puerperio,2005-05-01,1,1
HUANUNI,salud sexual y reproductiva,hemorragia del parto o puerperio,2005-05-01,5,5
LA ASUNTA,salud sexual y reproductiva,hemorragia del parto o puerperio,2005-05-01,1,1
LA PAZ,salud sexual y reproductiva,hemorragia del parto o puerperio,2005-05-01,1,1
LAJA,salud sexual y reproductiva,hemorragia del parto o puerperio,2005-05-01,1,1
LAS CARRERAS,salud sexual y reproductiva,hemorragia del parto o puerperio,2005-05-01,2,2
LLALLAGUA,salud sexual y reproductiva,hemorragia del parto o puerperio,2005-05-01,8,8
MAGDALENA,salud sexual y reproductiva,hemorragia del parto o puerperio,2005-05-01,1,1
MINEROS,salud sexual y reproductiva,hemorragia del parto o puerperio,2005-05-01,3,3
MIZQUE,salud sexual y reproductiva,hemorragia del parto o puerperio,2005-05-01,3,3
MONTEAGUDO,salud sexual y reproductiva,hemorragia del parto o puerperio,2005-05-01,1,1
MONTERO,salud sexual y reproductiva,hemorragia del parto o puerperio,2005-05-01,15,15
ORURO,salud sexual y reproductiva,hemorragia del parto o puerperio,2005-05-01,2,2
PALOS BLANCOS,salud sexual y reproductiva,hemorragia del parto o puerperio,2005-05-01,1,1
POROMA,salud sexual y reproductiva,hemorragia del parto o puerperio,2005-05-01,1,1
POTOSI,salud sexual y reproductiva,hemorragia del parto o puerperio,2005-05-01,2,2
QUILLACOLLO,salud sexual y reproductiva,hemorragia del parto o puerperio,2005-05-01,3,3
SACABAMBA,salud sexual y reproductiva,hemorragia del parto o puerperio,2005-05-01,1,1
SAN ANDRES,salud sexual y reproductiva,hemorragia del parto o puerperio,2005-05-01,1,1
SAN BENITO,salud sexual y reproductiva,hemorragia del parto o puerperio,2005-05-01,1,1
SAN CARLOS,salud sexual y reproductiva,hemorragia del parto o puerperio,2005-05-01,1,1
SAN IGNACIO DE VELASCO,salud sexual y reproductiva,hemorragia del parto o puerperio,2005-05-01,4,4
SAN JOAQUIN,salud sexual y reproductiva,hemorragia del parto o puerperio,2005-05-01,4,4
SAN LUCAS,salud sexual y reproductiva,hemorragia del parto o puerperio,2005-05-01,2,2
SAN PEDRO,salud sexual y reproductiva,hemorragia del parto o puerperio,2005-05-01,1,1
SANTA CRUZ DE LA SIERRA,salud sexual y reproductiva,hemorragia del parto o puerperio,2005-05-01,16,16
SANTA ROSA,salud sexual y reproductiva,hemorragia del parto o puerperio,2005-05-01,1,1
SICA SICA (VILLA AROMA),salud sexual y reproductiva,hemorragia del parto o puerperio,2005-05-01,1,1
SUCRE,salud sexual y reproductiva,hemorragia del parto o puerperio,2005-05-01,8,8
TAPACARI,salud sexual y reproductiva,hemorragia del parto o puerperio,2005-05-01,1,1
TARABUCO,salud sexual y reproductiva,hemorragia del parto o puerperio,2005-05-01,1,1
TARIJA,salud sexual y reproductiva,hemorragia del parto o puerperio,2005-05-01,5,5
TIAWANACU,salud sexual y reproductiva,hemorragia del parto o puerperio,2005-05-01,1,1
TORO TORO,salud sexual y reproductiva,hemorragia del parto o puerperio,2005-05-01,1,1
TRINIDAD,salud sexual y reproductiva,hemorragia del parto o puerperio,2005-05-01,6,6
VILLA MONTES,salud sexual y reproductiva,hemorragia del parto o puerperio,2005-05-01,1,1
VILLA TUNARI,salud sexual y reproductiva,hemorragia del parto o puerperio,2005-05-01,1,1
VILLAZON,salud sexual y reproductiva,hemorragia del parto o puerperio,2005-05-01,2,2
YACUIBA,salud sexual y reproductiva,hemorragia del parto o puerperio,2005-05-01,1,1
ZUDAÑEZ,salud sexual y reproductiva,hemorragia del parto o puerperio,2005-05-01,1,1
AIQUILE,salud sexual y reproductiva,hemorragia del parto o puerperio,2005-06-01,1,1
ATOCHA,salud sexual y reproductiva,hemorragia del parto o puerperio,2005-06-01,1,1
BERMEJO,salud sexual y reproductiva,hemorragia del parto o puerperio,2005-06-01,1,1
BETANZOS,salud sexual y reproductiva,hemorragia del parto o puerperio,2005-06-01,2,2
CAMIRI,salud sexual y reproductiva,hemorragia del parto o puerperio,2005-06-01,3,3
CHALLAPATA,salud sexual y reproductiva,hemorragia del parto o puerperio,2005-06-01,1,1
CHULUMANI (V. DE LA LIBERTAD),salud sexual y reproductiva,hemorragia del parto o puerperio,2005-06-01,14,14
COCHABAMBA,salud sexual y reproductiva,hemorragia del parto o puerperio,2005-06-01,2,2
COLCAPIRHUA,salud sexual y reproductiva,hemorragia del parto o puerperio,2005-06-01,1,1
COLOMI,salud sexual y reproductiva,hemorragia del parto o puerperio,2005-06-01,3,3
COROICO,salud sexual y reproductiva,hemorragia del parto o puerperio,2005-06-01,2,2
COTOCA,salud sexual y reproductiva,hemorragia del parto o puerperio,2005-06-01,1,1
CUATRO CAÑADAS,salud sexual y reproductiva,hemorragia del parto o puerperio,2005-06-01,2,2
EL ALTO,salud sexual y reproductiva,hemorragia del parto o puerperio,2005-06-01,5,5
FERNANDEZ ALONSO,salud sexual y reproductiva,hemorragia del parto o puerperio,2005-06-01,3,3
GRAL. J.J. PEREZ (CHARAZANI),salud sexual y reproductiva,hemorragia del parto o puerperio,2005-06-01,1,1
GUANAY,salud sexual y reproductiva,hemorragia del parto o puerperio,2005-06-01,2,2
HUANUNI,salud sexual y reproductiva,hemorragia del parto o puerperio,2005-06-01,4,4
LAJA,salud sexual y reproductiva,hemorragia del parto o puerperio,2005-06-01,1,1
LLALLAGUA,salud sexual y reproductiva,hemorragia del parto o puerperio,2005-06-01,5,5
MINEROS,salud sexual y reproductiva,hemorragia del parto o puerperio,2005-06-01,1,1
MONTEAGUDO,salud sexual y reproductiva,hemorragia del parto o puerperio,2005-06-01,2,2
MONTERO,salud sexual y reproductiva,hemorragia del parto o puerperio,2005-06-01,36,36
OCURI,salud sexual y reproductiva,hemorragia del parto o puerperio,2005-06-01,2,2
ORURO,salud sexual y reproductiva,hemorragia del parto o puerperio,2005-06-01,3,3
PALOS BLANCOS,salud sexual y reproductiva,hemorragia del parto o puerperio,2005-06-01,1,1
POROMA,salud sexual y reproductiva,hemorragia del parto o puerperio,2005-06-01,2,2
POTOSI,salud sexual y reproductiva,hemorragia del parto o puerperio,2005-06-01,1,1
PUERTO ACOSTA,salud sexual y reproductiva,hemorragia del parto o puerperio,2005-06-01,3,3
PUERTO CARABUCO,salud sexual y reproductiva,hemorragia del parto o puerperio,2005-06-01,1,1
PUERTO SUAREZ,salud sexual y reproductiva,hemorragia del parto o puerperio,2005-06-01,1,1
QUILLACOLLO,salud sexual y reproductiva,hemorragia del parto o puerperio,2005-06-01,1,1
SACABA,salud sexual y reproductiva,hemorragia del parto o puerperio,2005-06-01,1,1
SAN CARLOS,salud sexual y reproductiva,hemorragia del parto o puerperio,2005-06-01,1,1
SAN IGNACIO,salud sexual y reproductiva,hemorragia del parto o puerperio,2005-06-01,1,1
SAN IGNACIO DE VELASCO,salud sexual y reproductiva,hemorragia del parto o puerperio,2005-06-01,1,1
SAN LUCAS,salud sexual y reproductiva,hemorragia del parto o puerperio,2005-06-01,5,5
SAN MIGUEL DE VELASCO,salud sexual y reproductiva,hemorragia del parto o puerperio,2005-06-01,1,1
SAN PEDRO DE BUENA VISTA,salud sexual y reproductiva,hemorragia del parto o puerperio,2005-06-01,1,1
SAN RAFAEL,salud sexual y reproductiva,hemorragia del parto o puerperio,2005-06-01,1,1
SANTA CRUZ DE LA SIERRA,salud sexual y reproductiva,hemorragia del parto o puerperio,2005-06-01,20,20
SANTA ROSA,salud sexual y reproductiva,hemorragia del parto o puerperio,2005-06-01,3,3
SUCRE,salud sexual y reproductiva,hemorragia del parto o puerperio,2005-06-01,14,14
TARIJA,salud sexual y reproductiva,hemorragia del parto o puerperio,2005-06-01,2,2
TINGUIPAYA,salud sexual y reproductiva,hemorragia del parto o puerperio,2005-06-01,1,1
TIRAQUE (CBBA),salud sexual y reproductiva,hemorragia del parto o puerperio,2005-06-01,1,1
TOMAVE,salud sexual y reproductiva,hemorragia del parto o puerperio,2005-06-01,1,1
TRINIDAD,salud sexual y reproductiva,hemorragia del parto o puerperio,2005-06-01,4,4
TUPIZA,salud sexual y reproductiva,hemorragia del parto o puerperio,2005-06-01,1,1
UNCIA,salud sexual y reproductiva,hemorragia del parto o puerperio,2005-06-01,5,5
URUBICHA,salud sexual y reproductiva,hemorragia del parto o puerperio,2005-06-01,3,3
VILLA MONTES,salud sexual y reproductiva,hemorragia del parto o puerperio,2005-06-01,1,1
VILLAZON,salud sexual y reproductiva,hemorragia del parto o puerperio,2005-06-01,1,1
YACUIBA,salud sexual y reproductiva,hemorragia del parto o puerperio,2005-06-01,1,1
YOTALA,salud sexual y reproductiva,hemorragia del parto o puerperio,2005-06-01,1,1
ACHACACHI,salud sexual y reproductiva,hemorragia del parto o puerperio,2005-07-01,1,1
ASCENCION DE GUARAYOS,salud sexual y reproductiva,hemorragia del parto o puerperio,2005-07-01,1,1
BETANZOS,salud sexual y reproductiva,hemorragia del parto o puerperio,2005-07-01,1,1
BUENA VISTA,salud sexual y reproductiva,hemorragia del parto o puerperio,2005-07-01,1,1
CARANAVI,salud sexual y reproductiva,hemorragia del parto o puerperio,2005-07-01,1,1
CHALLAPATA,salud sexual y reproductiva,hemorragia del parto o puerperio,2005-07-01,4,4
CLIZA,salud sexual y reproductiva,hemorragia del parto o puerperio,2005-07-01,2,2
COCHABAMBA,salud sexual y reproductiva,hemorragia del parto o puerperio,2005-07-01,2,2
COLCAPIRHUA,salud sexual y reproductiva,hemorragia del parto o puerperio,2005-07-01,1,1
CORQUE,salud sexual y reproductiva,hemorragia del parto o puerperio,2005-07-01,1,1
CULPINA,salud sexual y reproductiva,hemorragia del parto o puerperio,2005-07-01,1,1
EL ALTO,salud sexual y reproductiva,hemorragia del parto o puerperio,2005-07-01,8,8
GUAYARAMERIN,salud sexual y reproductiva,hemorragia del parto o puerperio,2005-07-01,1,1
HUACARETA,salud sexual y reproductiva,hemorragia del parto o puerperio,2005-07-01,1,1
HUANUNI,salud sexual y reproductiva,hemorragia del parto o puerperio,2005-07-01,4,4
LA PAZ,salud sexual y reproductiva,hemorragia del parto o puerperio,2005-07-01,1,1
LLALLAGUA,salud sexual y reproductiva,hemorragia del parto o puerperio,2005-07-01,1,1
MACHARETI,salud sexual y reproductiva,hemorragia del parto o puerperio,2005-07-01,1,1
MINEROS,salud sexual y reproductiva,hemorragia del parto o puerperio,2005-07-01,1,1
MONTERO,salud sexual y reproductiva,hemorragia del parto o puerperio,2005-07-01,17,17
OCURI,salud sexual y reproductiva,hemorragia del parto o puerperio,2005-07-01,1,1
ORURO,salud sexual y reproductiva,hemorragia del parto o puerperio,2005-07-01,4,4
PALOS BLANCOS,salud sexual y reproductiva,hemorragia del parto o puerperio,2005-07-01,1,1
PATACAMAYA,salud sexual y reproductiva,hemorragia del parto o puerperio,2005-07-01,4,4
POTOSI,salud sexual y reproductiva,hemorragia del parto o puerperio,2005-07-01,2,2
PUERTO ACOSTA,salud sexual y reproductiva,hemorragia del parto o puerperio,2005-07-01,1,1
PUERTO SILES,salud sexual y reproductiva,hemorragia del parto o puerperio,2005-07-01,1,1
PUERTO SUAREZ,salud sexual y reproductiva,hemorragia del parto o puerperio,2005-07-01,1,1
PUERTO VILLARROEL,salud sexual y reproductiva,hemorragia del parto o puerperio,2005-07-01,1,1
RIBERALTA,salud sexual y reproductiva,hemorragia del parto o puerperio,2005-07-01,2,2
SACABAMBA,salud sexual y reproductiva,hemorragia del parto o puerperio,2005-07-01,4,4
SAN CARLOS,salud sexual y reproductiva,hemorragia del parto o puerperio,2005-07-01,1,1
SAN JULIAN,salud sexual y reproductiva,hemorragia del parto o puerperio,2005-07-01,2,2
SAN LUCAS,salud sexual y reproductiva,hemorragia del parto o puerperio,2005-07-01,1,1
SANTA CRUZ DE LA SIERRA,salud sexual y reproductiva,hemorragia del parto o puerperio,2005-07-01,25,25
SUCRE,salud sexual y reproductiva,hemorragia del parto o puerperio,2005-07-01,11,11
TARABUCO,salud sexual y reproductiva,hemorragia del parto o puerperio,2005-07-01,1,1
TARIJA,salud sexual y reproductiva,hemorragia del parto o puerperio,2005-07-01,7,7
TIQUIPAYA,salud sexual y reproductiva,hemorragia del parto o puerperio,2005-07-01,2,2
TRINIDAD,salud sexual y reproductiva,hemorragia del parto o puerperio,2005-07-01,2,2
TUPIZA,salud sexual y reproductiva,hemorragia del parto o puerperio,2005-07-01,2,2
URUBICHA,salud sexual y reproductiva,hemorragia del parto o puerperio,2005-07-01,3,3
VITICHI,salud sexual y reproductiva,hemorragia del parto o puerperio,2005-07-01,1,1
WARNES,salud sexual y reproductiva,hemorragia del parto o puerperio,2005-07-01,1,1
YACUIBA,salud sexual y reproductiva,hemorragia del parto o puerperio,2005-07-01,2,2
ACHACACHI,salud sexual y reproductiva,hemorragia del parto o puerperio,2005-08-01,2,2
ASCENCION DE GUARAYOS,salud sexual y reproductiva,hemorragia del parto o puerperio,2005-08-01,3,3
BATALLAS,salud sexual y reproductiva,hemorragia del parto o puerperio,2005-08-01,1,1
BELLA FLOR,salud sexual y reproductiva,hemorragia del parto o puerperio,2005-08-01,1,1
BETANZOS,salud sexual y reproductiva,hemorragia del parto o puerperio,2005-08-01,2,2
"CAIZA ""D""",salud sexual y reproductiva,hemorragia del parto o puerperio,2005-08-01,1,1
CHALLAPATA,salud sexual y reproductiva,hemorragia del parto o puerperio,2005-08-01,2,2
COBIJA,salud sexual y reproductiva,hemorragia del parto o puerperio,2005-08-01,6,6
COCHABAMBA,salud sexual y reproductiva,hemorragia del parto o puerperio,2005-08-01,5,5
COLOMI,salud sexual y reproductiva,hemorragia del parto o puerperio,2005-08-01,3,3
COTAGAITA,salud sexual y reproductiva,hemorragia del parto o puerperio,2005-08-01,2,2
CULPINA,salud sexual y reproductiva,hemorragia del parto o puerperio,2005-08-01,1,1
EL ALTO,salud sexual y reproductiva,hemorragia del parto o puerperio,2005-08-01,5,5
EUREKA (SANTOS MERCADO),salud sexual y reproductiva,hemorragia del parto o puerperio,2005-08-01,1,1
FERNANDEZ ALONSO,salud sexual y reproductiva,hemorragia del parto o puerperio,2005-08-01,5,5
GUANAY,salud sexual y reproductiva,hemorragia del parto o puerperio,2005-08-01,1,1
HUANUNI,salud sexual y reproductiva,hemorragia del parto o puerperio,2005-08-01,4,4
LA PAZ,salud sexual y reproductiva,hemorragia del parto o puerperio,2005-08-01,4,4
LAJA,salud sexual y reproductiva,hemorragia del parto o puerperio,2005-08-01,2,2
LLALLAGUA,salud sexual y reproductiva,hemorragia del parto o puerperio,2005-08-01,6,6
LURIBAY,salud sexual y reproductiva,hemorragia del parto o puerperio,2005-08-01,1,1
MINEROS,salud sexual y reproductiva,hemorragia del parto o puerperio,2005-08-01,1,1
MOJOCOYA,salud sexual y reproductiva,hemorragia del parto o puerperio,2005-08-01,1,1
MONTEAGUDO,salud sexual y reproductiva,hemorragia del parto o puerperio,2005-08-01,3,3
MONTERO,salud sexual y reproductiva,hemorragia del parto o puerperio,2005-08-01,17,17
ORURO,salud sexual y reproductiva,hemorragia del parto o puerperio,2005-08-01,3,3
PADCAYA,salud sexual y reproductiva,hemorragia del parto o puerperio,2005-08-01,1,1
PADILLA,salud sexual y reproductiva,hemorragia del parto o puerperio,2005-08-01,2,2
PALOS BLANCOS,salud sexual y reproductiva,hemorragia del parto o puerperio,2005-08-01,1,1
PORVENIR,salud sexual y reproductiva,hemorragia del parto o puerperio,2005-08-01,1,1
PUERTO QUIJARRO,salud sexual y reproductiva,hemorragia del parto o puerperio,2005-08-01,2,2
PUERTO SILES,salud sexual y reproductiva,hemorragia del parto o puerperio,2005-08-01,1,1
PUNA,salud sexual y reproductiva,hemorragia del parto o puerperio,2005-08-01,5,5
SACABAMBA,salud sexual y reproductiva,hemorragia del parto o puerperio,2005-08-01,2,2
SACACA,salud sexual y reproductiva,hemorragia del parto o puerperio,2005-08-01,1,1
SAMAIPATA,salud sexual y reproductiva,hemorragia del parto o puerperio,2005-08-01,1,1
SAN CARLOS,salud sexual y reproductiva,hemorragia del parto o puerperio,2005-08-01,2,2
SAN LORENZO(TJA),salud sexual y reproductiva,hemorragia del parto o puerperio,2005-08-01,1,1
SAN LUCAS,salud sexual y reproductiva,hemorragia del parto o puerperio,2005-08-01,1,1
SAN MIGUEL DE VELASCO,salud sexual y reproductiva,hemorragia del parto o puerperio,2005-08-01,1,1
SAN PEDRO DE BUENA VISTA,salud sexual y reproductiva,hemorragia del parto o puerperio,2005-08-01,1,1
SANTA CRUZ DE LA SIERRA,salud sexual y reproductiva,hemorragia del parto o puerperio,2005-08-01,21,21
SUCRE,salud sexual y reproductiva,hemorragia del parto o puerperio,2005-08-01,17,17
TARABUCO,salud sexual y reproductiva,hemorragia del parto o puerperio,2005-08-01,6,6
TARIJA,salud sexual y reproductiva,hemorragia del parto o puerperio,2005-08-01,13,13
TEOPONTE,salud sexual y reproductiva,hemorragia del parto o puerperio,2005-08-01,1,1
TIRAQUE (CBBA),salud sexual y reproductiva,hemorragia del parto o puerperio,2005-08-01,1,1
TOMINA,salud sexual y reproductiva,hemorragia del parto o puerperio,2005-08-01,1,1
TRINIDAD,salud sexual y reproductiva,hemorragia del parto o puerperio,2005-08-01,1,1
URUBICHA,salud sexual y reproductiva,hemorragia del parto o puerperio,2005-08-01,2,2
VILLA MONTES,salud sexual y reproductiva,hemorragia del parto o puerperio,2005-08-01,1,1
VILLA TUNARI,salud sexual y reproductiva,hemorragia del parto o puerperio,2005-08-01,1,1
VILLAZON,salud sexual y reproductiva,hemorragia del parto o puerperio,2005-08-01,1,1
WALDO BALLIVIAN,salud sexual y reproductiva,hemorragia del parto o puerperio,2005-08-01,1,1
WARNES,salud sexual y reproductiva,hemorragia del parto o puerperio,2005-08-01,1,1
ACHACACHI,salud sexual y reproductiva,hemorragia del parto o puerperio,2005-09-01,1,1
ATOCHA,salud sexual y reproductiva,hemorragia del parto o puerperio,2005-09-01,1,1
CABEZAS,salud sexual y reproductiva,hemorragia del parto o puerperio,2005-09-01,1,1
CAMARGO,salud sexual y reproductiva,hemorragia del parto o puerperio,2005-09-01,2,2
CAMIRI,salud sexual y reproductiva,hemorragia del parto o puerperio,2005-09-01,2,2
CAPINOTA,salud sexual y reproductiva,hemorragia del parto o puerperio,2005-09-01,1,1
CARACOLLO,salud sexual y reproductiva,hemorragia del parto o puerperio,2005-09-01,2,2
CARIPUYO,salud sexual y reproductiva,hemorragia del parto o puerperio,2005-09-01,1,1
CHALLAPATA,salud sexual y reproductiva,hemorragia del parto o puerperio,2005-09-01,5,5
COBIJA,salud sexual y reproductiva,hemorragia del parto o puerperio,2005-09-01,4,4
COCHABAMBA,salud sexual y reproductiva,hemorragia del parto o puerperio,2005-09-01,3,3
COLOMI,salud sexual y reproductiva,hemorragia del parto o puerperio,2005-09-01,3,3
EL ALTO,salud sexual y reproductiva,hemorragia del parto o puerperio,2005-09-01,2,2
FERNANDEZ ALONSO,salud sexual y reproductiva,hemorragia del parto o puerperio,2005-09-01,1,1
HUANUNI,salud sexual y reproductiva,hemorragia del parto o puerperio,2005-09-01,13,13
ICHOCA,salud sexual y reproductiva,hemorragia del parto o puerperio,2005-09-01,1,1
LA PAZ,salud sexual y reproductiva,hemorragia del parto o puerperio,2005-09-01,4,4
LLALLAGUA,salud sexual y reproductiva,hemorragia del parto o puerperio,2005-09-01,9,9
MONTEAGUDO,salud sexual y reproductiva,hemorragia del parto o puerperio,2005-09-01,1,1
MONTERO,salud sexual y reproductiva,hemorragia del parto o puerperio,2005-09-01,5,5
ORURO,salud sexual y reproductiva,hemorragia del parto o puerperio,2005-09-01,3,3
PALOS BLANCOS,salud sexual y reproductiva,hemorragia del parto o puerperio,2005-09-01,2,2
POTOSI,salud sexual y reproductiva,hemorragia del parto o puerperio,2005-09-01,1,1
PUERTO ACOSTA,salud sexual y reproductiva,hemorragia del parto o puerperio,2005-09-01,1,1
PUERTO QUIJARRO,salud sexual y reproductiva,hemorragia del parto o puerperio,2005-09-01,1,1
PUERTO SUAREZ,salud sexual y reproductiva,hemorragia del parto o puerperio,2005-09-01,1,1
PUNA,salud sexual y reproductiva,hemorragia del parto o puerperio,2005-09-01,1,1
RIBERALTA,salud sexual y reproductiva,hemorragia del parto o puerperio,2005-09-01,1,1
SAN MIGUEL DE VELASCO,salud sexual y reproductiva,hemorragia del parto o puerperio,2005-09-01,1,1
SAN RAFAEL,salud sexual y reproductiva,hemorragia del parto o puerperio,2005-09-01,1,1
SANTA CRUZ DE LA SIERRA,salud sexual y reproductiva,hemorragia del parto o puerperio,2005-09-01,16,16
SUCRE,salud sexual y reproductiva,hemorragia del parto o puerperio,2005-09-01,22,22
TARIJA,salud sexual y reproductiva,hemorragia del parto o puerperio,2005-09-01,4,4
TIRAQUE (CBBA),salud sexual y reproductiva,hemorragia del parto o puerperio,2005-09-01,1,1
TORO TORO,salud sexual y reproductiva,hemorragia del parto o puerperio,2005-09-01,1,1
TRINIDAD,salud sexual y reproductiva,hemorragia del parto o puerperio,2005-09-01,2,2
UYUNI,salud sexual y reproductiva,hemorragia del parto o puerperio,2005-09-01,1,1
VILLA MONTES,salud sexual y reproductiva,hemorragia del parto o puerperio,2005-09-01,2,2
ACHACACHI,salud sexual y reproductiva,hemorragia del parto o puerperio,2005-10-01,1,1
APOLO,salud sexual y reproductiva,hemorragia del parto o puerperio,2005-10-01,1,1
ATOCHA,salud sexual y reproductiva,hemorragia del parto o puerperio,2005-10-01,2,2
AZURDUY,salud sexual y reproductiva,hemorragia del parto o puerperio,2005-10-01,1,1
BETANZOS,salud sexual y reproductiva,hemorragia del parto o puerperio,2005-10-01,3,3
BUENA VISTA,salud sexual y reproductiva,hemorragia del parto o puerperio,2005-10-01,1,1
CAIROMA,salud sexual y reproductiva,hemorragia del parto o puerperio,2005-10-01,1,1
"CAIZA ""D""",salud sexual y reproductiva,hemorragia del parto o puerperio,2005-10-01,2,2
CALAMARCA,salud sexual y reproductiva,hemorragia del parto o puerperio,2005-10-01,1,1
CAMIRI,salud sexual y reproductiva,hemorragia del parto o puerperio,2005-10-01,1,1
CHALLAPATA,salud sexual y reproductiva,hemorragia del parto o puerperio,2005-10-01,12,12
COCHABAMBA,salud sexual y reproductiva,hemorragia del parto o puerperio,2005-10-01,5,5
COLQUECHACA,salud sexual y reproductiva,hemorragia del parto o puerperio,2005-10-01,1,1
COLQUIRI,salud sexual y reproductiva,hemorragia del parto o puerperio,2005-10-01,1,1
CORQUE,salud sexual y reproductiva,hemorragia del parto o puerperio,2005-10-01,1,1
EL ALTO,salud sexual y reproductiva,hemorragia del parto o puerperio,2005-10-01,1,1
FERNANDEZ ALONSO,salud sexual y reproductiva,hemorragia del parto o puerperio,2005-10-01,1,1
HUACARETA,salud sexual y reproductiva,hemorragia del parto o puerperio,2005-10-01,1,1
HUANUNI,salud sexual y reproductiva,hemorragia del parto o puerperio,2005-10-01,1,1
LA PAZ,salud sexual y reproductiva,hemorragia del parto o puerperio,2005-10-01,33,33
LLALLAGUA,salud sexual y reproductiva,hemorragia del parto o puerperio,2005-10-01,4,4
MAGDALENA,salud sexual y reproductiva,hemorragia del parto o puerperio,2005-10-01,2,2
MONTEAGUDO,salud sexual y reproductiva,hemorragia del parto o puerperio,2005-10-01,4,4
MONTERO,salud sexual y reproductiva,hemorragia del parto o puerperio,2005-10-01,9,9
OCURI,salud sexual y reproductiva,hemorragia del parto o puerperio,2005-10-01,2,2
ORURO,salud sexual y reproductiva,hemorragia del parto o puerperio,2005-10-01,13,13
PAILON,salud sexual y reproductiva,hemorragia del parto o puerperio,2005-10-01,1,1
PUCARANI,salud sexual y reproductiva,hemorragia del parto o puerperio,2005-10-01,2,2
PUERTO ACOSTA,salud sexual y reproductiva,hemorragia del parto o puerperio,2005-10-01,1,1
PUNA,salud sexual y reproductiva,hemorragia del parto o puerperio,2005-10-01,1,1
RIBERALTA,salud sexual y reproductiva,hemorragia del parto o puerperio,2005-10-01,1,1
ROBORE,salud sexual y reproductiva,hemorragia del parto o puerperio,2005-10-01,1,1
SACABA,salud sexual y reproductiva,hemorragia del parto o puerperio,2005-10-01,2,2
SACACA,salud sexual y reproductiva,hemorragia del parto o puerperio,2005-10-01,4,4
SAN IGNACIO,salud sexual y reproductiva,hemorragia del parto o puerperio,2005-10-01,1,1
SAN IGNACIO DE VELASCO,salud sexual y reproductiva,hemorragia del parto o puerperio,2005-10-01,4,4
SAN LUCAS,salud sexual y reproductiva,hemorragia del parto o puerperio,2005-10-01,1,1
SAN MATIAS,salud sexual y reproductiva,hemorragia del parto o puerperio,2005-10-01,1,1
SAN RAFAEL,salud sexual y reproductiva,hemorragia del parto o puerperio,2005-10-01,1,1
SANTA CRUZ DE LA SIERRA,salud sexual y reproductiva,hemorragia del parto o puerperio,2005-10-01,16,16
SORATA,salud sexual y reproductiva,hemorragia del parto o puerperio,2005-10-01,1,1
SUCRE,salud sexual y reproductiva,hemorragia del parto o puerperio,2005-10-01,16,16
TARABUCO,salud sexual y reproductiva,hemorragia del parto o puerperio,2005-10-01,1,1
TARIJA,salud sexual y reproductiva,hemorragia del parto o puerperio,2005-10-01,9,9
TARVITA,salud sexual y reproductiva,hemorragia del parto o puerperio,2005-10-01,1,1
TIQUIPAYA,salud sexual y reproductiva,hemorragia del parto o puerperio,2005-10-01,2,2
UNCIA,salud sexual y reproductiva,hemorragia del parto o puerperio,2005-10-01,2,2
VACAS,salud sexual y reproductiva,hemorragia del parto o puerperio,2005-10-01,5,5
VILLAZON,salud sexual y reproductiva,hemorragia del parto o puerperio,2005-10-01,2,2
ACHACACHI,salud sexual y reproductiva,hemorragia del parto o puerperio,2005-11-01,1,1
ATOCHA,salud sexual y reproductiva,hemorragia del parto o puerperio,2005-11-01,1,1
BERMEJO,salud sexual y reproductiva,hemorragia del parto o puerperio,2005-11-01,1,1
BETANZOS,salud sexual y reproductiva,hemorragia del parto o puerperio,2005-11-01,3,3
BUENA VISTA,salud sexual y reproductiva,hemorragia del parto o puerperio,2005-11-01,1,1
CAIROMA,salud sexual y reproductiva,hemorragia del parto o puerperio,2005-11-01,1,1
CAMARGO,salud sexual y reproductiva,hemorragia del parto o puerperio,2005-11-01,2,2
CAMIRI,salud sexual y reproductiva,hemorragia del parto o puerperio,2005-11-01,3,3
CHALLAPATA,salud sexual y reproductiva,hemorragia del parto o puerperio,2005-11-01,17,17
COBIJA,salud sexual y reproductiva,hemorragia del parto o puerperio,2005-11-01,2,2
COCHABAMBA,salud sexual y reproductiva,hemorragia del parto o puerperio,2005-11-01,6,6
COLOMI,salud sexual y reproductiva,hemorragia del parto o puerperio,2005-11-01,2,2
COTAGAITA,salud sexual y reproductiva,hemorragia del parto o puerperio,2005-11-01,2,2
EL ALTO,salud sexual y reproductiva,hemorragia del parto o puerperio,2005-11-01,4,4
FERNANDEZ ALONSO,salud sexual y reproductiva,hemorragia del parto o puerperio,2005-11-01,1,1
HUANUNI,salud sexual y reproductiva,hemorragia del parto o puerperio,2005-11-01,3,3
LAJA,salud sexual y reproductiva,hemorragia del parto o puerperio,2005-11-01,1,1
LLALLAGUA,salud sexual y reproductiva,hemorragia del parto o puerperio,2005-11-01,5,5
MINEROS,salud sexual y reproductiva,hemorragia del parto o puerperio,2005-11-01,1,1
MIZQUE,salud sexual y reproductiva,hemorragia del parto o puerperio,2005-11-01,2,2
MOJOCOYA,salud sexual y reproductiva,hemorragia del parto o puerperio,2005-11-01,1,1
MONTEAGUDO,salud sexual y reproductiva,hemorragia del parto o puerperio,2005-11-01,1,1
MONTERO,salud sexual y reproductiva,hemorragia del parto o puerperio,2005-11-01,9,9
OCURI,salud sexual y reproductiva,hemorragia del parto o puerperio,2005-11-01,2,2
ORURO,salud sexual y reproductiva,hemorragia del parto o puerperio,2005-11-01,1,1
POCONA,salud sexual y reproductiva,hemorragia del parto o puerperio,2005-11-01,1,1
POTOSI,salud sexual y reproductiva,hemorragia del parto o puerperio,2005-11-01,1,1
PUNA,salud sexual y reproductiva,hemorragia del parto o puerperio,2005-11-01,1,1
RIBERALTA,salud sexual y reproductiva,hemorragia del parto o puerperio,2005-11-01,1,1
SACABA,salud sexual y reproductiva,hemorragia del parto o puerperio,2005-11-01,1,1
SACABAMBA,salud sexual y reproductiva,hemorragia del parto o puerperio,2005-11-01,1,1
SAN BENITO,salud sexual y reproductiva,hemorragia del parto o puerperio,2005-11-01,1,1
SAN CARLOS,salud sexual y reproductiva,hemorragia del parto o puerperio,2005-11-01,2,2
SAN IGNACIO,salud sexual y reproductiva,hemorragia del parto o puerperio,2005-11-01,1,1
SAN IGNACIO DE VELASCO,salud sexual y reproductiva,hemorragia del parto o puerperio,2005-11-01,3,3
SAN JULIAN,salud sexual y reproductiva,hemorragia del parto o puerperio,2005-11-01,1,1
SAN LORENZO(TJA),salud sexual y reproductiva,hemorragia del parto o puerperio,2005-11-01,1,1
SAN LUCAS,salud sexual y reproductiva,hemorragia del parto o puerperio,2005-11-01,4,4
SAN MATIAS,salud sexual y reproductiva,hemorragia del parto o puerperio,2005-11-01,1,1
SAN RAFAEL,salud sexual y reproductiva,hemorragia del parto o puerperio,2005-11-01,1,1
SANTA CRUZ DE LA SIERRA,salud sexual y reproductiva,hemorragia del parto o puerperio,2005-11-01,14,14
SOPACHUY,salud sexual y reproductiva,hemorragia del parto o puerperio,2005-11-01,1,1
SUCRE,salud sexual y reproductiva,hemorragia del parto o puerperio,2005-11-01,14,14
TARIJA,salud sexual y reproductiva,hemorragia del parto o puerperio,2005-11-01,5,5
TARVITA,salud sexual y reproductiva,hemorragia del parto o puerperio,2005-11-01,1,1
TINGUIPAYA,salud sexual y reproductiva,hemorragia del parto o puerperio,2005-11-01,1,1
TOTORA(CBBA),salud sexual y reproductiva,hemorragia del parto o puerperio,2005-11-01,2,2
TRINIDAD,salud sexual y reproductiva,hemorragia del parto o puerperio,2005-11-01,2,2
UNCIA,salud sexual y reproductiva,hemorragia del parto o puerperio,2005-11-01,1,1
VACAS,salud sexual y reproductiva,hemorragia del parto o puerperio,2005-11-01,1,1
VILLA MONTES,salud sexual y reproductiva,hemorragia del parto o puerperio,2005-11-01,2,2
VILLA SERRANO,salud sexual y reproductiva,hemorragia del parto o puerperio,2005-11-01,1,1
VILLA TUNARI,salud sexual y reproductiva,hemorragia del parto o puerperio,2005-11-01,4,4
VILLAZON,salud sexual y reproductiva,hemorragia del parto o puerperio,2005-11-01,5,5
ACHACACHI,salud sexual y reproductiva,hemorragia del parto o puerperio,2005-12-01,3,3
BETANZOS,salud sexual y reproductiva,hemorragia del parto o puerperio,2005-12-01,1,1
CABEZAS,salud sexual y reproductiva,hemorragia del parto o puerperio,2005-12-01,1,1
CAIROMA,salud sexual y reproductiva,hemorragia del parto o puerperio,2005-12-01,1,1
CALAMARCA,salud sexual y reproductiva,hemorragia del parto o puerperio,2005-12-01,1,1
CAMIRI,salud sexual y reproductiva,hemorragia del parto o puerperio,2005-12-01,2,2
CAPINOTA,salud sexual y reproductiva,hemorragia del parto o puerperio,2005-12-01,2,2
CHALLAPATA,salud sexual y reproductiva,hemorragia del parto o puerperio,2005-12-01,2,2
COCHABAMBA,salud sexual y reproductiva,hemorragia del parto o puerperio,2005-12-01,3,3
COLCAPIRHUA,salud sexual y reproductiva,hemorragia del parto o puerperio,2005-12-01,1,1
COLOMI,salud sexual y reproductiva,hemorragia del parto o puerperio,2005-12-01,1,1
COTAGAITA,salud sexual y reproductiva,hemorragia del parto o puerperio,2005-12-01,1,1
EL ALTO,salud sexual y reproductiva,hemorragia del parto o puerperio,2005-12-01,1,1
LA PAZ,salud sexual y reproductiva,hemorragia del parto o puerperio,2005-12-01,2,2
LLALLAGUA,salud sexual y reproductiva,hemorragia del parto o puerperio,2005-12-01,2,2
MAGDALENA,salud sexual y reproductiva,hemorragia del parto o puerperio,2005-12-01,1,1
MONTERO,salud sexual y reproductiva,hemorragia del parto o puerperio,2005-12-01,1,1
ORURO,salud sexual y reproductiva,hemorragia del parto o puerperio,2005-12-01,3,3
PAZÑA,salud sexual y reproductiva,hemorragia del parto o puerperio,2005-12-01,1,1
PUCARANI,salud sexual y reproductiva,hemorragia del parto o puerperio,2005-12-01,2,2
RURRENABAQUE,salud sexual y reproductiva,hemorragia del parto o puerperio,2005-12-01,2,2
SACABA,salud sexual y reproductiva,hemorragia del parto o puerperio,2005-12-01,1,1
SACACA,salud sexual y reproductiva,hemorragia del parto o puerperio,2005-12-01,3,3
SAN ANDRES,salud sexual y reproductiva,hemorragia del parto o puerperio,2005-12-01,1,1
SAN CARLOS,salud sexual y reproductiva,hemorragia del parto o puerperio,2005-12-01,1,1
SAN IGNACIO,salud sexual y reproductiva,hemorragia del parto o puerperio,2005-12-01,1,1
SAN LUCAS,salud sexual y reproductiva,hemorragia del parto o puerperio,2005-12-01,1,1
SAN MATIAS,salud sexual y reproductiva,hemorragia del parto o puerperio,2005-12-01,2,2
SAN RAFAEL,salud sexual y reproductiva,hemorragia del parto o puerperio,2005-12-01,1,1
SANTA CRUZ DE LA SIERRA,salud sexual y reproductiva,hemorragia del parto o puerperio,2005-12-01,2,2
SANTA ROSA,salud sexual y reproductiva,hemorragia del parto o puerperio,2005-12-01,2,2
SOPACHUY,salud sexual y reproductiva,hemorragia del parto o puerperio,2005-12-01,1,1
SUCRE,salud sexual y reproductiva,hemorragia del parto o puerperio,2005-12-01,12,12
TARIJA,salud sexual y reproductiva,hemorragia del parto o puerperio,2005-12-01,6,6
TEOPONTE,salud sexual y reproductiva,hemorragia del parto o puerperio,2005-12-01,1,1
TORO TORO,salud sexual y reproductiva,hemorragia del parto o puerperio,2005-12-01,2,2
TRINIDAD,salud sexual y reproductiva,hemorragia del parto o puerperio,2005-12-01,1,1
UNCIA,salud sexual y reproductiva,hemorragia del parto o puerperio,2005-12-01,1,1
VILLAZON,salud sexual y reproductiva,hemorragia del parto o puerperio,2005-12-01,1,1
VINTO,salud sexual y reproductiva,hemorragia del parto o puerperio,2005-12-01,1,1
WARNES,salud sexual y reproductiva,hemorragia del parto o puerperio,2005-12-01,1,1
YAPACANI,salud sexual y reproductiva,hemorragia del parto o puerperio,2005-12-01,1,1
